"","pes21_occ_text"
"1",""
"2",""
"3",""
"4",""
"5","-99"
"6","baker"
"7","Homemaker"
"8","-99"
"9","food industry/grocery stocker"
"10",""
"11",""
"12",""
"13","serveuse"
"14","Enseignant au secondaire"
"15",""
"16","Apf"
"17",""
"18","Lawyer"
"19","Artist"
"20",""
"21","Computer product manager"
"22",""
"23","Aidante naturelle"
"24","Customer Service"
"25","unpaid caregiver"
"26","-99"
"27",""
"28",""
"29","MANAGER"
"30",""
"31",""
"32","Étudiante"
"33",""
"34",""
"35","Admin Assistant"
"36","Communications"
"37","Researcher"
"38","Owner of a small Company"
"39","infirmiere auxiliaire"
"40","Mécanicien protection incendie"
"41","paralegal"
"42","engineering clerk"
"43","Travailleur"
"44","Secrétaire"
"45","Shipper/receiver"
"46",""
"47",""
"48","designer graphique"
"49","operator"
"50","Retired"
"51","Laboratory Manager"
"52","temps partiel"
"53","Paramedic Supervisor"
"54","-99"
"55","-99"
"56","Adjointe administrative"
"57","-99"
"58","manager for a public utility"
"59","trust industry"
"60",""
"61","factrice rurale"
"62","Bus driver"
"63","technical writer"
"64","Registered Nurse"
"65","Technician"
"66",""
"67",""
"68",""
"69",""
"70","professional"
"71",""
"72","Communications consultant"
"73","Automotive"
"74",""
"75","Travailleuse sociale"
"76","-99"
"77",""
"78","Provincial Diabetes Coordinator"
"79","Store clerk"
"80",""
"81","employé federaux"
"82","Disabled"
"83","health care administrator"
"84",""
"85","Manager"
"86",""
"87","opérateur"
"88","Lube tech"
"89","Meat cutter"
"90","Teacher"
"91","Administrative assistant"
"92","Gestionnaire"
"93","engineer"
"94",""
"95","Disability supports"
"96","Business Analyst"
"97",""
"98","Security Officer"
"99",""
"100","Travailleur temps plein"
"101","Nurse"
"102",""
"103","Travailleur"
"104",""
"105","comptable-contrôleure"
"106",""
"107","-99"
"108","teacher"
"109",""
"110","Travailleur Autonme"
"111",""
"112","supervisor customer service"
"113",""
"114",""
"115","Cashier"
"116",""
"117",""
"118",""
"119","Acheteure"
"120","Architecte TI"
"121","Professor"
"122","consultant"
"123","School bus driver"
"124","Security"
"125",""
"126","homemaker"
"127","Substitute teacher"
"128",""
"129",""
"130",""
"131","Retail management"
"132","-99"
"133","Materials Controller"
"134",""
"135","Support services/admin"
"136","Dental assistant"
"137","Social Equity Consultant"
"138",""
"139","Lawyer"
"140","Union leader"
"141","-99"
"142",""
"143","railway worker"
"144","customer service"
"145","Engineer"
"146",""
"147","hygiéniste dentaire"
"148",""
"149","Technology"
"150","contremaître transport"
"151",""
"152",""
"153","manufacturier"
"154","Gérant des ventes"
"155","self employed"
"156",""
"157","Enseignant"
"158","Agent de soutien"
"159","insurance agent"
"160","-99"
"161",""
"162","Conseiller"
"163","Educatrice cpe"
"164","federal public servant"
"165","Technicien informatique"
"166","-99"
"167","RN"
"168","Warehouse supervisor"
"169",""
"170",""
"171",""
"172","Full time emplyed"
"173","Formatrice"
"174","Éducatrice garderie"
"175",""
"176","-99"
"177","Coiffeuse"
"178","Sales"
"179","Supervisor Manufacturing"
"180","Stay at home mom"
"181","-99"
"182","driver"
"183",""
"184",""
"185",""
"186","Informaticien"
"187","Student"
"188",""
"189",""
"190",""
"191","Financial Advisor"
"192","student"
"193",""
"194",""
"195","Bureau"
"196","économiste"
"197",""
"198",""
"199","Bank employee"
"200","educator"
"201","driver"
"202","Chemist"
"203",""
"204",""
"205","Educational consultant"
"206",""
"207","Clergy"
"208","travailleuse sociale"
"209","librarian"
"210","Administrative Assistant"
"211",""
"212","Employé temps plein gouvernement fédéral"
"213","Office Manager"
"214","-99"
"215",""
"216",""
"217",""
"218",""
"219",""
"220","avocat"
"221","Stratège"
"222",""
"223","banking"
"224","Fédéral Public Servant"
"225","Engineering Assistant"
"226","IT Professional"
"227","Manager"
"228","-99"
"229",""
"230",""
"231",""
"232","HR"
"233","Technology Manager"
"234","étudiante"
"235","grocery manager"
"236","retired"
"237",""
"238",""
"239",""
"240",""
"241","realtor"
"242","Retraite"
"243","Military"
"244","unemployed"
"245","Teacher"
"246","Administrative"
"247","Courtier assurance"
"248","IT Manager"
"249","transportation"
"250",""
"251","Payroll, accounts payable/receivable"
"252","Driver"
"253",""
"254","retired"
"255",""
"256","-99"
"257","Teacher"
"258","Génie civil"
"259","-99"
"260","IT Analyst"
"261","Technical writer aerospace"
"262",""
"263",""
"264",""
"265",""
"266","Behaviour Analyst"
"267","-99"
"268","Sales"
"269",""
"270","Manager"
"271",""
"272",""
"273","Teacher"
"274","Manager"
"275","Voyage"
"276","Secrétaire de direction"
"277","-99"
"278","Agente support technique"
"279","Manager"
"280",""
"281","-99"
"282","Conseillère pédagogique"
"283","Personal care attendant"
"284","Dir Gen. CEO d'un Port"
"285","Instructor"
"286","-99"
"287",""
"288","manager"
"289","Social work"
"290","Enseignante"
"291",""
"292","Professor"
"293",""
"294",""
"295","Étude temps plein"
"296","Dessinateur"
"297","Travail à temps plein"
"298","cc"
"299","Etudiant"
"300","Lpn"
"301","Conseiller"
"302","Employe temps plein"
"303",""
"304","IT Manager"
"305","Secretary"
"306","Building Manager"
"307",""
"308",""
"309",""
"310","IT Manager"
"311","housewife"
"312","professor"
"313",""
"314","Acteur-Ténor"
"315","Trucker"
"316",""
"317","-99"
"318","Opérateur Hydro-Québec"
"319","military"
"320","Travail temps plein"
"321","-99"
"322","Travail social retraité"
"323",""
"324","temps plein"
"325",""
"326","Bénévole en CHSLD"
"327",""
"328",""
"329","preposé"
"330",""
"331","Employé à temps plein"
"332",""
"333","Educator, technician"
"334",""
"335","Technicien de laboratoire"
"336","Environmental scientist"
"337","Travailleur à temps plein"
"338","Caregiver"
"339","Teacher"
"340","Municipal manager"
"341","employé temp plein"
"342","Pharmacist"
"343","-99"
"344",""
"345","-99"
"346","physiotherapist"
"347","psychologist"
"348","Truck mechanic"
"349","Mécanicien"
"350","-99"
"351","Library assistant"
"352",""
"353","-99"
"354",""
"355","facteur"
"356",""
"357","Technologistes médical"
"358",""
"359",""
"360","Accountant"
"361","Administration"
"362","-99"
"363","Business owner"
"364","Responsable financière dans unOSBL"
"365","dentist"
"366",""
"367","banker"
"368",""
"369","Commis"
"370","-99"
"371","Adult educator"
"372",""
"373","-99"
"374","-99"
"375",""
"376","préretraité"
"377","Refugee Protection Officer"
"378","teacher"
"379",""
"380",""
"381",""
"382","Manager"
"383",""
"384",""
"385","Retail"
"386","Diplomat and Senior Trade Commissioner"
"387",""
"388",""
"389","office"
"390","admin"
"391","-99"
"392","Customer service at a bank"
"393","-99"
"394",""
"395","help desk IT agent"
"396","Unemployed"
"397","not employed"
"398",""
"399","Quality Control"
"400","Administration"
"401",""
"402","Retired"
"403","Banker"
"404","Admin"
"405","RN"
"406","Long Term Care Aide"
"407","Administration"
"408","-99"
"409","Civil Engineer (PENG)"
"410","clerical"
"411","Investment"
"412","Telecom"
"413","travailleur autonome"
"414",""
"415",""
"416","Gestionnaire"
"417","Educator"
"418","Mechanics"
"419","Not employed right now"
"420",""
"421",""
"422",""
"423","Emergency Dispatch Retired"
"424","retail worker"
"425","Nurse"
"426",""
"427","office administrator"
"428","Investment Advisor"
"429",""
"430","Rentiere"
"431","Accountant"
"432","teacher"
"433","Dental Receptionist"
"434",""
"435","Préposé aux bénéficiaires"
"436","Inhalothérapeute"
"437","Teacher"
"438","Golf course superintendent"
"439",""
"440","engineer"
"441","-99"
"442","Director, Labou Relations"
"443",""
"444","File clerk"
"445","Infirmière clinicienne"
"446","Health care"
"447","NURSE"
"448","Cashier"
"449",""
"450","-99"
"451","University administration"
"452","medical representative"
"453",""
"454",""
"455","teacher"
"456","Registered Nurse"
"457",""
"458","Teacher"
"459","Retired"
"460","Occupational Therapist"
"461","-99"
"462",""
"463","student"
"464","Sales Director"
"465","Teacher"
"466",""
"467",""
"468","-99"
"469","Teacher"
"470","tech support"
"471","professional"
"472","Ergothérapeute"
"473","-99"
"474","Student"
"475","School Lunch Supervisor"
"476",""
"477","admin assistant"
"478","employés"
"479",""
"480","administrative assistant"
"481",""
"482","fonction publique québécoise"
"483","Student full time"
"484","Technicien ambulancier paramédic"
"485","Actuaire"
"486","Student"
"487","research"
"488","Préposé entretien ménager"
"489","Actor"
"490","Human Resources"
"491","-99"
"492",""
"493","Ferblantier"
"494",""
"495",""
"496",""
"497","Self employed"
"498","-99"
"499",""
"500","Mechanical Designer"
"501","Directeur de la  Qualité-Laboratoire"
"502",""
"503",""
"504","Analyst"
"505","Property Management"
"506",""
"507","Styliste coiffure"
"508","Fonctionnaire"
"509","Human Resources"
"510","Customer service"
"511","-99"
"512","-99"
"513","recreation coordinator"
"514","Software Engineer"
"515","Print customer service"
"516","ecrivaine"
"517","-99"
"518","Enseignant"
"519","Human Resources"
"520","retired"
"521","customer service"
"522","Enseignant"
"523",""
"524","Skilled tradesmen"
"525","Teacher"
"526",""
"527","IT"
"528","-99"
"529","manager"
"530","Enseignante"
"531",""
"532","Avocat"
"533","-99"
"534","Taxpayer Agent"
"535",""
"536",""
"537",""
"538","teacher"
"539","-99"
"540",""
"541","Office worker"
"542","-99"
"543","Manager"
"544","-99"
"545",""
"546",""
"547","-99"
"548","Teacher"
"549",""
"550",""
"551","medical microbiology"
"552","labourer"
"553","Custodian"
"554","Accounting"
"555","Enseignant"
"556",""
"557","social justice director"
"558","academic/psychologist"
"559","-99"
"560","Enseignant"
"561",""
"562",""
"563","Student"
"564",""
"565",""
"566",""
"567","Consultant"
"568","Employée"
"569","daycare supervisor"
"570","Payroll administration"
"571","FormerRN, Health&Safety specialist, now retired"
"572","Sales"
"573",""
"574","Commis à la Poste"
"575","Journalière usine pâtes et papiers"
"576","-99"
"577",""
"578","Sales manager"
"579",""
"580","Student"
"581",""
"582","menuisier"
"583","Driver"
"584",""
"585","Office"
"586","Conseiller à la vente"
"587","business executive"
"588",""
"589","CEO"
"590","-99"
"591","Retraite"
"592","préposée à la clientèle"
"593","Financial Analyst"
"594",""
"595","Fonctionnaires"
"596",""
"597","Financial advisor"
"598","president CEO of insurance brokerage"
"599",""
"600",""
"601",""
"602","-99"
"603","Administration"
"604","étudiant"
"605",""
"606",""
"607","Polar travel advisor"
"608","-99"
"609","Restaurant owner"
"610","Library Assistant"
"611","CSR"
"612",""
"613","Analyst"
"614","Éducatrice"
"615",""
"616","Enseignant"
"617",""
"618","Clerical/administration"
"619","Concierge"
"620","Printing"
"621","Employé de bureau"
"622","Registered nurse"
"623","System Administrator"
"624","landscaper"
"625","-99"
"626","Student"
"627",""
"628","Intervenante"
"629","-99"
"630",""
"631","Service"
"632","Student"
"633","General Manager"
"634",""
"635","surgeon"
"636",""
"637",""
"638","Risk manager"
"639","Fonctionnaire"
"640",""
"641","commerce"
"642","-99"
"643","Management Consultant"
"644","physician"
"645","Assistant gérant"
"646","fonctionnaire provincial"
"647",""
"648","Retired"
"649",""
"650","Power Smart Specialist"
"651",""
"652","Lab technician"
"653",""
"654","education"
"655","Student"
"656","Communications coordinator"
"657","Travail social"
"658","Interior Designer"
"659","Admin assistant"
"660","-99"
"661","Student"
"662","Unemployed"
"663",""
"664","Dentist"
"665",""
"666","Bookkeeper"
"667",""
"668","Stage Manager"
"669","-99"
"670","Coordinator"
"671","teacher"
"672","à la maison"
"673","-99"
"674","Police Officer"
"675",""
"676","Retail"
"677",""
"678","Military"
"679",""
"680","opérateur-conseillier"
"681","writer"
"682","Couturière"
"683","employee tech industry"
"684","-99"
"685",""
"686","Emploi à temps plein"
"687",""
"688","Emploi de bureau"
"689","Manager"
"690","SYSTEMS ANALYST"
"691","Admin Assistant"
"692","financial services"
"693","Real estate"
"694","retired"
"695",""
"696","Foster parent"
"697",""
"698","-99"
"699","Homemaker"
"700","Administrateur"
"701",""
"702",""
"703","Manager"
"704","-99"
"705","Technicienne paie"
"706",""
"707","Elect Engineer"
"708","enseignant"
"709","disabled"
"710",""
"711","Ingenieur"
"712","Homemaker"
"713",""
"714",""
"715",""
"716","Project manager"
"717","Editor - Writer"
"718",""
"719",""
"720",""
"721","Moa"
"722","sales"
"723",""
"724",""
"725","Chauffeure de bus à temps partiel"
"726",""
"727","gérante boulangerie"
"728","consultant"
"729","Foodservices"
"730","enseignement"
"731","Retired"
"732","Employée à temps plein"
"733","Computer Systems Engineer"
"734",""
"735","organizer"
"736",""
"737","Student"
"738",""
"739","Agriculteur"
"740","Advertising manager"
"741","Lawyer"
"742",""
"743","-99"
"744","Procurement"
"745","Real Estae Finance"
"746","Student"
"747","government national manager"
"748","Medical office administrator"
"749",""
"750","sans emploi"
"751",""
"752",""
"753","employé"
"754","secretary"
"755","-99"
"756","Consultant"
"757","Sales"
"758","FARM HAND"
"759","media"
"760",""
"761","administrative"
"762","sans emploi"
"763","Graphiste"
"764","educator"
"765","Federal Employee"
"766","banking"
"767","-99"
"768",""
"769","Musician"
"770",""
"771","Customer  service"
"772",""
"773","-99"
"774","gestionnaire"
"775","Millitaire"
"776","Conseilliere en finance"
"777","Nurse"
"778","Entrepreneur"
"779","Office manager"
"780",""
"781",""
"782",""
"783","customer service rep"
"784","disabled"
"785",""
"786","Ressources humaines"
"787",""
"788","Partner Manager"
"789","Business assistant"
"790","entertainment"
"791",""
"792","Production manager"
"793",""
"794","Teacher"
"795","Vendeur"
"796",""
"797",""
"798",""
"799","Security Officer"
"800",""
"801","-99"
"802",""
"803","Police officer"
"804","Planification financiere"
"805","Infirmière auxiliaire"
"806","-99"
"807","travailleur autonomw -conseiller marketing"
"808",""
"809","Teacher"
"810","Gestionnaire"
"811",""
"812","Relation d'aide, au communautaire, temps plein"
"813",""
"814",""
"815","Accountant"
"816","-99"
"817",""
"818","-99"
"819","traductrice"
"820",""
"821",""
"822","-99"
"823",""
"824",""
"825","electronic technician"
"826","Director"
"827",""
"828",""
"829","sales and marketing"
"830",""
"831",""
"832",""
"833","Self Employed"
"834","Teacher"
"835","Federal government administrator"
"836","Accountant"
"837",""
"838","Retired"
"839","Project Manager"
"840","student"
"841",""
"842","Disabled"
"843","Office administration"
"844","businessman"
"845",""
"846","Public sector"
"847","Advisor"
"848","consultant"
"849","Assembleuse"
"850","-99"
"851","Engineer"
"852",""
"853","Commis comptable"
"854","Planner"
"855","commis bibliothèque"
"856","Retired"
"857","-99"
"858","IT manager"
"859",""
"860","Accountant"
"861","health care worker"
"862",""
"863","Administration"
"864",""
"865","Sales consultant"
"866","Poli ier"
"867",""
"868",""
"869","-99"
"870",""
"871","Student"
"872",""
"873","-99"
"874","Database Administrator"
"875","Professional artist"
"876","Homemaker"
"877","retraité"
"878","Teacher"
"879","temps plein"
"880","Piano teacher"
"881","Médecin"
"882","-99"
"883","electrician"
"884","childcare"
"885","Business IT Consultant"
"886","Secretary"
"887",""
"888","education assistant"
"889","lawyer"
"890","-99"
"891","Chemist"
"892",""
"893","Scheduler"
"894",""
"895","Travailleur"
"896","Sales"
"897",""
"898",""
"899","Survey taker"
"900","Manager in Public Service"
"901","Accounting Clerk"
"902",""
"903","-99"
"904","Postal Worker"
"905","Technical writer"
"906","Accountant"
"907","Financial planner"
"908",""
"909","retraité"
"910","Étudiant"
"911","Chief Digital Officer"
"912","Cuisinier"
"913","-99"
"914","school bus driver"
"915",""
"916","Social worker"
"917","Research Coordinator"
"918","House wife"
"919","Procurement Manager"
"920",""
"921","lawyer"
"922","Services Administrator"
"923","Business man."
"924",""
"925",""
"926","Accountant"
"927","former restaurant manager"
"928",""
"929",""
"930",""
"931","Legal Assistant"
"932",""
"933","Healthcare military"
"934","Clerk"
"935","SALES"
"936",""
"937",""
"938",""
"939","Superviseur"
"940",""
"941","Serveuse"
"942","Supervisor"
"943",""
"944","-99"
"945",""
"946","Coordinateur"
"947",""
"948",""
"949","Chomage"
"950",""
"951","Finance"
"952","Secrétaire"
"953","Social Worker"
"954","Secrétaire de direction"
"955","admin assistant"
"956","Community Mental health worker"
"957",""
"958","-99"
"959","DIRECTEUR"
"960","Administrateur"
"961","Customer Service"
"962","Enseignant"
"963","Teacher"
"964","VP Retail Operation"
"965",""
"966",""
"967",""
"968","Refinery worker"
"969","-99"
"970",""
"971",""
"972","Draftsperson"
"973","medical laboratory technologist"
"974",""
"975","Audio Visual manager"
"976","Residential counselor"
"977","Retired"
"978","-99"
"979","-99"
"980","Self employed"
"981","Teacher"
"982",""
"983","writer"
"984","Consultant"
"985","informaticien"
"986","Maintenance Manager"
"987","Writer"
"988","-99"
"989","Oil & Gas"
"990","mlt"
"991","Computer programmer"
"992",""
"993","Flight attendant"
"994","Sales"
"995","Information Technology"
"996","Sales"
"997","étudiante"
"998","Retail manager"
"999","Éducatrice"
"1000","Training"
"1001",""
"1002","social media advisor"
"1003","business owner"
"1004",""
"1005","adjointe"
"1006","technicien professionnel"
"1007","-99"
"1008","Bookkeeper"
"1009","économiste"
"1010","self employed"
"1011","Étudiante"
"1012",""
"1013","SALES"
"1014","Deli Clerk"
"1015","Policier"
"1016",""
"1017","courtier"
"1018","-99"
"1019",""
"1020","MANAGER"
"1021",""
"1022","IT Manager"
"1023",""
"1024",""
"1025","Technician"
"1026","Col bleu"
"1027","-99"
"1028","Machinist"
"1029","Student"
"1030","Logistics"
"1031","Student"
"1032","plomberie chauffage"
"1033",""
"1034","IT"
"1035",""
"1036",""
"1037","Sales"
"1038","-99"
"1039",""
"1040","-99"
"1041",""
"1042",""
"1043",""
"1044","Health care worker"
"1045",""
"1046","Bus Driver"
"1047","Registered nurse"
"1048",""
"1049","Growth executive - sales"
"1050","Disabled"
"1051","technicienne bureau"
"1052","-99"
"1053",""
"1054",""
"1055",""
"1056",""
"1057","Claims"
"1058","Marketing Assistant"
"1059",""
"1060","federal govt clerk"
"1061","agente gestion de projets"
"1062","court manager"
"1063",""
"1064",""
"1065","idk"
"1066","-99"
"1067",""
"1068","custodian"
"1069","Civil servant"
"1070","Retire"
"1071","Cz service"
"1072","-99"
"1073","Homemaker"
"1074","Manager"
"1075","administrator"
"1076",""
"1077","journalist"
"1078","Analyst"
"1079",""
"1080","home maker"
"1081",""
"1082",""
"1083","Student"
"1084","Analyste en risques et opérations"
"1085",""
"1086","Fraud analyst"
"1087","Banker"
"1088","Fulfillment officer"
"1089",""
"1090","Customer service"
"1091","Mother"
"1092",""
"1093",""
"1094","Respiratory Therapist"
"1095","Physiothérapeute"
"1096",""
"1097","Director of sales"
"1098",""
"1099","Retired"
"1100","Courier"
"1101","MANAGER"
"1102","Infirmière"
"1103","Graphic designer"
"1104",""
"1105","HR manager"
"1106","Environmental services"
"1107",""
"1108","teacher"
"1109","Baker"
"1110","Driver"
"1111","Préposée aux beneficiaires"
"1112","Bus Driver"
"1113","adminstration"
"1114","teacher"
"1115","travailleur"
"1116","CFO"
"1117","Accountant"
"1118",""
"1119","Cleaner"
"1120",""
"1121","Social worker"
"1122","Management consultant"
"1123","Retraitée"
"1124",""
"1125","Public servant"
"1126","Disabled"
"1127","Homemaker"
"1128","tech"
"1129","Uber eats"
"1130","enseignante au secondaire"
"1131","student / independent worker"
"1132","Homemaker"
"1133","-99"
"1134",""
"1135",""
"1136","Esthetician"
"1137","Educator"
"1138","General Manager"
"1139",""
"1140","-99"
"1141","Higher Education Admin"
"1142","Travailleur temps gestionnaire gouvernement provincial"
"1143","Baker"
"1144",""
"1145","-99"
"1146","Property Manager"
"1147",""
"1148","invalide"
"1149","Ultrasound Technologist"
"1150","Homemaker"
"1151",""
"1152","SUPERVISOR"
"1153","Artist"
"1154","Gestionnaire"
"1155","Admn Assistant"
"1156","Enseignant"
"1157",""
"1158","Private Investigator"
"1159",""
"1160",""
"1161",""
"1162","Army Officer/Engineer"
"1163","Preposer aux soins"
"1164","Child care services"
"1165",""
"1166","accountant"
"1167","-99"
"1168","aubergiste"
"1169",""
"1170","event planner"
"1171","directeur ventes"
"1172",""
"1173","Student"
"1174","office worker"
"1175","Retail"
"1176","à la maison"
"1177","-99"
"1178","Teacher"
"1179","-99"
"1180","Project Manager"
"1181","Chemist"
"1182",""
"1183","Secrétariat"
"1184","Clerical"
"1185","Pharmaceutical sales"
"1186","Registered Nurse"
"1187","Nurse"
"1188","-99"
"1189",""
"1190","Chartered accountant"
"1191",""
"1192",""
"1193","translator"
"1194","Restauratrice de meubles"
"1195","Fonctionnaire"
"1196","Technician"
"1197","Student"
"1198",""
"1199",""
"1200","Administration assistant"
"1201","Service technician"
"1202","Éducatrice spécialisée"
"1203",""
"1204","Sales Manager"
"1205","teacher"
"1206","Monteur de ligne"
"1207",""
"1208","Manager"
"1209",""
"1210","Vente automobile"
"1211",""
"1212","Driver"
"1213",""
"1214",""
"1215","Retired"
"1216","-99"
"1217","mixer operator"
"1218",""
"1219","directeur de l'administration"
"1220","professional"
"1221","officier aupres des cours de justice"
"1222","Insurance administrator"
"1223",""
"1224","lab technician"
"1225","Opérateure dans une industrie métallurgique"
"1226",""
"1227","assistant manager"
"1228","Pharmacist"
"1229","Health care aid"
"1230","Product Manager"
"1231","Early childhood Educator"
"1232","Travailleuse à temps pleins"
"1233","Chômage"
"1234",""
"1235","Administrative Assistant"
"1236","Direction Ressources Intermédiaires"
"1237","RN"
"1238","Nurse"
"1239","Business management"
"1240","Cont"
"1241","Management"
"1242",""
"1243","Buyer"
"1244",""
"1245","Police officer"
"1246","-99"
"1247","HR Business Partner"
"1248",""
"1249","Instructor"
"1250","Information technology"
"1251","Corrections Officer"
"1252","clerical"
"1253",""
"1254",""
"1255","Agent"
"1256","-99"
"1257","-99"
"1258","manager of IS operations PMO for a telecom company"
"1259","student"
"1260","sais pas"
"1261","student"
"1262","Librarian"
"1263","Psychologue"
"1264",""
"1265","Office Admin"
"1266",""
"1267","professionnel - assurance"
"1268","construction"
"1269","Cashier"
"1270",""
"1271","Professor"
"1272","Employée à temps plein"
"1273",""
"1274","gig economy contractor"
"1275","airline pilot"
"1276","administration"
"1277","business owner"
"1278",""
"1279","travailleur autonome"
"1280","transportation"
"1281","Social service"
"1282","Service à la clientèle"
"1283","temps plein"
"1284","Directeur de comptes"
"1285","Homecare"
"1286","Office Manager"
"1287",""
"1288","College Professor"
"1289","technician"
"1290",""
"1291","Bookkeeper Retired"
"1292","Educator"
"1293","Ski resort manager"
"1294","comptable"
"1295","Teacher"
"1296",""
"1297","writer"
"1298","Entraineur"
"1299","Teacher"
"1300","Financial analyst"
"1301","-99"
"1302","Educator"
"1303","trampoline coach"
"1304","Bookkeeper"
"1305",""
"1306","avocat"
"1307","Forest Ecologist"
"1308",""
"1309",""
"1310","merchandiser"
"1311","Professor"
"1312",""
"1313",""
"1314",""
"1315","healthcare"
"1316","student"
"1317","Fonctionnaire Provincial"
"1318",""
"1319","Teacher"
"1320","former small business owner"
"1321","Manager"
"1322",""
"1323","Sans emploi"
"1324",""
"1325","Auditor."
"1326","Cust Serv Rep"
"1327",""
"1328","Behavioural Therapist"
"1329","Cival Servant"
"1330","Administration"
"1331","Administrative Assistant"
"1332","Étudiant"
"1333",""
"1334","-99"
"1335",""
"1336","School custodian"
"1337","Dentiste"
"1338","Archiviste"
"1339","teacher"
"1340","Dietitian"
"1341",""
"1342","Teacher"
"1343",""
"1344","Étudiante"
"1345",""
"1346","conseiller en rh"
"1347","manager"
"1348",""
"1349",""
"1350",""
"1351","childcare"
"1352","retail"
"1353","Product Specialist"
"1354","Retail store manager"
"1355",""
"1356","IT Security"
"1357","team lead"
"1358","-99"
"1359","Pompier"
"1360","-99"
"1361",""
"1362","Sales"
"1363","-99"
"1364","Artist"
"1365",""
"1366"," retired"
"1367","-99"
"1368","-99"
"1369",""
"1370","Systems support"
"1371","-99"
"1372","comptable"
"1373",""
"1374","-99"
"1375","homemaker"
"1376","dental assistant"
"1377","Marketing consultant"
"1378","Analyste informatique"
"1379","soudeur"
"1380",""
"1381","enseignant"
"1382","-99"
"1383",""
"1384","Coordonnatrice aux ventes"
"1385","Electronics technician"
"1386","Salarié"
"1387","conseillere en rémunération"
"1388","-99"
"1389",""
"1390","aucun"
"1391","Professeur"
"1392",""
"1393","Photographer"
"1394","Purchasing Manager"
"1395",""
"1396","Administrator"
"1397","Directrice ressources humaines"
"1398","Sales"
"1399",""
"1400","HR Systems Analyst"
"1401","Customer service"
"1402","Procurement Specialist"
"1403",""
"1404","handicapé- concepteur de réseau"
"1405",""
"1406",""
"1407","Police officer retired"
"1408","Mechanical support"
"1409",""
"1410","IT Manager"
"1411",""
"1412","Travel agent"
"1413","Accountant"
"1414","Death Investigation"
"1415","Power engineer"
"1416",""
"1417","-99"
"1418",""
"1419","Pharmacien propriétaire"
"1420","Professionnelle"
"1421","Human Resources"
"1422","Sander"
"1423",""
"1424","Full time student part time weight loss consultant"
"1425","Direction TI"
"1426","Full time teaching assistant"
"1427","Employé de la Fonction publique du Canada"
"1428","Travailleur à temps plein"
"1429","teacher"
"1430",""
"1431",""
"1432","-99"
"1433",""
"1434","Administration publique"
"1435","teacher"
"1436","sales"
"1437","Directeur de CPE"
"1438","Professor"
"1439","office manager"
"1440","Work"
"1441","coordonatrice aux projets (publicité)"
"1442","Étudiante"
"1443","farm"
"1444",""
"1445","-99"
"1446","Actor"
"1447","Enseignante"
"1448","labourer"
"1449","-99"
"1450","Travailleurs construction"
"1451","Homemaker"
"1452","-99"
"1453","Finance"
"1454","Transportation Services Manager"
"1455","office worker"
"1456","general manager"
"1457","-99"
"1458","Instructional Designer"
"1459","Customer service manager"
"1460","Resource Agent"
"1461","Veterinarian"
"1462","Teacher"
"1463","IT Systems Architect"
"1464",""
"1465","Retired"
"1466",""
"1467","Admin Support"
"1468",""
"1469",""
"1470","Gestionnaire municipal"
"1471","Psychoeducatrice"
"1472","temps plein"
"1473","-99"
"1474","retired"
"1475",""
"1476","child and youth worker"
"1477","Retraité"
"1478","-99"
"1479","civil servant"
"1480","militaire"
"1481",""
"1482",""
"1483",""
"1484","Educational assistant"
"1485","Sr Managar"
"1486",""
"1487","Conseiller en communication"
"1488","Retired"
"1489","Investments"
"1490","self employed part time"
"1491",""
"1492","disabled"
"1493",""
"1494",""
"1495","-99"
"1496","N/A. On ODSP"
"1497","Gestion informatique"
"1498",""
"1499","Maintenance"
"1500","programmer"
"1501","educator"
"1502","automotive parts manager"
"1503","-99"
"1504",""
"1505","Homemaker"
"1506","Supervisor"
"1507",""
"1508","Flight crew"
"1509","Self Employed"
"1510","Home"
"1511","Retired"
"1512",""
"1513",""
"1514",""
"1515","Travaille de bureau temps plein"
"1516",""
"1517","Teacher"
"1518","Retraitée"
"1519","Retired library technician"
"1520","Union officers"
"1521",""
"1522",""
"1523","Teacher"
"1524",""
"1525","retraite"
"1526","-99"
"1527","-99"
"1528","Étudiante"
"1529","Video Editor"
"1530",""
"1531","Opérateur"
"1532","Signaleuse"
"1533","Marketing Manager"
"1534","enseignant"
"1535","financial administrator"
"1536",""
"1537","Education"
"1538","retraite"
"1539","-99"
"1540",""
"1541","etudiante"
"1542",""
"1543",""
"1544","business owner"
"1545",""
"1546","Lab technologist"
"1547",""
"1548","Public service assistant, local government"
"1549","business executive"
"1550",""
"1551","free lancer"
"1552","Procurement & Logistics Processor"
"1553","-99"
"1554","Manual labour"
"1555","Educator"
"1556",""
"1557",""
"1558","Dental hygienist"
"1559","Administrative assistant"
"1560","-99"
"1561",""
"1562","Information Technology"
"1563","enseignante"
"1564","Business Analyst Consultant"
"1565","DSP"
"1566","Front Desk Supervisor"
"1567","Finance"
"1568","Infirmiere"
"1569",""
"1570",""
"1571","-99"
"1572",""
"1573","insurance"
"1574",""
"1575",""
"1576",""
"1577","Bookkeeper retired"
"1578","enseignante"
"1579","Social worker"
"1580","child protection worker"
"1581",""
"1582","Sales"
"1583","executive"
"1584","Retired now. Was administrative assistant."
"1585","Sales"
"1586","Office Manager"
"1587",""
"1588",""
"1589","-99"
"1590","Sales Representative"
"1591","-99"
"1592",""
"1593","nursing professor"
"1594","Realtor"
"1595","-99"
"1596","correctrice"
"1597","Développeur logiciel"
"1598",""
"1599","Travailleur à temps plein"
"1600","-99"
"1601","agt service clientèle"
"1602","Theatre manager"
"1603","part time self-employed."
"1604","Homemaker"
"1605","college teacher"
"1606","computer installation"
"1607","Agriculture"
"1608","housewife"
"1609","-99"
"1610","aide bibliothèque"
"1611","Journalier"
"1612","Engineer"
"1613",""
"1614","General labourer"
"1615","bus driver"
"1616",""
"1617","Professional"
"1618","analyste"
"1619",""
"1620",""
"1621",""
"1622",""
"1623",""
"1624","-99"
"1625","Software developer"
"1626","Currently looking for work."
"1627","Provincial civil servant"
"1628","Étudiant"
"1629",""
"1630","Educator"
"1631","HR"
"1632",""
"1633","Étudiante"
"1634",""
"1635","Tax preparer/accountant"
"1636",""
"1637","media technician"
"1638",""
"1639",""
"1640","Chargée de projets en culture"
"1641","universitaire"
"1642","data entry clerk"
"1643","-99"
"1644","-99"
"1645",""
"1646","security"
"1647",""
"1648","-99"
"1649","Hospital administration"
"1650",""
"1651","unemployed"
"1652","Account"
"1653","-99"
"1654","Analyst"
"1655","Baker"
"1656","Retired from Sales Admin"
"1657","oil"
"1658","administrateur systeme informatique"
"1659","marketing"
"1660","Mechanic"
"1661","accounting"
"1662","Gestion"
"1663","Hairstylist"
"1664",""
"1665","Directeur de Caisse Populaire"
"1666","Gestion"
"1667",""
"1668","Process Operator"
"1669","Temps plein travail"
"1670","Teacher"
"1671","Teacher and Social Worker"
"1672","Petroloeum  Consultant"
"1673",""
"1674",""
"1675","Gérant de pharmacie"
"1676",""
"1677",""
"1678",""
"1679","Manager"
"1680","none"
"1681",""
"1682","Construction"
"1683","policy analyst"
"1684","employe a temps plein"
"1685","outside sales"
"1686","Lawyer"
"1687","IT Project Manager"
"1688","Manager of Executive Office"
"1689","-99"
"1690","Electronics Tecnician"
"1691","Physician"
"1692","Construction Foreman"
"1693","Journalier"
"1694","enseignant"
"1695",""
"1696",""
"1697","Sales"
"1698","Lawyer"
"1699",""
"1700","StatCan Survey Interviewer"
"1701","Labourer"
"1702",""
"1703",""
"1704","Camionneur"
"1705","Adjointe administrative"
"1706","-99"
"1707","Gestionnaire en affaires publiques"
"1708","Evaluateur immobilier"
"1709","Professeure"
"1710","-99"
"1711","self employed"
"1712","-99"
"1713","Self employed"
"1714","Federal Public Servant"
"1715","lawyer"
"1716",""
"1717","SALES MANAGEMENT"
"1718",""
"1719",""
"1720","Food and Nutrition Supervisor"
"1721","athletic therapist"
"1722","Student"
"1723","-99"
"1724",""
"1725",""
"1726","Marketing manager"
"1727","Conseillère en communication"
"1728","Retail stores"
"1729",""
"1730","Educational assistant"
"1731",""
"1732","systems programmer"
"1733","-99"
"1734","Sales"
"1735","ESL teacher"
"1736",""
"1737",""
"1738","Fonctionnaire"
"1739",""
"1740","retraité"
"1741","Government agent"
"1742","Technicien informatiques"
"1743","téléphoniste"
"1744",""
"1745","professional"
"1746","data entry for correspondence school"
"1747","professeur"
"1748","Retraitée"
"1749","retired teacher"
"1750",""
"1751","home"
"1752","-99"
"1753","chiropractor"
"1754","chiropodist"
"1755",""
"1756",""
"1757",""
"1758",""
"1759","Facteur"
"1760","Graphic Designer"
"1761","Agent de bureau"
"1762","Mechanical Engineer"
"1763","property management"
"1764","Executive"
"1765","Spécialiste en sécurité routière"
"1766",""
"1767","-99"
"1768","retired"
"1769","Administrative support health care"
"1770","Manager"
"1771","enseignante"
"1772","retired, occupation"
"1773","travel"
"1774","verificateur aeronautique"
"1775","millwright"
"1776","Mid mgmt"
"1777","peintre"
"1778","-99"
"1779","Electrician"
"1780","gestionnaire"
"1781","-99"
"1782","DIRECTRICE"
"1783","Student aid administrator"
"1784","admin"
"1785","Retired"
"1786",""
"1787","Administration"
"1788",""
"1789","Opérateur de mélangeur"
"1790","CAO"
"1791",""
"1792","Occupational Therapist"
"1793","Comptable"
"1794","Postal clerk"
"1795","Medical Secretary, retired now"
"1796",""
"1797",""
"1798","Engineering technologist"
"1799","directeur"
"1800",""
"1801",""
"1802","employe"
"1803","Ressources humaines"
"1804","Video producer"
"1805","Specialist"
"1806","banquier"
"1807","Adjointe administrative"
"1808","Préposée aux renseignements"
"1809",""
"1810","-99"
"1811","-99"
"1812","Civil Servant"
"1813","Secondary Teacher/Guidance Counsellor"
"1814","teacher"
"1815",""
"1816","Teacher"
"1817","Employé de bureau"
"1818","retired"
"1819",""
"1820",""
"1821",""
"1822",""
"1823","-99"
"1824",""
"1825","Sales"
"1826",""
"1827","Accounting Manager"
"1828","Pharmacist, Pharmacy Systems Specialist"
"1829","maths teacher (CEGEP)"
"1830","it"
"1831","Représentant"
"1832","Student"
"1833",""
"1834","Technicienne en documentation"
"1835","Infirmier"
"1836",""
"1837",""
"1838",""
"1839","Business owner"
"1840","retired"
"1841","Transportation"
"1842","Sales"
"1843","Information Technology"
"1844","Research Scientist"
"1845",""
"1846","Currently Unemployed"
"1847","-99"
"1848","travailleur autonome"
"1849","-99"
"1850","Business Analyst"
"1851",""
"1852","Bookkeeper"
"1853","-99"
"1854","Technologue en imagerie médicale"
"1855","Agent de sécurité"
"1856","accountant"
"1857","Travailleuse"
"1858",""
"1859","Executive chef in a bbq smokehouse"
"1860","Éducatrice spécialisée"
"1861",""
"1862","Pastor"
"1863",""
"1864","Superviseur de production"
"1865","Architecte"
"1866",""
"1867","engineer"
"1868",""
"1869","Comptable"
"1870","Consultant"
"1871","Marketing"
"1872",""
"1873","enquêteur"
"1874","-99"
"1875","Programmer"
"1876","social worker"
"1877",""
"1878","Research Coordinator"
"1879","administration"
"1880",""
"1881","-99"
"1882","-99"
"1883",""
"1884",""
"1885",""
"1886","Director"
"1887","-99"
"1888","Assistant"
"1889","Physical Damage Adjuster"
"1890","Project manager"
"1891",""
"1892","Driver"
"1893","-99"
"1894","Student"
"1895","-99"
"1896","Waiter"
"1897","nurse"
"1898","manager"
"1899","Translator"
"1900","SCM Professional"
"1901","Compliance Specialist"
"1902","Property Assessor"
"1903",""
"1904","Technicien aménagement"
"1905","Financial officer"
"1906","Analyst"
"1907","maison"
"1908","Union Rep"
"1909","Travail"
"1910","Information Security Analyst"
"1911","first journalism (37yr) then retail (9 yr)"
"1912",""
"1913","student"
"1914","Wildlife Biologist"
"1915","COOK"
"1916","conseiller financier"
"1917",""
"1918",""
"1919","-99"
"1920","Boulanger"
"1921","Étudiante"
"1922","SERVER"
"1923",""
"1924","-99"
"1925","brigadière scolaire"
"1926",""
"1927","Conseiller en régime de retraite"
"1928","Analyste"
"1929","Tutor"
"1930",""
"1931",""
"1932","computer bookkeeper"
"1933",""
"1934",""
"1935","Education"
"1936","Marketing and Communications"
"1937","Student"
"1938",""
"1939","Manual labour"
"1940",""
"1941","-99"
"1942","Business Executive"
"1943","health care"
"1944","teacher"
"1945","Medical Laboratory Assistant"
"1946",""
"1947","truck driver"
"1948","electronics technologist"
"1949","Publishing"
"1950","Bookkeeper"
"1951","Planification financière"
"1952","business owner"
"1953","Home"
"1954","-99"
"1955","Secrétaire"
"1956","Fonctionnaire"
"1957","Retired"
"1958","-99"
"1959","Dhdhjd"
"1960","Project Manager"
"1961",""
"1962",""
"1963","Mortgage Broker"
"1964","Graphics Designer"
"1965","office admin"
"1966","Business Analyst"
"1967","Automotive"
"1968","Ingénieur"
"1969","mechanic"
"1970","Distributeur alimentaire et importateur"
"1971",""
"1972",""
"1973","V P administration"
"1974","Nurse"
"1975",""
"1976","customer care"
"1977","Commis"
"1978","Educational assistant"
"1979",""
"1980","Directeur"
"1981",""
"1982","-99"
"1983","gkdh"
"1984","Pedagogical Consultant"
"1985","navigateur flotte fédérale"
"1986","consultant en télécomm"
"1987","Host"
"1988","Student"
"1989","Orthopédagogue"
"1990","Manager"
"1991","Sécurité civile"
"1992","Stay at home mom"
"1993",""
"1994","-99"
"1995",""
"1996","Enseignante"
"1997","Travailleuse autonome semi retraitée"
"1998","Curator"
"1999",""
"2000",""
"2001","Nurse"
"2002","Financial Analyst"
"2003","peace officer"
"2004","Policier"
"2005","-99"
"2006","Infirmière"
"2007",""
"2008","adminstrative assistant"
"2009","Sales"
"2010","-99"
"2011","Social Work"
"2012","Invalidité"
"2013","Homemaker"
"2014","Self-Employed (Work from Home)"
"2015","-99"
"2016","Représentant sur la route"
"2017",""
"2018","-99"
"2019","Sales"
"2020",""
"2021","cook"
"2022","Vice president application development"
"2023","Lawyer"
"2024","Technologist"
"2025","Business Analyst"
"2026",""
"2027",""
"2028","retail management"
"2029",""
"2030",""
"2031",""
"2032",""
"2033","supervisor"
"2034","Attachée clientele"
"2035","Retraités"
"2036",""
"2037",""
"2038","gestionnaire en horticulture"
"2039","manager"
"2040","invalide"
"2041","-99"
"2042","adjointe aux ventes"
"2043","hockey administrator"
"2044","Vendeur"
"2045",""
"2046",""
"2047",""
"2048",""
"2049",""
"2050","Engineer"
"2051","gérante au maxi"
"2052",""
"2053","technicien"
"2054",""
"2055",""
"2056",""
"2057","Enseignante"
"2058","Registered Nurse"
"2059","glass cutter"
"2060","-99"
"2061","Agronome"
"2062","office admin"
"2063","Directeur regional"
"2064","fonctionnaire"
"2065","Adjointe administrative"
"2066",""
"2067","contultant"
"2068","TA"
"2069","Painting Contractor / retired"
"2070","Special Education Teacher"
"2071","Disabled"
"2072","Trainer"
"2073","Professionnelle au gouvernement provincial"
"2074","Sales representative"
"2075","Accountant"
"2076","Saisie de données Excel"
"2077","Chef de train"
"2078","Disabled"
"2079","-99"
"2080","Manager, admin"
"2081",""
"2082","Adjointe administrative"
"2083","child care"
"2084","gkbjkj"
"2085","Purchaser"
"2086",""
"2087","Travailleuse à temps plein"
"2088",""
"2089","Creative Artist"
"2090","fhfg"
"2091",""
"2092","Switchboard/receptionist"
"2093","Professional Engineer"
"2094","Community Relations Manager, Janssen Inc."
"2095",""
"2096","retraite"
"2097","Sales manager"
"2098",""
"2099",""
"2100","DIrectrice"
"2101","Admin"
"2102","Teacher"
"2103","Retired"
"2104","consulting"
"2105","Coordinator"
"2106","directeur"
"2107","-99"
"2108","Insurance broker"
"2109","Travailleur autonome"
"2110",""
"2111",""
"2112",""
"2113","Sales"
"2114",""
"2115","retired"
"2116","none"
"2117","Public Servant"
"2118","Consultant"
"2119",""
"2120","-99"
"2121","Interior Designer"
"2122","property assessor"
"2123","journalist"
"2124","fonctionnaire"
"2125","Sales Rep"
"2126","homemaker"
"2127","Administration"
"2128",""
"2129","Appliance Service Technician"
"2130","human resources consultant"
"2131","Technician-Supervisor"
"2132","School principal"
"2133","IT Specialist"
"2134",""
"2135",""
"2136","Retired"
"2137","Student"
"2138","Teaching"
"2139",""
"2140","Administrator"
"2141","-99"
"2142",""
"2143",""
"2144",""
"2145","clerk/cashier"
"2146","Retraite"
"2147","Bookkeeper"
"2148",""
"2149","Counsellor"
"2150",""
"2151","Teacher"
"2152","RN"
"2153","Military Officer"
"2154","Nurse"
"2155",""
"2156","Bookkeeper"
"2157","Analyste en procédés administratifs"
"2158","Retired According"
"2159","mail and records clerk"
"2160","Clerk"
"2161",""
"2162","-99"
"2163","Sales"
"2164",""
"2165","-99"
"2166",""
"2167","truck driver"
"2168","-99"
"2169",""
"2170","Travail de bureau"
"2171","Tradesman"
"2172",""
"2173","Invalidité"
"2174","Screeber"
"2175","Software Designer"
"2176",""
"2177",""
"2178",""
"2179",""
"2180","Telecom"
"2181","Homecare worker"
"2182","-99"
"2183","-99"
"2184","Electricien"
"2185","Operations Manager"
"2186","domaine éducatif à temps partiel"
"2187","computer programmer"
"2188","Au foyer"
"2189","Retraitée"
"2190","Emploi temps plein"
"2191","conseiller en indemnisation"
"2192","Analyst"
"2193","Education"
"2194",""
"2195",""
"2196","Directeurs des ventes"
"2197","educator"
"2198","Driver"
"2199",""
"2200",""
"2201",""
"2202","Designer"
"2203",""
"2204","ouvrier"
"2205","real Estate"
"2206","retired RN"
"2207","Retraité"
"2208","Chiropractor"
"2209","customer service"
"2210","IT"
"2211","-99"
"2212",""
"2213",""
"2214","Étudiant"
"2215",""
"2216","Construction"
"2217","Gestionnaire"
"2218",""
"2219","Self employed courier"
"2220",""
"2221","Oilfield heavy equipment operator"
"2222","Educator"
"2223","-99"
"2224",""
"2225","Insurance Broker"
"2226","Police Officer & Reserve Military"
"2227","Ressources Humaines"
"2228","Medical Aesthetician"
"2229","Retired"
"2230","Gérante Radiologie"
"2231","Formateur à Hydro Québec"
"2232","Games dealer"
"2233","Engineer"
"2234",""
"2235","IT Worker"
"2236","Teacher"
"2237","eco-conseillère"
"2238","Engineer"
"2239","Fitness Instructor"
"2240","Retraité"
"2241",""
"2242","manual labour"
"2243","teacher"
"2244","Part time labourer"
"2245","Carolifugeuse"
"2246","Project Manager"
"2247","Fonctionnaire"
"2248","Healthcare management"
"2249","Student"
"2250","Innkeeper"
"2251","Accounting"
"2252","Postal worker"
"2253","retired"
"2254",""
"2255","travail"
"2256","Oil Field Consultant"
"2257","unemployed"
"2258",""
"2259","Student"
"2260","Clerk"
"2261",""
"2262",""
"2263","Retired"
"2264","Policier"
"2265","Student"
"2266","therapist"
"2267","Printer"
"2268","Spécialiste en gestion d'espace"
"2269",""
"2270","Professor"
"2271","Prêtre"
"2272","Terminal Manager"
"2273","Premium attendant at sports arena"
"2274",""
"2275","-99"
"2276",""
"2277","-99"
"2278","Accountant"
"2279","Pet store employee"
"2280",""
"2281","-99"
"2282","-99"
"2283",""
"2284",""
"2285","Operations Manager"
"2286",""
"2287",""
"2288","Education"
"2289","retied teacher"
"2290","-99"
"2291","Contracts Specialist"
"2292","Retail Clerk"
"2293","Teacher"
"2294","-99"
"2295","Customer service associate"
"2296","Acoounting"
"2297","Nurse"
"2298","Human Resources"
"2299","Office Administrator"
"2300","Administration"
"2301","informaticien"
"2302","Enseignante retraitée"
"2303",""
"2304","student"
"2305",""
"2306",""
"2307","sales and marketing"
"2308","Federal government"
"2309","-99"
"2310","retired social worker"
"2311","retraité"
"2312","data science"
"2313","-99"
"2314","Personal shopper"
"2315","Assistant Manager, retail"
"2316",""
"2317","Emploi temps partiel"
"2318","ouvrier de voirie"
"2319","Customer service"
"2320","Canada Border Services"
"2321","none"
"2322",""
"2323","Financial"
"2324",""
"2325",""
"2326","Travailleur temps plein"
"2327","CONSTRUCTION"
"2328",""
"2329","TRAVAILLEUR SECTEUR TECHNIQUE ENTREPRISE PRIVÉ"
"2330","student"
"2331","-99"
"2332","OT"
"2333","-99"
"2334","hr"
"2335","self employed game developer"
"2336","Executive Assistant"
"2337",""
"2338","Travail"
"2339",""
"2340","Etudiant"
"2341",""
"2342",""
"2343",""
"2344",""
"2345","Dental assistant"
"2346",""
"2347","Seeking employment"
"2348","Tradesman"
"2349","Adjointe administrative"
"2350","manager"
"2351",""
"2352","-99"
"2353","Student"
"2354","Étudiante"
"2355","Sales"
"2356","-99"
"2357","-99"
"2358","Enseignant"
"2359","Consultant en informatique"
"2360","Student"
"2361","Registered Nurse"
"2362","Orthopédagogue"
"2363","retail associate"
"2364","Small business owner"
"2365","Informaticien"
"2366","Executive Assistant"
"2367","student"
"2368",""
"2369","Content designer"
"2370","Disabilty"
"2371","Management"
"2372",""
"2373",""
"2374","consultant informatique"
"2375","Bookkeeper"
"2376","Financial Service Manager"
"2377",""
"2378",""
"2379","Retraité"
"2380","University professor"
"2381","Retail"
"2382",""
"2383",""
"2384","-99"
"2385",""
"2386","accountant"
"2387","Student"
"2388",""
"2389","educator"
"2390","techniciene en pharmacie dans un grand hôpital"
"2391","Conseiller syndical"
"2392",""
"2393",""
"2394","customer service rep"
"2395","Temp plein"
"2396","teacher"
"2397","Unemployed"
"2398","-99"
"2399","CPA"
"2400","clerical"
"2401","Enseignante"
"2402","Sales Administor"
"2403","Retail merchandiser"
"2404","retail"
"2405","ADJOINTE ADMINISTRATIVE AU DIRECTEUR"
"2406","Enseignante"
"2407","Secrétaire"
"2408","Administrateur"
"2409","Management"
"2410","business man"
"2411",""
"2412","Achats"
"2413",""
"2414","Textile artist"
"2415","conseiller vente"
"2416","planner"
"2417",""
"2418","Learning designer"
"2419","Tax Accountant"
"2420","Writer/disabled"
"2421","housewife"
"2422",""
"2423",""
"2424","IT"
"2425",""
"2426",""
"2427","Infirmière"
"2428",""
"2429","Unemployed"
"2430","Adjointe administrative"
"2431","chef"
"2432","brigadier"
"2433",""
"2434","Middle management"
"2435","Cashier"
"2436",""
"2437","agent de prevention des infections (COVID)"
"2438","Banking"
"2439","-99"
"2440","studentt"
"2441","Programmeur"
"2442",""
"2443","manager"
"2444","Aide sociale"
"2445",""
"2446",""
"2447","-99"
"2448",""
"2449","Gestion"
"2450","Retired"
"2451","Scientist/project coordinator"
"2452",""
"2453","technicien"
"2454","Humanitarian relief"
"2455",""
"2456","professional consultant"
"2457","Conseiller en qualité de vie"
"2458","Pharmacy assistant"
"2459",""
"2460","Sales Supervisor"
"2461",""
"2462",""
"2463","Cnc machinist"
"2464",""
"2465",""
"2466","it"
"2467",""
"2468","Student"
"2469","Provincial Government employee retired"
"2470",""
"2471",""
"2472","Manager"
"2473",""
"2474","Infirmier Clinicien"
"2475",""
"2476",""
"2477","Homemaker"
"2478","retraité, informaticien"
"2479","RVT"
"2480","Conseillère d’orientation"
"2481","Accountant"
"2482",""
"2483",""
"2484","certified financial planner"
"2485",""
"2486",""
"2487",""
"2488","Professionnel"
"2489","student"
"2490","Reg.Nurse"
"2491",""
"2492","Admin assistant"
"2493",""
"2494","Public service"
"2495","Admin Assistant"
"2496","Fonctionnaire"
"2497","Salarié à temps plein"
"2498",""
"2499","RN"
"2500","Management-Director"
"2501","Courier"
"2502",""
"2503",""
"2504",""
"2505",""
"2506",""
"2507","réception et expédition de produits de papiers dans une usine de papier"
"2508","Manager"
"2509","FINANCIAL SERVICES"
"2510","hr administration"
"2511","Project Manager"
"2512",""
"2513","trucker"
"2514","Technical Sales Representative"
"2515","Nurse"
"2516","Directeur d’ecole"
"2517","Bank clerk"
"2518",""
"2519",""
"2520","telcom network engineer"
"2521","Commis de bureau"
"2522","ADMINISTRATION"
"2523","-99"
"2524","teacher"
"2525","Human resources"
"2526","Administrator"
"2527","-99"
"2528",""
"2529",""
"2530",""
"2531",""
"2532","Employé"
"2533",""
"2534","Senior Principal Content Developer"
"2535",""
"2536","-99"
"2537","Utility manager"
"2538","Customer service"
"2539",""
"2540","Student"
"2541","gestionnaire"
"2542",""
"2543","Project Coordinator"
"2544","Radio Announcer"
"2545","Chef maintenance HQ"
"2546","Teaching assistant"
"2547","Travail à temps plein"
"2548",""
"2549","Accounting and Bookkeeping"
"2550","-99"
"2551","-99"
"2552","travailleur temps plein"
"2553","government manager"
"2554","dentist"
"2555",""
"2556",""
"2557","-99"
"2558","-99"
"2559",""
"2560","IT Consultant"
"2561","Charpentier menuisiers"
"2562","Environnement"
"2563",""
"2564",""
"2565","-99"
"2566",""
"2567",""
"2568",""
"2569",""
"2570","Technologiste médical"
"2571",""
"2572","Travail temps plein"
"2573","-99"
"2574","Tax accountant"
"2575",""
"2576","-99"
"2577",""
"2578","admin"
"2579","Finance"
"2580","Disability"
"2581",""
"2582",""
"2583","-99"
"2584",""
"2585",""
"2586",""
"2587",""
"2588","-99"
"2589","Student"
"2590","employé temp plein"
"2591","Police Officer"
"2592",""
"2593",""
"2594","accounting clerk"
"2595","Financial services"
"2596","Customer service"
"2597","high school teacher"
"2598","Computer operator"
"2599","Customer service"
"2600","-99"
"2601","-99"
"2602","Dental assistant"
"2603",""
"2604",""
"2605",""
"2606","Telecom"
"2607","Gestionaire"
"2608",""
"2609","Homemaker"
"2610","-99"
"2611","Lawyer"
"2612",""
"2613",""
"2614","Property manager"
"2615","Quality Supervisor"
"2616",""
"2617","manager"
"2618",""
"2619","Social Worker"
"2620",""
"2621","-99"
"2622","administration"
"2623","I/T"
"2624","-99"
"2625","Étudiante"
"2626",""
"2627","-99"
"2628","Disabled"
"2629","Directeur de Banquet"
"2630",""
"2631","-99"
"2632",""
"2633","applications trainer"
"2634","Assurance Qualité - Domaine alimentaire"
"2635","comptable"
"2636","Policier"
"2637","Early Childhood educator"
"2638","-99"
"2639",""
"2640",""
"2641","Sales Administrator"
"2642","Aidant"
"2643",""
"2644","DIRECTEUR"
"2645","Preschool teacher"
"2646","Operations supervisor"
"2647",""
"2648",""
"2649","Intervenante"
"2650","Policière"
"2651","-99"
"2652","Personal Support Worker"
"2653","Gestionnaire de comptes commerciaux"
"2654",""
"2655","Customer service"
"2656","-99"
"2657",""
"2658","Analyste Systèmes"
"2659","Self-employed"
"2660","Employé temps plein"
"2661","Chiropractor"
"2662",""
"2663",""
"2664","Security services"
"2665",""
"2666","Retired"
"2667","Conseillère pédagogique"
"2668","full time student"
"2669","childcare provider"
"2670","accounts payable clerk"
"2671",""
"2672","Professeur universitaire"
"2673",""
"2674","sole proprietor"
"2675","teacher"
"2676","Theatre Manager"
"2677","Pipeline Worker"
"2678",""
"2679",""
"2680","Étudiant"
"2681","good"
"2682","Office clerk"
"2683",""
"2684",""
"2685","Pastry chef"
"2686",""
"2687","laboureur"
"2688",""
"2689","Retraité"
"2690","Analyste programmeur"
"2691",""
"2692","Retired"
"2693",""
"2694","-99"
"2695","-99"
"2696","Customer Service in Banking"
"2697","court service officer"
"2698",""
"2699",""
"2700","engineer"
"2701","Airport security"
"2702","Fin Sys Mgr"
"2703","administration"
"2704","Commis de bureau dép. production/qualité"
"2705","Office clerk"
"2706","Fonctionnaire provincial"
"2707","Engineer"
"2708","Chef gestion de linformation Fonction publique federale"
"2709","analyste financier"
"2710","Driver"
"2711",""
"2712","Retired"
"2713",""
"2714","Home maker previously personal trainer"
"2715","-99"
"2716","Hospitality Service Associate"
"2717","consultant"
"2718",""
"2719","Product Manager"
"2720","Traducteur"
"2721","travail"
"2722","Conseillère stratégique"
"2723",""
"2724","administrative"
"2725","Associate Director New Student Enrollment"
"2726","-99"
"2727","school bus driver"
"2728",""
"2729","-99"
"2730","analyste"
"2731",""
"2732","Office assistant"
"2733",""
"2734",""
"2735","Customer Support Agent"
"2736","retired"
"2737","-99"
"2738","Government  admin"
"2739",""
"2740","Post Secondary Education"
"2741","student"
"2742","-99"
"2743","steel industry"
"2744","technology"
"2745","Traducteur"
"2746","educator"
"2747",""
"2748",""
"2749","teacher"
"2750","-99"
"2751",""
"2752","Building Operator"
"2753","Artiste"
"2754","Nursing"
"2755","-99"
"2756","Educatrice a la petite enfance"
"2757","Esthetician"
"2758","Sales Manager"
"2759",""
"2760","Accountant"
"2761","Automotive parts clerk"
"2762",""
"2763","office worker"
"2764","Housekeeping aide"
"2765","Office Admin"
"2766","Chief Administrative Officer"
"2767","-99"
"2768","Insurance Executive"
"2769",""
"2770","research scientist"
"2771","-99"
"2772","commis a la réception"
"2773",""
"2774","public service"
"2775",""
"2776",""
"2777","Labourer"
"2778","Sales"
"2779",""
"2780",""
"2781","-99"
"2782","Data analysis"
"2783","bartender/waiter"
"2784","Executive Assistant"
"2785","Professional engineer"
"2786",""
"2787",""
"2788","Director (Global Finance)"
"2789","Teach Scuba Diving, Coach Trampoline"
"2790","Secretary"
"2791","-99"
"2792","informatique"
"2793",""
"2794","Respiratory Therapist"
"2795","Engineer"
"2796",""
"2797",""
"2798","Compliance Advisor for an Energy Company"
"2799","Analyste en assurance"
"2800","-99"
"2801","Informaticien"
"2802","Research"
"2803","Security guard"
"2804","Agent administratif"
"2805","retired"
"2806","Barber"
"2807",""
"2808",""
"2809",""
"2810","supervisor, lost articles"
"2811","-99"
"2812",""
"2813","Consultant"
"2814","Agente correctionnelle"
"2815","-99"
"2816","stay at home parent"
"2817","Adjointe administrative"
"2818","Engineer"
"2819","spécialiste technique"
"2820","Unemployed"
"2821","Supply Management"
"2822","Childcare"
"2823","Power Engineer"
"2824",""
"2825","gestionnaire"
"2826","Logistics Planner"
"2827",""
"2828","Travailleur"
"2829","Student"
"2830","gestionnaire"
"2831",""
"2832","software developer"
"2833","sales"
"2834",""
"2835","Student"
"2836",""
"2837","-99"
"2838","instructeur conduite"
"2839",""
"2840",""
"2841",""
"2842","payroll/accounts payable"
"2843","Consultant"
"2844","Agronomist"
"2845","cardiology technician"
"2846","Hi-Tech Business Owner"
"2847","government"
"2848","-99"
"2849","50"
"2850","Medical Insurance"
"2851","Retired"
"2852",""
"2853","Middle Manager Transportain"
"2854","Communication disorders Asst"
"2855","-99"
"2856","Militaire"
"2857",""
"2858","DRIVER"
"2859","Retraitee"
"2860","Underwriter"
"2861","Retired"
"2862","diplomat"
"2863","Paramédic"
"2864",""
"2865","Inside sales"
"2866","-99"
"2867","Éducatrice spécialisée"
"2868","Business analyst"
"2869","Analyste d'affaire"
"2870","Maintenance"
"2871",""
"2872",""
"2873",""
"2874","courier"
"2875","Pharmacist"
"2876","-99"
"2877","Management Consultant"
"2878","Distribution"
"2879","-99"
"2880","Info Technology"
"2881","-99"
"2882",""
"2883","retail"
"2884","avocat"
"2885","Enseignant"
"2886","Computer Consultant"
"2887","HR Executive"
"2888",""
"2889","Unemployed"
"2890","MANAGER"
"2891",""
"2892","Aviation Materials management"
"2893","Pre Sales Consultant"
"2894","commerçant"
"2895",""
"2896","Enseignant"
"2897","journalier"
"2898",""
"2899","University instructor"
"2900",""
"2901",""
"2902",""
"2903",""
"2904","coordonnatrice de projets"
"2905","Provincial Government"
"2906","Controller"
"2907","land surveyor"
"2908","-99"
"2909","Étudiant"
"2910","-99"
"2911","secrétaire de gestion"
"2912","foster parent"
"2913","-99"
"2914",""
"2915",""
"2916","Social worker"
"2917","IT Director"
"2918",""
"2919","-99"
"2920","-99"
"2921","-99"
"2922","Propriétaire"
"2923",""
"2924",""
"2925",""
"2926","-99"
"2927",""
"2928","Administration"
"2929","Truck driver"
"2930",""
"2931","Engineering Technologist/ Student"
"2932","Teacher"
"2933",""
"2934","educator"
"2935",""
"2936",""
"2937","Labor"
"2938","Procurement Manager"
"2939","Travailleur Social"
"2940",""
"2941","RN"
"2942","Engineer"
"2943","Canadian Armed Forces"
"2944","Chef de cuisine"
"2945","mecanicien"
"2946","Journalistes"
"2947",""
"2948","Construction Foreman"
"2949",""
"2950","Civil service executive"
"2951","No comments"
"2952","International teanspirtation executive"
"2953","Éducateur"
"2954","-99"
"2955",""
"2956","-99"
"2957",""
"2958","Retired"
"2959",""
"2960",""
"2961","owner"
"2962","sans emploi"
"2963","student"
"2964",""
"2965","-99"
"2966","-99"
"2967","-99"
"2968","-99"
"2969","property Management"
"2970","Consultant"
"2971","legal assistant"
"2972",""
"2973","producteur"
"2974",""
"2975","Vp financial services"
"2976","Malade"
"2977","Analyst"
"2978","photogrammetrist"
"2979","Full time worker"
"2980","Bureau"
"2981",""
"2982",""
"2983",""
"2984","banque"
"2985","operations executive"
"2986","Superviseur usine"
"2987","Technicien téléphone"
"2988","Health care"
"2989","LABOURER"
"2990","sales"
"2991","sales"
"2992","sales"
"2993",""
"2994",""
"2995","Military"
"2996","Public servant"
"2997",""
"2998","retired mortgage broker"
"2999","Educator"
"3000","Technical support"
"3001","student"
"3002","Economist"
"3003","agent adminittative"
"3004","retired health care worker"
"3005","unemployed"
"3006",""
"3007",""
"3008","Administrative"
"3009","Physiotherapist"
"3010","sales"
"3011","Traductrice"
"3012","DIRECTEUR"
"3013","Marketing"
"3014","F&B Server"
"3015","-99"
"3016","-99"
"3017","Front desk for an Orthodontist"
"3018","Conseiller TI"
"3019","Law"
"3020","Réceptionniste"
"3021","-99"
"3022",""
"3023","Travail à temps plein"
"3024","-99"
"3025",""
"3026","Occupational therapist"
"3027","Dietitian"
"3028","commis"
"3029",""
"3030",""
"3031","sales manager"
"3032","retail"
"3033","controleur"
"3034",""
"3035","Butcher and psw"
"3036",""
"3037",""
"3038",""
"3039",""
"3040","-99"
"3041","Retired"
"3042","Customer service"
"3043","ADMINISTRATEUR"
"3044","-99"
"3045","Policier"
"3046","Entretien menagé milieu hospitalier"
"3047","Unemployed"
"3048","Gestionnaire"
"3049",""
"3050","Chief Information Officer"
"3051","sales manager"
"3052","General Claims Agent"
"3053","sales person"
"3054",""
"3055","sales"
"3056","Retired"
"3057","Home remodeling"
"3058","Grants administrator"
"3059","OPERATIONS ANALYIST"
"3060",""
"3061","Clerical"
"3062",""
"3063","Incapacité à travailler"
"3064",""
"3065","retired"
"3066","Customer service"
"3067","Emploi temps plein"
"3068","RPN"
"3069","-99"
"3070","Directrice"
"3071",""
"3072","Analyst"
"3073",""
"3074","Elementary Teacher"
"3075","Homemaker"
"3076","RN"
"3077",""
"3078","child and youth worker"
"3079","Moa"
"3080",""
"3081","Directeur adjoint"
"3082","coordonnatrice amelioration continue"
"3083","Baker"
"3084","Pet Sitter"
"3085","Elementary school teacher"
"3086",""
"3087",""
"3088","IT Specialist"
"3089","Manufacturing"
"3090",""
"3091",""
"3092","Enseignement"
"3093","Analyst"
"3094","Mécanicien de machines fixes, classe 2, production d'énergie"
"3095","Engineering in the energy sector"
"3096",""
"3097","Janitor"
"3098",""
"3099",""
"3100","healthcare"
"3101",""
"3102","Home Builder"
"3103","Truck driver"
"3104","Analyst"
"3105","educator"
"3106","Supervisor"
"3107","-99"
"3108","Secrétaire"
"3109",""
"3110",""
"3111","Professional security guard instructor"
"3112","Project Manager"
"3113",""
"3114",""
"3115","Retail"
"3116","potter"
"3117","Psychologue"
"3118",""
"3119","Software Quality Assurance Testing"
"3120","Physiotherapist"
"3121","Real Estate agent"
"3122",""
"3123",""
"3124","Director"
"3125","stay at home mom"
"3126","Education and Training Advisor"
"3127","Administrative assistant"
"3128","Payroll & benefits associate"
"3129","Physician"
"3130","Fonctionnaire fédéral"
"3131","Heavy equipment operator"
"3132","Conseiller en services financiers"
"3133","analyste en actuariat"
"3134",""
"3135","retirement"
"3136","Railway man"
"3137","Gsc"
"3138","civil servant"
"3139","-99"
"3140",""
"3141","government"
"3142","student"
"3143","Transcriptionist"
"3144","Nurse"
"3145",""
"3146","manager"
"3147","Inhalothérapeute temps plein"
"3148","Travailleur autonome en TI"
"3149","Health care professional"
"3150",""
"3151","Mere a la maison"
"3152","Sales rep"
"3153",""
"3154","Plant Manager"
"3155","-99"
"3156",""
"3157","Production manager"
"3158",""
"3159","Clerk"
"3160","Clerical"
"3161","Software Engineer"
"3162","Teacher"
"3163","business"
"3164",""
"3165","Supervisor"
"3166",""
"3167",""
"3168",""
"3169","technician"
"3170","travail"
"3171","Environmental Peace Officer"
"3172",""
"3173",""
"3174","University lecturer"
"3175","gerant de production"
"3176","Commis"
"3177","teacher"
"3178",""
"3179","Teacher"
"3180",""
"3181","equipment operator"
"3182","chauffeur de camion"
"3183","parent educator"
"3184","counsellor"
"3185","telecom"
"3186","teacher"
"3187","Stay at home parent"
"3188","EMPLOI TEMPS PLEIN"
"3189","Enseignant"
"3190","retail store owner"
"3191","-99"
"3192","Travailleur"
"3193",""
"3194",""
"3195","Enseignant"
"3196","-99"
"3197",""
"3198",""
"3199",""
"3200",""
"3201","Receptionist"
"3202",""
"3203",""
"3204","Police officer"
"3205","sales representative"
"3206","Étudiant"
"3207","-99"
"3208","Office"
"3209","SALESMAN"
"3210","-99"
"3211","Lawyer"
"3212","femme au foyer"
"3213",""
"3214","Analyste politique"
"3215",""
"3216",""
"3217",""
"3218","Police"
"3219","Journalist"
"3220","Enseignant"
"3221","Marriage Commissioner"
"3222",""
"3223","Registered Nurse"
"3224","-99"
"3225",""
"3226",""
"3227","-99"
"3228","Biologist"
"3229","Finance officer"
"3230","VP at consulting firm"
"3231",""
"3232","Professional"
"3233","-99"
"3234","Stay at home mom"
"3235","Analyste"
"3236",""
"3237",""
"3238","Administration"
"3239",""
"3240",""
"3241",""
"3242","Enseignant"
"3243",""
"3244","Customer Service"
"3245","Real estate"
"3246",""
"3247","Carpenter"
"3248","steelworker"
"3249",""
"3250",""
"3251","Consulting"
"3252","retired"
"3253","-99"
"3254","marin"
"3255","Retail"
"3256","-99"
"3257","insurance"
"3258","-99"
"3259","preschool teacher"
"3260","engineering"
"3261","Military"
"3262","Self employed"
"3263","-99"
"3264","Bank employe"
"3265","Clergy"
"3266","Traductrice"
"3267","office worker"
"3268",""
"3269",""
"3270","-99"
"3271","Debardeur au port de Montréal"
"3272","Fonctionnaire"
"3273",""
"3274","retired"
"3275","retail"
"3276","agent"
"3277","-99"
"3278",""
"3279",""
"3280","developer"
"3281",""
"3282",""
"3283","self employed"
"3284","Hotel customer care"
"3285","journalier"
"3286","accountant"
"3287","Nurse"
"3288","policy"
"3289","-99"
"3290",""
"3291","steelworker"
"3292","Customer Service retail"
"3293","manager"
"3294","library worker"
"3295","Teacher"
"3296","working"
"3297","Worker"
"3298","Paramédic"
"3299","Payroll Manager"
"3300","Hr"
"3301","Scientist"
"3302","police"
"3303","Fire Fighter"
"3304","President"
"3305","-99"
"3306","retired"
"3307","Financial services technology"
"3308","Enseignant"
"3309","program coordinator"
"3310",""
"3311","Electronic Technician"
"3312","Commis des postes"
"3313","Gestionnaire"
"3314",""
"3315","-99"
"3316","ventes"
"3317","Responsable d’équipe"
"3318","Analysts"
"3319","Taxi driver"
"3320","Travailler"
"3321","Unemployed"
"3322","Maladie chronique me travsille pas"
"3323","General Manager"
"3324","supervisor"
"3325",""
"3326","administrative assistant"
"3327","-99"
"3328",""
"3329",""
"3330",""
"3331","Signaleur routier"
"3332",""
"3333","finance manager"
"3334","childcare provider"
"3335","RCAF officer"
"3336","Rédacteur Web"
"3337","technologue électronique"
"3338","Voiturier"
"3339",""
"3340","mental health counsellor"
"3341","Travailleur"
"3342",""
"3343",""
"3344","-99"
"3345","product manager"
"3346","Web Developer"
"3347","-99"
"3348","Mediator"
"3349","Chauffeur"
"3350","Logistics"
"3351","-99"
"3352",""
"3353","MAINTENANCE"
"3354","nursing assistant"
"3355","factory supervisor"
"3356","Receptionist"
"3357","Banking"
"3358","comptable"
"3359","Engineer"
"3360","agent logistique"
"3361","Product management"
"3362","Food service worker"
"3363",""
"3364","teacher"
"3365","gestionnaire"
"3366","conseiller financier"
"3367","Chemist"
"3368","-99"
"3369","Engineer"
"3370",""
"3371","-99"
"3372",""
"3373","Self employed"
"3374",""
"3375",""
"3376",""
"3377",""
"3378",""
"3379","Former VP of private school"
"3380","Urban Planner"
"3381","custodian"
"3382",""
"3383","Vente"
"3384","-99"
"3385","Project Manager"
"3386","Adjointe de direction"
"3387",""
"3388",""
"3389",""
"3390","Banker"
"3391",""
"3392",""
"3393","Scientist"
"3394","technicienne en éducation spécialisée"
"3395","Physician Assistant"
"3396","social worker"
"3397","-99"
"3398","public servant"
"3399","Educator"
"3400","Systems Analyst"
"3401","secrétaire"
"3402","Stats Canada"
"3403","Substitute Teacher"
"3404","Unemployed due to PANDEMIC/part time student"
"3405","Cleaner"
"3406",""
"3407","Store Manager"
"3408","Comptable agréé"
"3409","Accountant"
"3410","Intake officer"
"3411","Leasing"
"3412","computer stuff"
"3413","carpenter"
"3414","accountant"
"3415",""
"3416","Project manager"
"3417","radio"
"3418","Préposé à l'entretien ménager"
"3419","Govt of Canada"
"3420","office manager"
"3421",""
"3422",""
"3423","Songwriter"
"3424",""
"3425",""
"3426","-99"
"3427","Bartender"
"3428","manager"
"3429","Homemaker"
"3430",""
"3431",""
"3432","personal service"
"3433","educator"
"3434","engineer"
"3435","retail clerical"
"3436","Directrice"
"3437",""
"3438","retired"
"3439","Support worker"
"3440","Federal Government Employee"
"3441","healthcare"
"3442","Retired"
"3443",""
"3444",""
"3445",""
"3446",""
"3447","sales"
"3448",""
"3449","-99"
"3450","sales/retired"
"3451",""
"3452","Travail temps plein"
"3453","Warehouse worker"
"3454","Postal Supervisor"
"3455","Responsable"
"3456","homemaker"
"3457","Professional Purchaser"
"3458","Accountant"
"3459",""
"3460","directeur pieces dealer"
"3461",""
"3462","Of work due to a mva"
"3463",""
"3464","ARCHITECT"
"3465",""
"3466",""
"3467","technology analyst"
"3468","Teacher"
"3469","-99"
"3470","-99"
"3471","-99"
"3472","-99"
"3473",""
"3474","-99"
"3475","Programmer Analyst"
"3476","Clerical"
"3477","Public servant"
"3478","Manager"
"3479",""
"3480","Copywriter"
"3481","Customer service"
"3482","-99"
"3483","Consultant"
"3484","Recherche scientifique"
"3485","lawyer"
"3486","Fonctionnaire"
"3487",""
"3488","Occupational Therapist"
"3489",""
"3490",""
"3491","orthophoniste"
"3492","-99"
"3493","Administrative"
"3494","teacher"
"3495","Travailleuse à temps plein dans une imprimerie"
"3496",""
"3497",""
"3498","-99"
"3499","Physiotherapist"
"3500","Gerante de boutique"
"3501","Programmeur"
"3502","-99"
"3503",""
"3504","Heavy Equipment op. & Singer/musician"
"3505","Conseiller relation d’affaires"
"3506",""
"3507","caregiver to a Dravet's Syndrome child"
"3508","Retired"
"3509","Manager"
"3510",""
"3511","retraite"
"3512","Program Manager"
"3513","Ingénieur civil"
"3514",""
"3515","Gerante"
"3516",""
"3517","Électromécanique"
"3518","Consultant"
"3519",""
"3520","Unemployed"
"3521","HR Director"
"3522","-99"
"3523","Regional Litigation/Freedom of Information Protection and Privacy Coordinator"
"3524",""
"3525","-99"
"3526","Accountant"
"3527","Administration"
"3528","healthcare"
"3529","Business analyst"
"3530","Opérateur full-time"
"3531","Disability"
"3532","-99"
"3533","Customer service"
"3534","retail worker"
"3535",""
"3536","Informaticien"
"3537",""
"3538","Human Resources business partner"
"3539","Mortgage specialist"
"3540","Doesnt matter"
"3541","Comptabilité"
"3542","Communications"
"3543","Production worker"
"3544","Copy editor"
"3545",""
"3546","Business Owner"
"3547","Real Estate Broker"
"3548","GOVERNMENT DISABILITY PENSION"
"3549","illustratrice"
"3550","self-employed"
"3551","clerk"
"3552","Landfill"
"3553","self employed"
"3554","-99"
"3555",""
"3556",""
"3557","business owner"
"3558","E-commerce"
"3559","Project Manager"
"3560","Fonctionnaire"
"3561","social worker"
"3562",""
"3563",""
"3564",""
"3565","Enseignante"
"3566","Property management"
"3567",""
"3568",""
"3569","-99"
"3570","administrative assistant"
"3571","Project Management"
"3572","Bookkeeper"
"3573","self employed"
"3574","adjointe administrative"
"3575","Customer service"
"3576","clergy"
"3577","Truck Driver"
"3578","prgrammer"
"3579",""
"3580",""
"3581","Service à la paie"
"3582","Coordinator"
"3583","Manager"
"3584","-99"
"3585","Military"
"3586","retired  lawn maintence"
"3587","Machinist"
"3588","trouver un emplois"
"3589","Manager"
"3590",""
"3591","Information Technology"
"3592","Commercial Photographer"
"3593","manager"
"3594","Collection agent"
"3595","Employed in IT"
"3596","directrice de comptabilité"
"3597","Ingénieur"
"3598","Trader"
"3599","Comptable"
"3600","Travel"
"3601","bank employee"
"3602","retired"
"3603",""
"3604",""
"3605",""
"3606",""
"3607","Business Analyst"
"3608","Administration"
"3609","-99"
"3610","Housewife"
"3611","warehouse"
"3612",""
"3613","Office clerk"
"3614","Accountant"
"3615","-99"
"3616",""
"3617","Housekeeping"
"3618","Office Manager"
"3619","-99"
"3620","it consultant"
"3621",""
"3622",""
"3623","homemaker"
"3624","-99"
"3625","-99"
"3626","Civil servant"
"3627","Ret. Business owner"
"3628",""
"3629","-99"
"3630",""
"3631","administrative"
"3632",""
"3633","-99"
"3634",""
"3635","Process server"
"3636",""
"3637","Préposé à la paie"
"3638",""
"3639","-99"
"3640",""
"3641","Sales"
"3642","Accountant"
"3643",""
"3644","Student"
"3645",""
"3646","Cashier"
"3647","-99"
"3648","Care coordinator"
"3649","data entry"
"3650",""
"3651","Banker"
"3652","-99"
"3653","Conseillère, Communication"
"3654","consultant"
"3655",""
"3656","Clerk"
"3657","-99"
"3658","Lithographer"
"3659","fonction publique"
"3660","Homemaker"
"3661",""
"3662","School Principal/ Supervisor of Education students at a jnjversity"
"3663","social worker"
"3664",""
"3665","tutor"
"3666","retired"
"3667","Étudiante"
"3668","Auto worker"
"3669","-99"
"3670","Gestionnaire"
"3671","Wedding Planner"
"3672","disabled, unable to work, former x-ray tech"
"3673",""
"3674","Reliability engineer"
"3675","Graphiste"
"3676",""
"3677",""
"3678",""
"3679","Specialiste clinique"
"3680","Airline pilot"
"3681","Recherchiste"
"3682",""
"3683","Registered Dental Hygienist"
"3684","Agente services financiers"
"3685",""
"3686","Courtier d’assurance"
"3687","optical"
"3688","Accountant"
"3689","-99"
"3690","Office Manager"
"3691","Sales"
"3692",""
"3693","cariste"
"3694",""
"3695","-99"
"3696","-99"
"3697","Stay at home parent"
"3698","Étudiant"
"3699","Student/ Worker"
"3700","artis/author"
"3701","Project Manager"
"3702","chef"
"3703",""
"3704","Fonctionnaire"
"3705","Healthcare Management"
"3706","Financial Planning"
"3707","project coordinator construction"
"3708","Sales associate"
"3709",""
"3710",""
"3711","CEO"
"3712","Occupational therapist"
"3713","Temp plein"
"3714",""
"3715",""
"3716",""
"3717","CONTREMAITRE"
"3718","Administrative assistant/Municipal Gov't."
"3719","IT Support"
"3720","Inspectrice"
"3721",""
"3722","Dietitian"
"3723","millitary"
"3724","Manager, Data Governance"
"3725","HD mechanic"
"3726","DESIGNER"
"3727","Financial Engineer"
"3728",""
"3729","Unemployed"
"3730","Vice President Learning"
"3731","Business Owner"
"3732","-99"
"3733",""
"3734",""
"3735","news stringer"
"3736","-99"
"3737","Avocat"
"3738","Medical Laboratory technologist"
"3739",""
"3740","registered nurse"
"3741","Social work"
"3742","warehouse manager"
"3743","-99"
"3744","Retired"
"3745","retail"
"3746","Gig Worker"
"3747","IT consultant"
"3748","Customer service"
"3749","Gestionnaire"
"3750","-99"
"3751","manager"
"3752","Museum Curator"
"3753","travaille à temps partiel"
"3754",""
"3755","Healthcare"
"3756",""
"3757","Insurance underwriter"
"3758","-99"
"3759",""
"3760",""
"3761","Home Daycare Owner"
"3762","Education assistant"
"3763",""
"3764","-99"
"3765","Registered early childhood education"
"3766","Engineering technician"
"3767","Administration générale de PME"
"3768","Technicienne comptable"
"3769",""
"3770","policier"
"3771","Auto parts"
"3772","secretary"
"3773","Accountant"
"3774","professeur"
"3775","-99"
"3776","Administrator"
"3777","Étudiante"
"3778","assitance comptable"
"3779","-99"
"3780",""
"3781","Journalier"
"3782","Homemaker"
"3783",""
"3784","programmeur analyste"
"3785",""
"3786","Project Management"
"3787","-99"
"3788",""
"3789","Construction"
"3790","Administration"
"3791","unemployed"
"3792","RN"
"3793","Program Consultant"
"3794","Social worker"
"3795",""
"3796",""
"3797","Teacher"
"3798","Professionnelle de recherche"
"3799",""
"3800","assistant"
"3801","Financial advisor"
"3802",""
"3803","Labour relations"
"3804","Power Engineer"
"3805","Manager"
"3806","Millwright"
"3807","Student"
"3808",""
"3809",""
"3810",""
"3811","Government worker"
"3812","Bureaucrat"
"3813","-99"
"3814","Prof"
"3815","-99"
"3816",""
"3817","accountant"
"3818",""
"3819","-99"
"3820",""
"3821"," construction"
"3822",""
"3823","occupational therapist"
"3824","Disabled"
"3825","IT"
"3826","Business man"
"3827","senior management"
"3828","Retail worker"
"3829","teacher"
"3830",""
"3831","NURSE/SOCAIL WORKER"
"3832","Financial Controller"
"3833","-99"
"3834","Payroll Manager"
"3835","Counsellor/therapist"
"3836","Traducteur"
"3837","Hostess"
"3838",""
"3839","Homemaker"
"3840","administration"
"3841","student"
"3842",""
"3843","Student"
"3844","engineer"
"3845","Camionneur"
"3846","Data Analyst"
"3847","supervisor"
"3848",""
"3849","RETIRED"
"3850",""
"3851","distillery"
"3852","Infirmier clinicien"
"3853","Radigrapher"
"3854","manager"
"3855","-99"
"3856","-99"
"3857",""
"3858","CPA CGA"
"3859","fonctionnaire MDN"
"3860","reception"
"3861","Consultant"
"3862",""
"3863","pharmacist"
"3864","manual worker"
"3865","Infirmière auxiliqire"
"3866",""
"3867","housewife"
"3868","Professionnelle"
"3869","enseignante"
"3870","Homemaker"
"3871","Programmeur Informatique"
"3872",""
"3873","Clerk"
"3874",""
"3875","Corporate Real Estate Leader"
"3876","Setter/operator metal forging"
"3877","Plant Manager"
"3878",""
"3879",""
"3880","Sales Associate"
"3881",""
"3882",""
"3883","Électromécanicien"
"3884","Health Professional"
"3885","Retired"
"3886","science tech"
"3887","Accountant"
"3888",""
"3889","student"
"3890","Gestionnaire laboratoire"
"3891",""
"3892",""
"3893","Casino Employee"
"3894","machine operator"
"3895","-99"
"3896","Office administrator"
"3897","teacher"
"3898",""
"3899","parttime cleaner"
"3900",""
"3901","-99"
"3902","car sales"
"3903","-99"
"3904","Gestionnaire"
"3905","Retail sales/cashier"
"3906","Graphiste"
"3907","Disabled"
"3908","Self employed"
"3909","-99"
"3910","agent administrative"
"3911","professional engineer"
"3912","Carpenter"
"3913","PSW"
"3914","-99"
"3915",""
"3916","service industry"
"3917",""
"3918",""
"3919",""
"3920","office work"
"3921","service advisor"
"3922","travailleur temps plein"
"3923","-99"
"3924","gestionnaire"
"3925","-99"
"3926","Professeur"
"3927","Education"
"3928",""
"3929","Salesman"
"3930","-99"
"3931","-99"
"3932",""
"3933","Housekeeper - hotel"
"3934","hR clerk"
"3935","contremaître"
"3936",""
"3937",""
"3938","Disability"
"3939",""
"3940",""
"3941",""
"3942","-99"
"3943","IT consultant"
"3944","-99"
"3945","Tech de labo med"
"3946",""
"3947","-99"
"3948",""
"3949","Human Resources Specialist"
"3950","guard"
"3951",""
"3952","Company President"
"3953","Fonctionnaire"
"3954","management"
"3955","Aerospace Engineering"
"3956","risk adviser"
"3957","speech pathologist"
"3958","Service social"
"3959","Courtier immobilier"
"3960","Labour"
"3961","Medical secretary"
"3962","Funeral director"
"3963","-99"
"3964","Student"
"3965","Writer"
"3966",""
"3967",""
"3968",""
"3969","systems analyst"
"3970","Federal Senior Manager at the House of Commons"
"3971",""
"3972","Counsellor"
"3973",""
"3974","Employé"
"3975","Professionel"
"3976","Ingenieur"
"3977",""
"3978","sales"
"3979","Sales"
"3980","Technicien métallurgie"
"3981","retired"
"3982","-99"
"3983","Accountant"
"3984",""
"3985","professional"
"3986",""
"3987","Aero engine technician and residential appraiser"
"3988","Accoutant"
"3989",""
"3990","-99"
"3991","IT Consultant"
"3992",""
"3993","Consultant"
"3994",""
"3995","Directeur des opérations de détail"
"3996","Executive director"
"3997","Caregiver"
"3998","Nurse"
"3999",""
"4000","OHS Consultant"
"4001","conductrice autobus régional"
"4002","Financial Analysis"
"4003","Early childhood exucTion"
"4004","Office clerk"
"4005","-99"
"4006","Retired  accountant"
"4007",""
"4008","Translator and Interpreter"
"4009","Adjointe administrative"
"4010",""
"4011",""
"4012","Infirmière clinicienne"
"4013","TDSB Lunch Room Supervisor"
"4014","security"
"4015","teacher"
"4016","Pharmacist"
"4017","Executive"
"4018","Administration"
"4019","Professeure"
"4020","Accountant"
"4021",""
"4022","chaufeur"
"4023",""
"4024","Program Admin"
"4025",""
"4026",""
"4027",""
"4028","Financial Analyst"
"4029","Self-employed odd jobber"
"4030",""
"4031","enseignante au cégep"
"4032","licensed child daycare"
"4033",""
"4034","Packager"
"4035","ADMIN ASSISTANT"
"4036","Self employed"
"4037","Tradesman"
"4038",""
"4039",""
"4040","-99"
"4041","small business owner"
"4042","-99"
"4043","Firefighter"
"4044","-99"
"4045",""
"4046","Self employed customs broker"
"4047",""
"4048","-99"
"4049","Accountant"
"4050",""
"4051","-99"
"4052","-99"
"4053","carrossier"
"4054","equipment opertator"
"4055","Travailleur autonome dans le domaine des médias sociaux et de la promotion culturelle"
"4056","Chauffeur poids lourd"
"4057","Teacher"
"4058","it"
"4059","-99"
"4060","Informaticien"
"4061","Scientist"
"4062","Autonome"
"4063","Federal Government Worker"
"4064","Nurse"
"4065",""
"4066","Operations manager"
"4067","Fulll time Worker"
"4068","Teacher"
"4069","Consultant"
"4070",""
"4071","Travailleur à temps plein"
"4072","Part time worker"
"4073","Réceptionniste"
"4074","Paralegal"
"4075","Xray tech"
"4076","Transportation"
"4077","-99"
"4078","retail"
"4079","Tes"
"4080","Social worker"
"4081",""
"4082","propriétaire d'une petite entreprise"
"4083","livreur"
"4084",""
"4085","library clerk"
"4086","-99"
"4087","bank officer"
"4088","Gestionnaire bénévole"
"4089",""
"4090","-99"
"4091","Directeur des achats"
"4092",""
"4093",""
"4094",""
"4095","-99"
"4096","Public Servant"
"4097",""
"4098","-99"
"4099","économiste"
"4100","Public servant"
"4101",""
"4102","technicien en loisirs"
"4103","nothing"
"4104",""
"4105","Manager"
"4106","Dental Hygiene"
"4107",""
"4108","informaticien"
"4109","Directeur Général Mise en marché"
"4110",""
"4111","Business Consiltant"
"4112","entrepreneur"
"4113","Management"
"4114","Accounting"
"4115","Administration"
"4116","police officer"
"4117","Programmeur robotique"
"4118","-99"
"4119","Store Manager"
"4120","Financial Advisor"
"4121","education"
"4122","IT Manager"
"4123","Homemaker, hotel attendant"
"4124","Formerly credit manager"
"4125",""
"4126","Superintendent"
"4127","Student"
"4128",""
"4129","Translator"
"4130","Étudiante"
"4131",""
"4132",""
"4133","Civil Servant"
"4134","Teacher"
"4135","Étudiante"
"4136","Enseignant"
"4137","Office worker"
"4138",""
"4139","Freelancer"
"4140","Intervenante"
"4141","-99"
"4142","bookkeper"
"4143","Coordonnatrice marketing en congé de maternité"
"4144","Télétravail"
"4145",""
"4146",""
"4147",""
"4148","Student"
"4149","coordonnateur"
"4150","Painter"
"4151","Professional"
"4152","Management Consultant"
"4153","librarian"
"4154","Paramédic"
"4155","Contract administrator"
"4156",""
"4157",""
"4158","grocery retail"
"4159","Director of sales"
"4160","-99"
"4161",""
"4162","Casino supervisor"
"4163",""
"4164",""
"4165","small business owner"
"4166","Construction"
"4167","retired"
"4168","Accountant"
"4169",""
"4170","Manoeuvre d'usine"
"4171","finance clerk"
"4172","directeur-general desjardins"
"4173","Coordonateur"
"4174","manager"
"4175","Student/Teacher"
"4176",""
"4177","Conseiller en risque de crédit"
"4178",""
"4179","Manager"
"4180","Warehouse worker"
"4181",""
"4182","Service"
"4183","Labourer at General Motors"
"4184",""
"4185","-99"
"4186","Respiratory therapist"
"4187","Retired"
"4188","Owner of a small business"
"4189","rmt"
"4190",""
"4191",""
"4192","Unemployed"
"4193","Secretary"
"4194","Pharmacy"
"4195","admin assistant"
"4196","-99"
"4197","Chef"
"4198","Accountant"
"4199",""
"4200","admin"
"4201","business"
"4202",""
"4203","Accountant"
"4204",""
"4205",""
"4206",""
"4207","Tech. Lab. Medical"
"4208",""
"4209",""
"4210","Government Employee"
"4211","Business Consultant"
"4212",""
"4213","event manager"
"4214","Worker"
"4215","Operating Room Attendant"
"4216","retired"
"4217","Investor/entrepreneur"
"4218","Représentant"
"4219",""
"4220",""
"4221","-99"
"4222","Train Conductor"
"4223","Travailleur à temps complet"
"4224","public servant"
"4225",""
"4226",""
"4227",""
"4228","Data Entry at home part time"
"4229","Banquier service à la clientèle"
"4230","customer consultant"
"4231","travailleur"
"4232","Régisseur a la coordination"
"4233","HR Generalist"
"4234","Office worker"
"4235","Material Co-ordinator"
"4236","Comptabilité"
"4237","inspector"
"4238",""
"4239","IT Director"
"4240","Sans emploi incapable de travailler"
"4241","-99"
"4242",""
"4243",""
"4244",""
"4245","Traducteur"
"4246","Scheduler"
"4247","teacher"
"4248","-99"
"4249","buyer"
"4250","Airline"
"4251","Comptable"
"4252","Enseignant"
"4253","-99"
"4254","Travailleur autonome"
"4255","Outreach worker"
"4256",""
"4257","Data Services Specialist"
"4258","Community Social Service worker"
"4259","Nurse"
"4260","Civil Servant"
"4261","-99"
"4262","fonctionnaire"
"4263",""
"4264",""
"4265",""
"4266","Sales"
"4267","Transport"
"4268",""
"4269",""
"4270",""
"4271","STUDENT"
"4272","banking"
"4273","Tutor"
"4274","Financial/economic consultant"
"4275",""
"4276","Business owner"
"4277","Quote and supply specialist"
"4278","Student"
"4279","Admin. assistant"
"4280",""
"4281","-99"
"4282","QC technician"
"4283","Opérateur de machine cnc"
"4284","Power Engineer"
"4285",""
"4286","-99"
"4287",""
"4288","Procurement Analyst"
"4289","quality control food plant"
"4290","Temps plein"
"4291",""
"4292","administration"
"4293",""
"4294",""
"4295","social worker/finance manager"
"4296","-99"
"4297","Consultant"
"4298","Driver"
"4299","technicien en traitement d'eaux"
"4300","railroader"
"4301","-99"
"4302",""
"4303","Project manager"
"4304",""
"4305",""
"4306",""
"4307","french teacher"
"4308",""
"4309","Civil Servant"
"4310","-99"
"4311","Bank"
"4312","University professor"
"4313",""
"4314","Corrections"
"4315","Marketing Manager"
"4316","researcher"
"4317",""
"4318","Data science"
"4319",""
"4320","-99"
"4321","Homemaker"
"4322","FINANCE"
"4323","-99"
"4324","Educator"
"4325","retired"
"4326","Homemaker"
"4327","Engineer"
"4328","Assistant Corporate Secretary"
"4329","Conseiller pédagogique"
"4330","Manager"
"4331","Human Resourse Manager"
"4332",""
"4333","-99"
"4334","Accountant"
"4335","CRA auditor"
"4336","-99"
"4337",""
"4338",""
"4339","-99"
"4340","Professionel"
"4341","real estate"
"4342","Self employed"
"4343","travailleur autonome"
"4344","-99"
"4345","Political and economic advisor"
"4346","Gestionnaire"
"4347","retired"
"4348",""
"4349","Union representative"
"4350",""
"4351","Regional Sales Manager"
"4352",""
"4353","Park ranger"
"4354",""
"4355","-99"
"4356","Airline pilot"
"4357",""
"4358","Driver"
"4359","Office Adm"
"4360",""
"4361","-99"
"4362","-99"
"4363",""
"4364","-99"
"4365","merchandiser"
"4366","security guard"
"4367","Journalière"
"4368",""
"4369",""
"4370","Student"
"4371","Retail"
"4372","Cariste"
"4373","directeur"
"4374",""
"4375",""
"4376","Administrative assistant"
"4377",""
"4378","retired"
"4379","coach driver"
"4380","Professional"
"4381","Field Engineer"
"4382","Nuclear Specialist Operations"
"4383",""
"4384",""
"4385","Retired DND"
"4386","Scientist"
"4387","TECHNICAL SERVICE ADVISOR"
"4388","-99"
"4389",""
"4390",""
"4391","infirmière"
"4392","Retraité"
"4393",""
"4394","-99"
"4395","Education"
"4396","admin assist"
"4397","-99"
"4398","CSR"
"4399","Personal Support Worker"
"4400",""
"4401",""
"4402","RH"
"4403",""
"4404","Computer Technician"
"4405",""
"4406","Technicien électronique"
"4407","-99"
"4408","-99"
"4409","J’étais secrétaire médicale,"
"4410",""
"4411",""
"4412","Nurse"
"4413","Brigadier"
"4414","Money lender"
"4415","Bank manager"
"4416","-99"
"4417","Teacher"
"4418","Travel Agent"
"4419","-99"
"4420","accountant"
"4421","Real Estate"
"4422","Editor"
"4423","chauffeur"
"4424","Purchaser"
"4425","service à la clientèle"
"4426","infirmière"
"4427","Administrator"
"4428","-99"
"4429","Early childhood educator"
"4430","Cleaner"
"4431","Military"
"4432","Gardener"
"4433",""
"4434",""
"4435",""
"4436","Fromager"
"4437","business owner"
"4438","-99"
"4439","Teacher"
"4440","Administration"
"4441","hospitality"
"4442","Gen. Manager"
"4443","Business Systems Analyst (retired)"
"4444",""
"4445","stock keeper"
"4446",""
"4447","-99"
"4448","Director"
"4449",""
"4450","Chomeur"
"4451",""
"4452","Nurse"
"4453","Kinesiologist"
"4454","Commis de cuisine"
"4455","Office manager"
"4456","Insurance Broker"
"4457","registered nurse"
"4458",""
"4459","Survey Feedback:  Please include a progress bar so participants can see their progress.  Please increase the reward for the survey if there is no progress bar to reflect the inconvenience."
"4460",""
"4461","project manager"
"4462","educator"
"4463",""
"4464","Psw"
"4465","Reprèesentant industriel"
"4466","Elementary school teacher/administrator"
"4467","-99"
"4468",""
"4469","Professional Engineer"
"4470","Bookkeeper"
"4471","Executive secretary"
"4472","vente gros et détail"
"4473","Psychoéducateur"
"4474","Director Corporate Security"
"4475","union representative"
"4476","carman"
"4477","jeweller"
"4478",""
"4479",""
"4480","Professional"
"4481",""
"4482","PROVINCIAL OFFENSES OFFICER"
"4483",""
"4484",""
"4485",""
"4486",""
"4487",""
"4488","-99"
"4489",""
"4490","Service clients"
"4491","-99"
"4492","Security"
"4493",""
"4494","-99"
"4495",""
"4496","consultant"
"4497","Security"
"4498",""
"4499","Entretien batiment"
"4500","-99"
"4501","Sales Clerk"
"4502","Underwriter"
"4503","PIPEFITTER"
"4504","RETIRED"
"4505",""
"4506","government worker"
"4507",""
"4508","-99"
"4509","Pilote de ligne"
"4510",""
"4511",""
"4512","Responsable en assurance qualité"
"4513","Engineer"
"4514","science liaison"
"4515",""
"4516","manager"
"4517",""
"4518","-99"
"4519","Casual caregiver"
"4520",""
"4521","-99"
"4522",""
"4523",""
"4524","Travailleur autonome"
"4525","accountant"
"4526",""
"4527","Étudiant"
"4528","Secretarian"
"4529",""
"4530","Administration"
"4531","-99"
"4532","Engineer"
"4533","Retired"
"4534","Systems Analyst"
"4535","senior operator of chemical processing plant and maintenance coordinator"
"4536","ap clerk"
"4537","-99"
"4538",""
"4539","Finance"
"4540","Carpentry"
"4541","Sales rep"
"4542","Homemaker"
"4543",""
"4544","Exec.assistant"
"4545","Service"
"4546","Gestionnaire"
"4547","Database Administrator"
"4548","self employed"
"4549","Administration scolaire"
"4550","Agent de bord"
"4551",""
"4552","Business owner"
"4553","Organisateur social"
"4554","Retired"
"4555",""
"4556","rig pig"
"4557","-99"
"4558","Technical Service Rep."
"4559","-99"
"4560","-99"
"4561",""
"4562","étudiant"
"4563","Retired - Financial"
"4564",""
"4565","consultant"
"4566",""
"4567","customer service manager"
"4568","Logistics"
"4569","paramedic"
"4570","Student"
"4571","-99"
"4572",""
"4573","paralegal"
"4574","Nursing Admin"
"4575","-99"
"4576","Occupational therapist"
"4577","Billing/collecting Hydro"
"4578","Medical Receptionist"
"4579","Travailleur autonome"
"4580","-99"
"4581","Supervisor"
"4582","Éducateur spécialisé"
"4583","Plumber"
"4584","tacher"
"4585","Housewife"
"4586","Cook"
"4587",""
"4588","Travailleur temps plein"
"4589",""
"4590","Office clerk"
"4591",""
"4592",""
"4593",""
"4594","-99"
"4595",""
"4596","Entrepreneur/Business Founder and owner"
"4597","Travail de bureau"
"4598","hr advisor"
"4599","-99"
"4600","Tradesman"
"4601","Enseignante"
"4602",""
"4603","Clerk"
"4604","analyst"
"4605","Product supply manager"
"4606","Business owner"
"4607","Étudiant et employé à temps partiel"
"4608","Disabled"
"4609",""
"4610","Training"
"4611","cleaner"
"4612","Director - Provincial Government"
"4613","RN"
"4614","-99"
"4615","Law enforcement"
"4616",""
"4617",""
"4618","Directeur général"
"4619","sans emploi pour le moment"
"4620","Conseillère en communications et marketing numérique"
"4621","Operator"
"4622",""
"4623","Clerk"
"4624","Producer/Director Live Entertainment"
"4625","-99"
"4626",""
"4627","Early Childhood Educator"
"4628","fonctionnaire"
"4629","Engineer"
"4630","Teacher"
"4631",""
"4632",""
"4633","Retail"
"4634","Camera repair technician"
"4635","Part-time worker"
"4636","Retired RN"
"4637",""
"4638","-99"
"4639","technology"
"4640","Retired"
"4641","senior audit manager"
"4642","Grain Inspector"
"4643","-99"
"4644","Technical Writer"
"4645","Website hosting"
"4646","Entretien ménager"
"4647","-99"
"4648",""
"4649",""
"4650",""
"4651","insurance"
"4652","mktg. mgr"
"4653","Analyst"
"4654","Office cleaning"
"4655","dispatcher"
"4656",""
"4657","Nurse"
"4658","-99"
"4659","Étudiant"
"4660",""
"4661","registered nurse"
"4662","travail temps plein"
"4663","Management"
"4664","-99"
"4665","Store Manager"
"4666","Security"
"4667",""
"4668",""
"4669","Teacher"
"4670",""
"4671","-99"
"4672","-99"
"4673","-99"
"4674",""
"4675",""
"4676","au foyer"
"4677",""
"4678","Salarié"
"4679","IT"
"4680",""
"4681","-99"
"4682","Room Attendant"
"4683","Communications"
"4684","Consultant"
"4685","Retail general manager"
"4686","student"
"4687",""
"4688","-99"
"4689","teacher"
"4690","office worker"
"4691","-99"
"4692","-99"
"4693",""
"4694","Financial Advisor"
"4695","Executive"
"4696","Courier"
"4697","Retail"
"4698","Management consultant"
"4699","Cashier"
"4700","Physiotherapist"
"4701","legal assistant"
"4702",""
"4703","Office Manager for an Outfitter"
"4704","student"
"4705",""
"4706","Dishwasher/Food preparation assistant"
"4707",""
"4708","Business service rep"
"4709","Oceanographer"
"4710","Préposée aux télécommunications"
"4711","Secretary"
"4712","Skilled worker"
"4713","policiere"
"4714","Technicien bâtiment"
"4715",""
"4716","Pharmacy technician"
"4717","nonprofit administration"
"4718",""
"4719",""
"4720","-99"
"4721","Travailleur"
"4722",""
"4723",""
"4724","-99"
"4725","Étudiante"
"4726","EARLY CHILDHOOD EDUCATION"
"4727","Militaire"
"4728","-99"
"4729",""
"4730","-99"
"4731","Manager"
"4732","Warehouse staff"
"4733","Medical assistant"
"4734",""
"4735","Accountant"
"4736",""
"4737","-99"
"4738","chamber maid"
"4739",""
"4740","Human Resources Consultant"
"4741",""
"4742","Marchandiseur"
"4743","Travailleur autonome"
"4744",""
"4745","commis comptable"
"4746",""
"4747","Directeur"
"4748","Adjoint de recherche"
"4749","Secondary Teacher"
"4750","Project manager"
"4751",""
"4752","Homemaker"
"4753",""
"4754","-99"
"4755","enseignant"
"4756",""
"4757",""
"4758","-99"
"4759","Nurse...RPN"
"4760","IT project manager"
"4761",""
"4762","Chef"
"4763","Professeur d'université"
"4764","-99"
"4765","student"
"4766",""
"4767","Pab"
"4768",""
"4769","Secretary"
"4770","n/a"
"4771",""
"4772","sans emploi"
"4773","inspecteur"
"4774","Cadre"
"4775","mere au foyer"
"4776",""
"4777",""
"4778",""
"4779",""
"4780","Customer service"
"4781","Consultant"
"4782","-99"
"4783","Power engineer"
"4784","Communications"
"4785","Office manager"
"4786",""
"4787","Banker now retired"
"4788",""
"4789","Office manager"
"4790","Public service manager"
"4791","greenhouse labour"
"4792","University administration"
"4793","IT"
"4794","-99"
"4795","Teacher"
"4796",""
"4797","union officer"
"4798","Sales"
"4799","Disability"
"4800",""
"4801","labourer"
"4802","customer service"
"4803","Mechanical Manager"
"4804","construction"
"4805","Agente administrative"
"4806","Government relations"
"4807",""
"4808",""
"4809",""
"4810","Firefighter"
"4811",""
"4812","technicien communication"
"4813","Housing executive"
"4814","-99"
"4815","Consultant"
"4816",""
"4817","nurse, cab driver"
"4818","Professionnel de la santé"
"4819","Technicienne en comptabilité"
"4820","Food service"
"4821",""
"4822",""
"4823","Social worker HBSW"
"4824","-99"
"4825",""
"4826","Assessment Coordinate"
"4827",""
"4828",""
"4829","Fonctionnaire gouv fédéral."
"4830","Nurse educator"
"4831","Technicienne en éducation spécialisée"
"4832","Sales Rep"
"4833","Safety consultant"
"4834",""
"4835",""
"4836","-99"
"4837","Directeur de compte"
"4838",""
"4839","unemployed"
"4840","-99"
"4841","-99"
"4842","Commercial Realtor"
"4843","enseignant"
"4844","ADDICTIONS COUNSELOR"
"4845","-99"
"4846",""
"4847",""
"4848",""
"4849",""
"4850",""
"4851","Manager of Water and Wastewater Systems and Compliance"
"4852",""
"4853","IT project manager"
"4854",""
"4855","Teacher"
"4856","Supply Chain Management ( Logistics )"
"4857","Analyste d'affaires"
"4858","Chauffeur-livreur"
"4859",""
"4860","Security Guard"
"4861",""
"4862",""
"4863",""
"4864","Clerk"
"4865","Personal shopper"
"4866",""
"4867",""
"4868","Banquier"
"4869",""
"4870",""
"4871",""
"4872","Professionnel RH"
"4873","Office worker"
"4874","Banker"
"4875","-99"
"4876","-99"
"4877","Accountant"
"4878","Financial Planner"
"4879","student"
"4880","Property manager"
"4881","-99"
"4882","Sales"
"4883",""
"4884","Customer Service"
"4885",""
"4886","Retraité"
"4887","Réviseure/traductrice"
"4888","HR Manager"
"4889","Financial advisor"
"4890","-99"
"4891","-99"
"4892","Security"
"4893","homemaker"
"4894","-99"
"4895","engineer"
"4896","RN"
"4897",""
"4898","Accounting Clerk"
"4899","préposée aux bénéficiaires"
"4900","Fiscaliste"
"4901",""
"4902",""
"4903","FISHERMAN"
"4904",""
"4905","director of IT"
"4906",""
"4907","computers"
"4908",""
"4909",""
"4910","-99"
"4911","Banker"
"4912",""
"4913","Family History Researcher"
"4914",""
"4915",""
"4916","Homemaker"
"4917","Technicienne juridique"
"4918","student"
"4919",""
"4920","-99"
"4921","office assistant"
"4922","Travel consultant"
"4923","technologue en radio oncologie"
"4924","Retail sales"
"4925","Board director"
"4926","-99"
"4927",""
"4928","Administration"
"4929","retraité"
"4930","Saled"
"4931","Retired Nurse Practitioner"
"4932",""
"4933",""
"4934",""
"4935","Dessinatrice industrielle"
"4936","PSW"
"4937",""
"4938","Hospitality Management"
"4939","Qa"
"4940","Educator"
"4941","library clerk"
"4942","OFFICE WORKER"
"4943","-99"
"4944","Étudiant"
"4945","-99"
"4946","-99"
"4947","-99"
"4948","technicien civil"
"4949",""
"4950","-99"
"4951","public servant"
"4952",""
"4953","Admin"
"4954","ingenieur"
"4955",""
"4956","agent de bureau"
"4957","Entrepreneur"
"4958",""
"4959","Therapy Assistant"
"4960","Électricien"
"4961","Travailleur"
"4962",""
"4963","Personal care worker"
"4964","Disability case manager"
"4965",""
"4966","Educational assistant"
"4967","Rédactrice gouvernement du Québec"
"4968","clerical"
"4969","Retraité"
"4970","student"
"4971","upholsterer"
"4972","-99"
"4973","Asistant administrative"
"4974",""
"4975","bank supervisor"
"4976",""
"4977","Professional Engineer"
"4978",""
"4979","art broker"
"4980","-99"
"4981",""
"4982","Policy"
"4983",""
"4984",""
"4985",""
"4986","Teacher"
"4987","Retail management"
"4988",""
"4989","Retraité"
"4990","RETIRED"
"4991",""
"4992","Office worker"
"4993","Teacher"
"4994","Manzger"
"4995","-99"
"4996","-99"
"4997","retired Law Clerk/Office Manager"
"4998","Pharmacy technician"
"4999","Travailleur plfein temps"
"5000","-99"
"5001","Hygienist"
"5002",""
"5003",""
"5004","Handmade baby retail"
"5005","Forensic scientist"
"5006","nurse"
"5007",""
"5008","deli clerk"
"5009","Project Manager"
"5010","-99"
"5011","-99"
"5012","labour"
"5013","engineer"
"5014","-99"
"5015","business owner"
"5016","Paramedic"
"5017",""
"5018",""
"5019","Letter carrier"
"5020","disabled, do not work"
"5021",""
"5022",""
"5023",""
"5024","Data analyst"
"5025",""
"5026","Laborer"
"5027","Communications associate"
"5028","supply chain"
"5029","medecin"
"5030","Technician"
"5031","Store clerk"
"5032",""
"5033",""
"5034","Teacher"
"5035",""
"5036","Accounts Clerk"
"5037","Financial Support"
"5038","sales manager"
"5039",""
"5040",""
"5041","machiniste"
"5042","programmeur analyste"
"5043","Financial Analyst"
"5044","-99"
"5045","commis dans une banque"
"5046","Retired - Insurance"
"5047",""
"5048",""
"5049",""
"5050",""
"5051","Agent sécurité"
"5052","Executive assistant"
"5053","-99"
"5054",""
"5055","Unemployment"
"5056","-99"
"5057",""
"5058","Small business owner"
"5059",""
"5060","Art Director in 2D Animation"
"5061","Service à la clientèle pour Air Canada"
"5062","-99"
"5063","Retired"
"5064","Teacher"
"5065","rn"
"5066","aidante naturelle"
"5067","Pharmacist"
"5068","Law enforcement"
"5069","clerical"
"5070","Teacher"
"5071",""
"5072","clerk"
"5073","Notaire"
"5074","Assurance"
"5075","case manager"
"5076","personal services"
"5077","Accountant"
"5078","Courtier"
"5079","Student"
"5080","security"
"5081",""
"5082","infirmière clinicienne"
"5083",""
"5084","consultant en gestion"
"5085",""
"5086",""
"5087","Analyst"
"5088","Student"
"5089","-99"
"5090","retired"
"5091","-99"
"5092",""
"5093","-99"
"5094",""
"5095","Bookkeeper/Office Manager"
"5096","-99"
"5097","-99"
"5098","-99"
"5099",""
"5100","Salariés"
"5101","Banker"
"5102","Consultant en informatique"
"5103","Computer programmer"
"5104","Renovator"
"5105","financial services"
"5106","PARTSMAN"
"5107","Retired"
"5108",""
"5109",""
"5110","Administration Manager"
"5111","Personal care attendent"
"5112","-99"
"5113",""
"5114","Housekeeper"
"5115",""
"5116","assistant gérant"
"5117",""
"5118","Gestionnaire"
"5119",""
"5120","Retired but doing part time consulting"
"5121","-99"
"5122",""
"5123",""
"5124","Travailleur à temps plein"
"5125","Systems Administrator"
"5126","Government Auditor"
"5127","Cancer research"
"5128",""
"5129",""
"5130","Registered Nurse"
"5131","It analysts"
"5132",""
"5133","Student (Full Time)"
"5134","Office Manager - Insurance"
"5135","Ingénieur"
"5136","-99"
"5137",""
"5138","-99"
"5139","Retired"
"5140",""
"5141","Business"
"5142","Licensed Practical Nurse"
"5143","travel services"
"5144","Biologiste"
"5145","directeur des opérations"
"5146","Full time employee"
"5147",""
"5148",""
"5149",""
"5150","Accountant"
"5151","Management"
"5152","Teacher"
"5153","Operator"
"5154","Govt"
"5155","District Manager of a Chain of Restaurants"
"5156","-99"
"5157",""
"5158",""
"5159","Cx service rep"
"5160","-99"
"5161","-99"
"5162","accounts Payable"
"5163","Retraité"
"5164",""
"5165","Agente admnistrative"
"5166","horloger"
"5167","Education assistant"
"5168","-99"
"5169","Library worker"
"5170","Conseiller vente au détail"
"5171","Homemaker"
"5172","Head Cook  and Foster Parent"
"5173",""
"5174",""
"5175","Études"
"5176",""
"5177",""
"5178","lamineur duo"
"5179","Administration"
"5180","service rep"
"5181","-99"
"5182","Assistant technique en dialyse"
"5183","CASH APPLICATION SPECIALIST"
"5184","Social services"
"5185",""
"5186","Student"
"5187",""
"5188","Teacher"
"5189","Environmental sector"
"5190","professional"
"5191",""
"5192",""
"5193","Registered Pharmacy Technician"
"5194","System Analyst"
"5195","Agente de bureau"
"5196","retired"
"5197","manager"
"5198","-99"
"5199","Administrative assistant"
"5200",""
"5201","Administrative assistant"
"5202","Underwriter"
"5203","-99"
"5204","bio-medical librarian"
"5205","Professional"
"5206","ECE"
"5207","teacher"
"5208","Health services administration"
"5209","-99"
"5210","Hospital Worker"
"5211","-99"
"5212","Service à la clientèle"
"5213","Travaileur a temps pleins"
"5214","Miltary"
"5215",""
"5216","business analyst"
"5217","conseiller en informatique"
"5218","Writer"
"5219","Physics professor"
"5220",""
"5221","Account manager"
"5222","education"
"5223","Video editor"
"5224",""
"5225",""
"5226",""
"5227","SPÉCIALISTE  EN  ADAPTATION  SCOLAIRE + RELATION  D AIDE"
"5228","-99"
"5229","-99"
"5230","Principal"
"5231","Technicienne en administration"
"5232","Stockbroker"
"5233",""
"5234",""
"5235","Directeur général"
"5236","Agent de recouvrement du gouvernement fédéral"
"5237","Retraitée"
"5238",""
"5239","-99"
"5240","Tech en médecine nucleaire"
"5241",""
"5242","Pompier"
"5243",""
"5244","Planificateur financier"
"5245",""
"5246","Accountant"
"5247","Publice Relations Consultant"
"5248","Social worker"
"5249","-99"
"5250","Foreman"
"5251","Mystery shopper audits"
"5252","PC Technician"
"5253","travail de bureau"
"5254",""
"5255","Engineer"
"5256","customer service"
"5257",""
"5258",""
"5259",""
"5260",""
"5261",""
"5262",""
"5263","Au foyer"
"5264","retired"
"5265","Airline's ground staff."
"5266","fiscaliste"
"5267",""
"5268","Consultant"
"5269",""
"5270","infirmiere"
"5271",""
"5272","Teacher"
"5273",""
"5274",""
"5275","Web Developer"
"5276","writer-editor"
"5277","Executive Assistant"
"5278","Bus driver"
"5279","teacher"
"5280","-99"
"5281",""
"5282","Student"
"5283","Driver"
"5284","Marketing"
"5285",""
"5286","District Manager"
"5287","government administration"
"5288",""
"5289","SALES ENGINEER"
"5290","-99"
"5291","opérateur de poids lourd retraité"
"5292","Fonctionnaire"
"5293",""
"5294","-99"
"5295","Program Administrator"
"5296",""
"5297",""
"5298","Business Development"
"5299","-99"
"5300","RN"
"5301",""
"5302","Engineer"
"5303","Manager"
"5304",""
"5305","Temps plein"
"5306","Teacher"
"5307",""
"5308","retail clerk"
"5309",""
"5310","manager"
"5311",""
"5312",""
"5313","Communications"
"5314","Flight Attendant"
"5315","Life Insurance Specialist"
"5316","Customer sales"
"5317","INVENTORY CONTROL SPECIALIST"
"5318",""
"5319","COO"
"5320","internal audit manager"
"5321","Financial analyst"
"5322",""
"5323","Secrétaire"
"5324","stay at home mom"
"5325","Customer service"
"5326","Clerical"
"5327","Chief data engineering analyst"
"5328","-99"
"5329","Préposé aux bénéficiaires"
"5330",""
"5331",""
"5332","Nurse"
"5333","Who the fuck cares? I pay taxes don't break the law and keep to myself with my community. Isn't this enough?"
"5334","Self employed esthetician"
"5335",""
"5336","teacher"
"5337","Healthcare"
"5338","First responder"
"5339","Fonctionnaire retraité"
"5340",""
"5341",""
"5342","-99"
"5343","Management"
"5344","railway wielder"
"5345",""
"5346",""
"5347","welder"
"5348","consultant"
"5349","-99"
"5350","Reg Psychiatric Nurse"
"5351","cook"
"5352","College professor"
"5353","-99"
"5354","health care aide"
"5355","-99"
"5356","Retired auto analyst"
"5357","Insurance underwriter"
"5358","Machinist"
"5359","programmeur"
"5360",""
"5361","-99"
"5362",""
"5363",""
"5364",""
"5365","-99"
"5366","Enseignamte"
"5367",""
"5368",""
"5369",""
"5370","Program Analyst"
"5371","Full time"
"5372",""
"5373",""
"5374",""
"5375","grocery store clerk"
"5376",""
"5377","-99"
"5378","retired"
"5379","Trades person"
"5380","Travel Counsellor"
"5381","professionnel/géographe"
"5382","Partner"
"5383","-99"
"5384",""
"5385",""
"5386","Disabled"
"5387","It"
"5388","Owner construction"
"5389",""
"5390","Bookkeeping"
"5391","businessman"
"5392","Municipal government"
"5393","Retiered"
"5394",""
"5395",""
"5396",""
"5397","Conseiller Technique TI"
"5398","administration"
"5399","Fonctionnaire fédéral"
"5400","-99"
"5401",""
"5402","cashier"
"5403",""
"5404",""
"5405","Teacher"
"5406","contremaitre"
"5407",""
"5408","Manoeuvre"
"5409","manager"
"5410",""
"5411","Bookkeeper"
"5412","-99"
"5413",""
"5414",""
"5415","technicien en informatique"
"5416","enseignant"
"5417",""
"5418","missionary"
"5419","fonctionnaire prov"
"5420","-99"
"5421","-99"
"5422","Public city worker"
"5423",""
"5424","infirmière"
"5425",""
"5426","Supervisor"
"5427","retraité"
"5428",""
"5429","Social worker"
"5430","Analyste financière"
"5431","Manager of Commercial Lending Department"
"5432","-99"
"5433","Registered Paramedic"
"5434","Cashier"
"5435","commodities transport specialist"
"5436",""
"5437",""
"5438","Maintainance Painter"
"5439","Infirmière auxiliaire"
"5440","Retired"
"5441","COUNSELOR"
"5442","Accountant"
"5443","ALS Paramedic retired"
"5444","Retired"
"5445","system analyst"
"5446",""
"5447","professionnel"
"5448","Archiviste"
"5449","Postal Manager"
"5450","daycare owner"
"5451","nurse"
"5452","agente de probation"
"5453",""
"5454","Travail temps plein"
"5455","Office clerk"
"5456",""
"5457","-99"
"5458","Customer service"
"5459","school teacher"
"5460",""
"5461","Student"
"5462","retired journalist"
"5463",""
"5464",""
"5465","Manager real estate"
"5466","Facteur"
"5467","retired"
"5468",""
"5469","fonctionnaire"
"5470","adm"
"5471","agent sanitaire"
"5472","accountant"
"5473","university professor"
"5474",""
"5475","Professionnel de la santé"
"5476",""
"5477",""
"5478","Research Lab Coordinator"
"5479","Social worker"
"5480","-99"
"5481","Réussir à vivre"
"5482",""
"5483","Gestionnaire"
"5484","Homemaker"
"5485","Commis de bureau"
"5486","bookkeeper, junior accountant"
"5487","Agent"
"5488",""
"5489",""
"5490","Au foyer"
"5491",""
"5492","Évaluateur de programme"
"5493","Enseignant temps plein au cégep"
"5494","Manager"
"5495",""
"5496","Travailleur temps plein"
"5497","Bell Technician"
"5498","Customer Service"
"5499","Administration"
"5500","Telecommunications"
"5501",""
"5502","Police"
"5503",""
"5504","Disabled."
"5505","The Performing Arts"
"5506",""
"5507","Répartiteur"
"5508","Tim Hortons"
"5509","Retired Engineer"
"5510","Hotellerie"
"5511","geophysicist"
"5512","government supervisor"
"5513","Expert comptable"
"5514","Recreational technician"
"5515","Professor"
"5516","Education"
"5517",""
"5518","Directeur opération"
"5519","Substitute Teacher"
"5520","Musician"
"5521","Tech.électronique"
"5522","labourer"
"5523","Préposé aux bénéficiaires"
"5524","customer service"
"5525","Public servant"
"5526",""
"5527","-99"
"5528",""
"5529","Physiotherapist"
"5530","Agent responsable en assurances"
"5531","construction"
"5532","Director"
"5533","manager"
"5534","Student"
"5535",""
"5536","Architect"
"5537","Recreation Supervisor"
"5538","Legal Assistant"
"5539",""
"5540",""
"5541","Maman à la maison"
"5542","Education"
"5543","Trucker"
"5544","Adjointe administrative"
"5545","Customer Service Rep."
"5546","RETIRED"
"5547","Stay at home"
"5548","Teacher"
"5549","Gestionnaire"
"5550",""
"5551","Retired"
"5552","Project Mamager"
"5553",""
"5554","-99"
"5555","travaille temps plein"
"5556","contremaitre"
"5557",""
"5558","Exec. Dir. HIV/AIDS"
"5559","newspaper editor"
"5560","retired"
"5561","Customer Service"
"5562","service tech"
"5563","-99"
"5564",""
"5565","Analyste financière"
"5566","Retired"
"5567","Student"
"5568","Étudiant"
"5569",""
"5570","Civil Engineer"
"5571","Group Home Manager"
"5572","Accountant"
"5573","Professeur"
"5574","licensed practical nurse"
"5575","Auditeur"
"5576","nfirmiere"
"5577",""
"5578","Analyste informatique"
"5579",""
"5580",""
"5581","Admin"
"5582",""
"5583","Self employed"
"5584","-99"
"5585","-99"
"5586","Business Advisor"
"5587","C Suite Exec"
"5588","Travail temps pleins"
"5589","Lieutenant-detective"
"5590",""
"5591","-99"
"5592",""
"5593",""
"5594","-99"
"5595","IT"
"5596",""
"5597","foreman"
"5598","Actuaire"
"5599",""
"5600","Employé de bureau"
"5601","Teacher"
"5602","Manager"
"5603","Military"
"5604","peace officer"
"5605","house wife"
"5606","unemployed"
"5607",""
"5608","analyst"
"5609","Homemaker"
"5610","server"
"5611",""
"5612",""
"5613","Student - Architecture"
"5614","-99"
"5615","Financial Planner"
"5616","Teacher"
"5617",""
"5618",""
"5619","Psychologist"
"5620","photographer, instructor, small business owner"
"5621","-99"
"5622","education administrator"
"5623","-99"
"5624","Engineer"
"5625","manutentionnaire"
"5626","Student and part time job at statistics canada"
"5627","-99"
"5628",""
"5629","Retired"
"5630","Piano teacher"
"5631",""
"5632","Medical office assistant"
"5633",""
"5634",""
"5635","-99"
"5636","qc manager"
"5637",""
"5638",""
"5639","Clerical"
"5640","-99"
"5641","Construction contractor"
"5642",""
"5643","Parts Driver"
"5644","Project manager"
"5645",""
"5646","-99"
"5647",""
"5648","Executive director"
"5649",""
"5650",""
"5651","Travailleuse sociale"
"5652","-99"
"5653","Dump truck driver"
"5654","Camionneur"
"5655","firefighter"
"5656",""
"5657","Professor"
"5658",""
"5659","Opératrice"
"5660","College"
"5661","Teacher"
"5662","IT"
"5663","Insurance"
"5664","Nurse"
"5665","Administration"
"5666",""
"5667",""
"5668","Naval Officer"
"5669",""
"5670","Health care"
"5671","adjointe administrative"
"5672",""
"5673","clerical"
"5674",""
"5675","Administrative Coordinator"
"5676","lab technician"
"5677","software engineer"
"5678","Telecommunications"
"5679","Aviation security"
"5680","Post master"
"5681","farm manager"
"5682","Labour worker"
"5683","-99"
"5684","Enseignant"
"5685",""
"5686","Retraite"
"5687","financial analyst"
"5688","Policier"
"5689","Homemaker"
"5690","factory supervisor"
"5691","Éducateur petite enfance"
"5692",""
"5693","Data entry clerk"
"5694",""
"5695",""
"5696","Office manager"
"5697","Enseignant"
"5698",""
"5699",""
"5700","-99"
"5701",""
"5702","Directrice service client"
"5703","Financial"
"5704","Executive assistant"
"5705","Nursing Attendant"
"5706","Medical transcription"
"5707",""
"5708","Nurse"
"5709","EDUCATOR"
"5710","Theatre Stage Manager"
"5711",""
"5712","Sales"
"5713",""
"5714",""
"5715",""
"5716","Student"
"5717","Claims Adjuster"
"5718","Retraite"
"5719","Underwriter"
"5720","Stationary Engineer"
"5721","Teacher"
"5722","CNC operator"
"5723","secrétaire de direction"
"5724","-99"
"5725","Infirmière"
"5726",""
"5727","-99"
"5728",""
"5729","Intervenante"
"5730","Insurance"
"5731","CPA"
"5732","Trade control analyst"
"5733","manufacturing"
"5734",""
"5735",""
"5736","-99"
"5737","Doctor"
"5738","Federal Government public servant"
"5739","Librarian"
"5740",""
"5741",""
"5742","teacher"
"5743",""
"5744","cleaner"
"5745",""
"5746","adjointe administrative"
"5747","Étudiant"
"5748",""
"5749","Support Worker"
"5750","imprimerie  finition expedition"
"5751",""
"5752",""
"5753",""
"5754",""
"5755","Office worker"
"5756",""
"5757","Administration"
"5758","coordonnatrice aux événements"
"5759","warehoise supervisor"
"5760","Disabled"
"5761","-99"
"5762","Regional sales director"
"5763","Enseignant"
"5764","Agent de services financiers"
"5765","IT Consultant"
"5766",""
"5767",""
"5768","Student"
"5769",""
"5770","Étudiante"
"5771","Call Center for StatCan"
"5772","retired"
"5773",""
"5774","Television News Producer/reporter"
"5775",""
"5776",""
"5777","registered nurse"
"5778","graphic designer"
"5779","-99"
"5780","Design consulting"
"5781","Ingénieur"
"5782",""
"5783",""
"5784","teacher"
"5785","Financial"
"5786","Brand manager"
"5787","labouror"
"5788","Credit Advisor"
"5789","Government employee"
"5790",""
"5791","Student"
"5792","Recruiter"
"5793","Customer Service Rep"
"5794",""
"5795","SALES"
"5796","enseignant"
"5797","-99"
"5798","Waitress"
"5799","Home Economist"
"5800",""
"5801","-99"
"5802","Training & Development"
"5803","Secondary School Teacher"
"5804",""
"5805","Software Trainer"
"5806","university administrator"
"5807","Civil servant"
"5808","retraite"
"5809","Lab/X-Ray"
"5810","Federal Civil servant"
"5811","HR"
"5812",""
"5813","Registered Nurse"
"5814","Superintendent of Business"
"5815","Banking"
"5816","CPA"
"5817",""
"5818","RETAIL"
"5819",""
"5820","économiste"
"5821",""
"5822","Travailleur autonome"
"5823","Psychologist"
"5824","Compliance Officer"
"5825",""
"5826","Estimator"
"5827",""
"5828","-99"
"5829",""
"5830","Systems analyst"
"5831",""
"5832","Software Engineer"
"5833","opérateur de photocopieur"
"5834","Legal Secretary"
"5835",""
"5836","Banker"
"5837","Entrepreneur"
"5838","Pastor"
"5839",""
"5840","telephone operator"
"5841","Administrative secretary"
"5842","Specialist"
"5843","Parts technician"
"5844","Temps partiel occasionnel"
"5845","Homemaker"
"5846",""
"5847","-99"
"5848","biologist"
"5849","Kinesiologist"
"5850","Invalide"
"5851","Metallurgist"
"5852","Retired"
"5853","Teacher"
"5854",""
"5855",""
"5856","computer project manager"
"5857","Horticulture"
"5858","accounting"
"5859","homemaker"
"5860",""
"5861","Transportation"
"5862",""
"5863","Responsable des communications"
"5864","-99"
"5865","exploration geologist"
"5866","-99"
"5867","Children’s pastor"
"5868","Machine Operator"
"5869","-99"
"5870",""
"5871",""
"5872",""
"5873","Student"
"5874","Business Development"
"5875","scientific researcher"
"5876","PARTSMAN"
"5877","Agent de service correctionnel canada"
"5878","Homemaker"
"5879","housewife"
"5880","Réglement Sinistres assces auto"
"5881",""
"5882","school principal"
"5883","Self employed"
"5884",""
"5885","Homemaker"
"5886","-99"
"5887","Directrice administrative"
"5888","-99"
"5889","student"
"5890","Office Manager"
"5891",""
"5892",""
"5893","Property"
"5894","Airline Pilot"
"5895",""
"5896","Golf Superintendent"
"5897",""
"5898","Shuttle Driver"
"5899","fonctionnaire fédéral"
"5900",""
"5901","Elementary school teacher"
"5902","retraite"
"5903",""
"5904","Healthcare"
"5905","retired"
"5906","lawyer"
"5907","Education"
"5908",""
"5909","Enseignant"
"5910",""
"5911","Childcare"
"5912",""
"5913","Informaticien"
"5914","Business owner"
"5915",""
"5916","Printer"
"5917","Nurse"
"5918",""
"5919",""
"5920","Business Executive"
"5921","Emploi à temps plein"
"5922","soudeur ,assembleur"
"5923","Residential counsellor"
"5924",""
"5925","Payroll Administrator"
"5926","-99"
"5927","senior adv iser"
"5928",""
"5929","-99"
"5930","Child care"
"5931","accountant"
"5932",""
"5933",""
"5934",""
"5935",""
"5936","Project manager"
"5937",""
"5938","Spécialiste / Logiciel"
"5939","-99"
"5940","Teacher"
"5941","payroll"
"5942",""
"5943","Scientifique"
"5944","Human Resources admin"
"5945","Student"
"5946","reference assistant"
"5947","Student"
"5948","Education"
"5949",""
"5950",""
"5951","firefighter"
"5952","Engineer"
"5953","Food service"
"5954","Law enforcement"
"5955","military"
"5956","Technique"
"5957","Pistal"
"5958","Student"
"5959","Business owner"
"5960","Technical Specialist"
"5961","engineer"
"5962","-99"
"5963",""
"5964",""
"5965","Technician"
"5966","Retail"
"5967","Actuary"
"5968","Infirmiere"
"5969","Educator"
"5970",""
"5971","CLERK"
"5972","Opérateur de fermentation"
"5973","Teacher"
"5974","-99"
"5975","professional engineer"
"5976","teacher"
"5977",""
"5978","Marketing"
"5979",""
"5980","-99"
"5981","R.N"
"5982","Home maker"
"5983","Compensation board adjudicator"
"5984",""
"5985","Disability"
"5986",""
"5987","Chef"
"5988",""
"5989",""
"5990",""
"5991","engineer"
"5992","Registered midwife"
"5993",""
"5994","Nanny"
"5995","Agent de bureau"
"5996","dental hygienist"
"5997",""
"5998","Banking"
"5999",""
"6000",""
"6001",""
"6002","Retired, sales"
"6003","Sales clerk"
"6004","Student"
"6005","student"
"6006","Architect"
"6007","Vp logistics"
"6008","-99"
"6009","-99"
"6010","paralegal"
"6011",""
"6012",""
"6013","Mental health worker"
"6014",""
"6015",""
"6016","Courtier"
"6017","Adj. adm."
"6018","HR"
"6019","Lab Manager"
"6020","-99"
"6021","Professionnal"
"6022","-99"
"6023","-99"
"6024","-99"
"6025","-99"
"6026","unemployed engineer"
"6027","-99"
"6028","Utility Company Manager"
"6029",""
"6030","Construction Project Manager"
"6031",""
"6032",""
"6033","Special need teacher"
"6034",""
"6035",""
"6036","college dean"
"6037","Alternance travail études"
"6038","-99"
"6039","Retired teacher"
"6040","manager"
"6041","-99"
"6042","Concierge"
"6043","retail management"
"6044","Sales"
"6045","-99"
"6046","-99"
"6047",""
"6048",""
"6049",""
"6050","répartitrice"
"6051",""
"6052","Sports management."
"6053",""
"6054","Registered nurse"
"6055","Retired"
"6056","homemaker"
"6057","-99"
"6058","Infirmière"
"6059","Employé professionnel"
"6060",""
"6061","-99"
"6062","sorter"
"6063","-99"
"6064",""
"6065",""
"6066",""
"6067",""
"6068","maintenance"
"6069","customer services"
"6070","Student"
"6071",""
"6072","-99"
"6073","Col bleu"
"6074",""
"6075","manucturing"
"6076","accountant"
"6077",""
"6078","trucker"
"6079","-99"
"6080","Photographer"
"6081","millwright"
"6082","-99"
"6083",""
"6084","Actor"
"6085","Intervenante en réduction des méfaits (drogues)"
"6086","banking"
"6087","Unemployed"
"6088","Engineer"
"6089","agent de recherche en pharmaceutique"
"6090","-99"
"6091","Maintenance Professional"
"6092",""
"6093","Enseignante"
"6094","-99"
"6095","Retraitée"
"6096","Hygiéniste dentaire"
"6097","administrator"
"6098","Représentant"
"6099","EDUCATIONAL ASSISTANT"
"6100","IT Speicalist"
"6101","Retired"
"6102","Na"
"6103","-99"
"6104",""
"6105","Médecin"
"6106",""
"6107","Étudiant"
"6108",""
"6109","professor/artist"
"6110","administration/managment"
"6111","BOOKKEEPER"
"6112","-99"
"6113","-99"
"6114",""
"6115",""
"6116","Congé de maternité"
"6117","-99"
"6118","avocat"
"6119",""
"6120",""
"6121",""
"6122","représentant syndical"
"6123",""
"6124",""
"6125","Marketing manager"
"6126","-99"
"6127",""
"6128","Tool & die maker"
"6129",""
"6130",""
"6131","program advisor"
"6132",""
"6133","superviseur de production"
"6134","educator"
"6135","-99"
"6136","postal worker"
"6137","Dept manager at walmart"
"6138",""
"6139","Public servant"
"6140","sales"
"6141",""
"6142","executive assistant"
"6143","Teacher"
"6144",""
"6145","House maid"
"6146",""
"6147",""
"6148",""
"6149",""
"6150","It technician"
"6151","Analyste Informatique"
"6152",""
"6153","Commis"
"6154","-99"
"6155","Technicienne science"
"6156","teacher"
"6157",""
"6158",""
"6159","Sales & Marketing"
"6160","Administrative/Clerk"
"6161","Director"
"6162","Administration"
"6163","Gestionnaire"
"6164","Customer service rep"
"6165","retired"
"6166","Issues management"
"6167","Speech-language pathologist"
"6168","direction école"
"6169",""
"6170","Fire Lookout Observer"
"6171","Educator"
"6172","event manager"
"6173","Emploie temps plein"
"6174","accountant"
"6175","accountant"
"6176","Safety professional"
"6177","Finance"
"6178","Homemaker"
"6179","Manager Bell Canada"
"6180","Insurance agent"
"6181",""
"6182","clerk for the Civil Service"
"6183","Homemaker"
"6184","Student"
"6185","Analyst"
"6186",""
"6187","secrétaire"
"6188",""
"6189","-99"
"6190","Student, homeschooler, homemaker, disabled"
"6191","early childhood educator"
"6192","Assistant manager"
"6193",""
"6194","Government"
"6195","Securite"
"6196",""
"6197","Technicienne pharmacie"
"6198","Analyste d’affaires TI"
"6199","Manager"
"6200",""
"6201","agent de securite"
"6202","-99"
"6203","Policier"
"6204","Adult educator"
"6205",""
"6206",""
"6207","Accounting, government"
"6208",""
"6209",""
"6210","Campaigns and Advocacy at NFP"
"6211","Retired"
"6212","Chef"
"6213",""
"6214",""
"6215","Businessman"
"6216",""
"6217",""
"6218","Employé"
"6219","Educator"
"6220","directeur caisse populaire"
"6221","Truck driver"
"6222","customer service"
"6223","Caissière"
"6224","Disabled"
"6225","Bookkeeper"
"6226","Office management"
"6227",""
"6228","Child care provider"
"6229",""
"6230",""
"6231","IT Management"
"6232","-99"
"6233","Inseminateur Bovin"
"6234","Nurse"
"6235","travailleur"
"6236","clergy"
"6237",""
"6238",""
"6239","Co-op chair"
"6240","Analyst"
"6241",""
"6242",""
"6243","Chief Executive Officer"
"6244","Ingénieur industriel"
"6245","Dental hygienist"
"6246","Disability"
"6247",""
"6248","Cashier"
"6249",""
"6250","Teacher"
"6251",""
"6252",""
"6253",""
"6254","educatrice garderie"
"6255",""
"6256","fonction publique"
"6257","manager"
"6258","Social services"
"6259","Dental hygienist"
"6260","-99"
"6261","Retired"
"6262","Gestionnaire coordonnatrice de projet de recherche"
"6263","student"
"6264","Miltary"
"6265",""
"6266","Education"
"6267",""
"6268","Case manager"
"6269","Electrician"
"6270","Retiree"
"6271","Fonctionnaire fédéral"
"6272","administrative assistant"
"6273","Compliance analyst"
"6274","Sales representative"
"6275","Mortgage Broker"
"6276","Gérontologue"
"6277",""
"6278","-99"
"6279","banker"
"6280","Advisor"
"6281",""
"6282","school bus driver"
"6283","-99"
"6284","Mechanic"
"6285",""
"6286","lettreur"
"6287","Insurance"
"6288","gestionnaire"
"6289","communications"
"6290",""
"6291","-99"
"6292","Registered Nurse"
"6293","retired"
"6294",""
"6295",""
"6296","Student"
"6297","Product management"
"6298","Technician"
"6299",""
"6300","Financial planner"
"6301","Educator"
"6302","retail owner"
"6303","Employé temps plein"
"6304",""
"6305",""
"6306","teacher"
"6307","clerical"
"6308","Agent administratif"
"6309","Travel Agent"
"6310","Miner"
"6311","Fast food worker"
"6312"," homemaker"
"6313",""
"6314",""
"6315","Child and youth worker"
"6316","PAPERMAKER"
"6317",""
"6318",""
"6319","-99"
"6320",""
"6321","Recruteur"
"6322","-99"
"6323","Retail merchant"
"6324","Professionnel"
"6325",""
"6326",""
"6327",""
"6328","laveur de vaisselles"
"6329","Federal public servant"
"6330","government employee"
"6331",""
"6332","CRIMINOLOGUE"
"6333","Accountant"
"6334","Receiver"
"6335","retail"
"6336","-99"
"6337","Choreographer"
"6338","Comionneur"
"6339",""
"6340","Retired"
"6341","Sahm"
"6342",""
"6343","Agente administrative"
"6344","Directeur milieu scolaire"
"6345","-99"
"6346","social work"
"6347","Security Supervisor"
"6348","Public servant"
"6349","sales"
"6350","-99"
"6351","Systems analyst"
"6352",""
"6353","retired"
"6354","Office manager"
"6355",""
"6356","Chaplain"
"6357","software development"
"6358","Communications Consultant"
"6359","consultant"
"6360","teacher"
"6361","retired"
"6362","Retail Manager"
"6363",""
"6364",""
"6365","-99"
"6366","Teacher/tutor"
"6367","-99"
"6368",""
"6369",""
"6370","Administrator"
"6371","Producteur"
"6372","-99"
"6373","à la maison"
"6374","-99"
"6375","Administration"
"6376",""
"6377","railway"
"6378","-99"
"6379","Admin assistant"
"6380","Student"
"6381","Business Process Manager"
"6382","-99"
"6383","Curator"
"6384","Data analyst"
"6385","Technician"
"6386",""
"6387","-99"
"6388","geologist"
"6389","Student"
"6390","Service a la clientele"
"6391","manager"
"6392","General Manager"
"6393","Courtier immobilier"
"6394","Enquêteur"
"6395","management"
"6396","Law Enforcement"
"6397","RETIRED"
"6398","fonctionnaire"
"6399","médecin"
"6400","secretary"
"6401","Chatgé de projet"
"6402",""
"6403","maitre électricien"
"6404",""
"6405","travailleuse temps plein"
"6406","self employed"
"6407","-99"
"6408",""
"6409",""
"6410","-99"
"6411","Conseillère en ressources humaines"
"6412","Au foyer"
"6413",""
"6414",""
"6415","opérateur machine papier"
"6416","Student"
"6417","Carreleur"
"6418",""
"6419","Employé"
"6420","Administrator"
"6421",""
"6422","Banker"
"6423",""
"6424",""
"6425",""
"6426",""
"6427","Computer software trainer"
"6428","CONSTRUCTION"
"6429","-99"
"6430",""
"6431","Student"
"6432",""
"6433","homemaker"
"6434","Civil servsnt"
"6435",""
"6436","-99"
"6437","Registered Nurse"
"6438",""
"6439","Investor"
"6440","Technicien"
"6441","-99"
"6442","T.S"
"6443","Administrative assistant"
"6444","program manager"
"6445",""
"6446","Analyste d'affaire"
"6447","Corrections Management"
"6448",""
"6449",""
"6450","alimentation cafétéria"
"6451",""
"6452",""
"6453","-99"
"6454","Housekeeping"
"6455","Manager"
"6456",""
"6457","On disability"
"6458","Public Servant"
"6459","Finance professional"
"6460","IT"
"6461",""
"6462",""
"6463",""
"6464",""
"6465",""
"6466",""
"6467","musician"
"6468","Journalist"
"6469",""
"6470","health care aide"
"6471","Small business owner"
"6472","-99"
"6473","-99"
"6474","Probation officer"
"6475","-99"
"6476","Admin"
"6477","military"
"6478",""
"6479","Civil servant"
"6480","Domestic engineer"
"6481",""
"6482",""
"6483",""
"6484","Travailler chez postes Canada"
"6485","Producer"
"6486","Nurse"
"6487","Self Employed"
"6488","Psw"
"6489","Teacher"
"6490","travailleur temps plein"
"6491","Support worker for people with intellectual disabilities"
"6492",""
"6493","Analyst"
"6494","ferm ier"
"6495","Telephone banking"
"6496","house wife   home maker"
"6497",""
"6498","admin assistant"
"6499","Crane Operator"
"6500","teacher"
"6501","Fonctionnaire"
"6502","retired"
"6503","-99"
"6504","Teacher"
"6505","self employed"
"6506",""
"6507","-99"
"6508",""
"6509","Technologue"
"6510","Teacher"
"6511","-99"
"6512","-99"
"6513","disability"
"6514","-99"
"6515","Gestionnaire"
"6516",""
"6517","Retired"
"6518","Healthcare home support worker"
"6519","MEDICAL ASSISTANT"
"6520",""
"6521","Engineering"
"6522","Accounting"
"6523",""
"6524","bookkeeper"
"6525",""
"6526","études"
"6527",""
"6528","postal worker"
"6529","travailleur"
"6530","Care aide"
"6531",""
"6532","EFL teacher"
"6533",""
"6534",""
"6535",""
"6536","Te0"
"6537","Infirmière"
"6538","Banker"
"6539","Administrative assistant"
"6540","Building manager"
"6541",""
"6542","Sales and service"
"6543","factory labour"
"6544","cashier"
"6545","Manager"
"6546","Travailleur temps plein et étudidant temps plein"
"6547",""
"6548","Safety officer"
"6549",""
"6550","fonctionnaire"
"6551","infirmière"
"6552","conseillère"
"6553","Teacher"
"6554",""
"6555","Gas jockey"
"6556","Sales"
"6557","-99"
"6558","IT manager"
"6559",""
"6560",""
"6561","Nurse"
"6562","maintenance"
"6563",""
"6564","invalidse"
"6565","Technicien bureautique"
"6566","secrétaire exécutive"
"6567","Self employed"
"6568","Retail manager"
"6569","A la maison"
"6570",""
"6571","-99"
"6572","Buyer"
"6573","Lab Technician"
"6574",""
"6575","Artiste 3D"
"6576","-99"
"6577","Pricing analyst"
"6578",""
"6579",""
"6580","gestionnaire de projets informatiques"
"6581","Engineer"
"6582","Founder and Owner"
"6583",""
"6584",""
"6585","Part time sales"
"6586",""
"6587",""
"6588","Lawyer"
"6589","Technicien civil"
"6590","-99"
"6591",""
"6592","IT Specialist"
"6593","Gov’t"
"6594","Plumber"
"6595",""
"6596","Subway Train Driver"
"6597","Retired...Forester Research Technician"
"6598","Business analyst"
"6599","-99"
"6600","Animation Art and design"
"6601","Adjointe administrative"
"6602","educational assistant"
"6603","Civil Service"
"6604","Driver"
"6605","Legal"
"6606","laborer"
"6607","Farmer"
"6608","Business Owner"
"6609",""
"6610","Psy nurse"
"6611",""
"6612",""
"6613","freelance"
"6614",""
"6615",""
"6616","student"
"6617","Retired"
"6618",""
"6619","bus driver"
"6620","invester"
"6621","secretary"
"6622","Jdjdjd djd djd djd djd en"
"6623","-99"
"6624",""
"6625","Supervisor"
"6626",""
"6627",""
"6628","Executive"
"6629","Fraud Investigator"
"6630","-99"
"6631","science technology and trades"
"6632","Technicien"
"6633",""
"6634","Retail Manager"
"6635",""
"6636","-99"
"6637","Crossing guard"
"6638","Sales"
"6639","employé de bureau"
"6640","Gen Mgr"
"6641","Administrative"
"6642","Medical Assistant"
"6643","Office Manager"
"6644","professor"
"6645","research technician"
"6646","Warehouse worker"
"6647",""
"6648","Conseillère en finances"
"6649","Teacher"
"6650",""
"6651",""
"6652","Disabled"
"6653","Administrator"
"6654",""
"6655","-99"
"6656",""
"6657",""
"6658","Accountant"
"6659",""
"6660",""
"6661","housewife"
"6662","Préposé aux avantages sociaux dans une ville"
"6663",""
"6664","unemployed and looking for work"
"6665","community organizer"
"6666","directeur/gerant"
"6667","-99"
"6668",""
"6669","truck driver"
"6670","Call centre agent"
"6671","Horticulteur"
"6672","Teacher"
"6673",""
"6674","Oil & Gas Inside Sales"
"6675","Professionnal"
"6676",""
"6677","-99"
"6678","Computer Specialist"
"6679","Land acquisition"
"6680","admin"
"6681",""
"6682",""
"6683","-99"
"6684",""
"6685","Employé temps plein"
"6686","-99"
"6687",""
"6688",""
"6689","Programmer"
"6690","Travailleuse sociale"
"6691","student"
"6692","Retired"
"6693",""
"6694","Analyst"
"6695",""
"6696","Child and youth worker"
"6697",""
"6698","Accoutant"
"6699",""
"6700","-99"
"6701","admin"
"6702","Psychiatrist"
"6703","Mental health clinician"
"6704","teacher"
"6705","banking"
"6706","Musical theatre student"
"6707",""
"6708","Food service"
"6709","Retired"
"6710",""
"6711","Autopsy technician"
"6712","Travaille à temps plein"
"6713","Educator"
"6714",""
"6715","Estimateur"
"6716","-99"
"6717","Agent de vente"
"6718","pharmaceutical"
"6719","educatrice"
"6720","Professional services"
"6721","manager"
"6722","Journalier"
"6723","-99"
"6724","propriétaire d'entreprise"
"6725",""
"6726",""
"6727","teacher"
"6728","Newspaper graphics"
"6729","research assistant"
"6730","Diagnostic Imaging technologist"
"6731","Research Assistant"
"6732","Human Resources MGR"
"6733","professeur de piano"
"6734","Business owner"
"6735","Registered Nurse"
"6736",""
"6737",""
"6738",""
"6739","gestionnaire"
"6740","Professor"
"6741","retired"
"6742",""
"6743","directeur général adjoint"
"6744","Directeur fonction publique"
"6745","Fonctionnaire fédéral"
"6746","supervisor"
"6747","clerical"
"6748",""
"6749","-99"
"6750","Technologie information"
"6751","étudiant"
"6752","-99"
"6753","unemployed"
"6754","-99"
"6755","Truck Driver"
"6756","Financial Analyst"
"6757","Representant associé"
"6758","Artiste et maman"
"6759","newspaper pressman"
"6760","Peace Officer"
"6761",""
"6762","Teacher"
"6763","Paralegal"
"6764",""
"6765","sales"
"6766","Business Analyst"
"6767","Serveuses"
"6768","Financial"
"6769","semi-skill worker"
"6770",""
"6771","Executive"
"6772",""
"6773",""
"6774","jewish educator"
"6775","Retired"
"6776","retired nurse"
"6777","chauffeur-opérateur"
"6778",""
"6779","Technicienne en administration"
"6780",""
"6781","Ink Technician"
"6782","Educator"
"6783","farmer"
"6784",""
"6785","administrateur"
"6786","Human resources director"
"6787",""
"6788","consultant coach mentor"
"6789","Medical doctor"
"6790","substitute teacher presently unemployed"
"6791","fonctionnaire municipal"
"6792",""
"6793",""
"6794","-99"
"6795","Admin assistant"
"6796","piping designer"
"6797","computer programmer"
"6798",""
"6799","Education"
"6800",""
"6801",""
"6802","Materials Manager"
"6803",""
"6804","Professional engineer"
"6805","Retired from Market Research"
"6806","postal worker"
"6807","Personal support worker"
"6808",""
"6809","études"
"6810",""
"6811",""
"6812","translator"
"6813","responsable de programme"
"6814","Teacher"
"6815","ressources humaines"
"6816","Claims examiner"
"6817",""
"6818","clerk of court"
"6819",""
"6820","government"
"6821","Disabled, ESL teacher"
"6822",""
"6823","Service à la clientèle"
"6824","Commis à la vente"
"6825","Bookkeeper"
"6826","Landscape Designer"
"6827",""
"6828","Federal civil servant/accountant"
"6829","homemaker"
"6830","Retraitée"
"6831","Chauffeur de taxi à temps partiel"
"6832","sales"
"6833","-99"
"6834",""
"6835","-99"
"6836",""
"6837","Writer"
"6838",""
"6839",""
"6840",""
"6841","Professionnel RH"
"6842","Employé a temps plein"
"6843","Enseignante"
"6844","-99"
"6845",""
"6846","peace officer"
"6847","PSW"
"6848","Irrigation design consultant"
"6849","-99"
"6850",""
"6851","bookkeeper"
"6852","president of a small i.t. consulting business"
"6853","Power Engineer"
"6854",""
"6855","-99"
"6856","secretarial work"
"6857","forestry"
"6858","-99"
"6859",""
"6860","Public Servant"
"6861","RETRAITÉ"
"6862",""
"6863","Développeur web"
"6864","Payroll Analyst"
"6865","invalidité (étais agente administrative)"
"6866","-99"
"6867","Facilities services"
"6868","Education"
"6869","Fitness instructor"
"6870","Bee keeper"
"6871","Addictions Professional"
"6872","Education Assistant"
"6873",""
"6874","engineer"
"6875","Information Technology professional"
"6876",""
"6877",""
"6878",""
"6879","Teacher"
"6880","Administration"
"6881","Executive Assistant"
"6882",""
"6883","Insurance broker"
"6884",""
"6885","Technical Service Manager"
"6886","-99"
"6887",""
"6888","Présentement au chomage"
"6889","Retired"
"6890","Releveur de compteur"
"6891","Adjointe administrative"
"6892",""
"6893","Notaire"
"6894","-99"
"6895","Retired  RN"
"6896","Avocat( à la retraite)"
"6897","student"
"6898",""
"6899","Conciergerie"
"6900","secrétaire"
"6901","Market Research Interviewer"
"6902",""
"6903","Data Scientist"
"6904","financial management"
"6905",""
"6906",""
"6907",""
"6908","Registered nurse"
"6909","Gestion des effectifs"
"6910","gestionnaire"
"6911","Student Optician"
"6912","Agente de bureau"
"6913","Homemaker"
"6914",""
"6915","-99"
"6916","-99"
"6917","Laser technician"
"6918","Fonctionnaire"
"6919",""
"6920","VP Environment, Health and Safety"
"6921",""
"6922",""
"6923","Executive"
"6924","Teacher"
"6925","entertainment technician"
"6926","Company Director"
"6927",""
"6928","homemaker"
"6929","OPERATEUR REMONTÉE"
"6930",""
"6931",""
"6932","Business owner"
"6933",""
"6934","Licensed Insurance Advisor"
"6935",""
"6936",""
"6937","ss"
"6938","General Manager"
"6939","Executive in the Fed Public Service"
"6940","Retired health policy researcher"
"6941",""
"6942","-99"
"6943","-99"
"6944",""
"6945","Professional Engineer"
"6946","manager"
"6947","-99"
"6948","Self employed"
"6949","Estimator"
"6950","master tailor"
"6951","Retail"
"6952","Conseiller aux ressources humaines"
"6953","-99"
"6954","fonctionnaire"
"6955","Chimiste"
"6956","-99"
"6957","IT"
"6958","-99"
"6959","agent"
"6960",""
"6961","-99"
"6962","Firefighter"
"6963",""
"6964","Director communications"
"6965","chef de la conformité"
"6966",""
"6967","-99"
"6968","Trades"
"6969",""
"6970","Health care"
"6971","Cuter and packager at a bakery"
"6972","Chauffeuse de berline scolaire"
"6973","Telus sales"
"6974","engineer"
"6975","Clerical"
"6976","analyste"
"6977","Travailleur autonome - pension canine"
"6978","Executive Assistant"
"6979",""
"6980","Employé à temps plein"
"6981",""
"6982",""
"6983","service technician"
"6984","femme de ménage"
"6985",""
"6986","Travaille  temps  plein"
"6987",""
"6988","Geologist"
"6989",""
"6990",""
"6991","Fonctionnaire fédéral"
"6992","Education"
"6993","-99"
"6994","Doctor"
"6995",""
"6996","Directeur de la remuneration globale"
"6997","retraité"
"6998","Development Services Worker"
"6999","-99"
"7000","Government"
"7001","imprimeur"
"7002",""
"7003",""
"7004","teacher"
"7005",""
"7006",""
"7007","Pubic servant"
"7008","Retail"
"7009",""
"7010","Conseiller expert en approvisionnement"
"7011",""
"7012","Librarian"
"7013",""
"7014","Policy analyst"
"7015","administrator"
"7016",""
"7017","Production supervisor"
"7018","carpenter"
"7019",""
"7020","Agente de bureau"
"7021","-99"
"7022","welder"
"7023",""
"7024",""
"7025","Educatrice en service de garde"
"7026","Student"
"7027",""
"7028","Telecom"
"7029",""
"7030","Genetic assistant"
"7031","Public Servant"
"7032","Mental health"
"7033","Homemaker"
"7034","MOA"
"7035","Teacher"
"7036",""
"7037","Fonctionnaire"
"7038",""
"7039","Retail manager"
"7040","Social worker"
"7041","Accounts receivable"
"7042","Consultant"
"7043","Medical Secretary"
"7044","Dnd"
"7045",""
"7046","Retail/student"
"7047","MCTS Coast Guard Supervisor"
"7048","-99"
"7049","Policier"
"7050","cashier"
"7051","Federal Government Manager"
"7052","salariée"
"7053","GEstionnaire de haute direction"
"7054","Director human resources"
"7055","-99"
"7056","-99"
"7057","Manager"
"7058","social work"
"7059",""
"7060","IT Professional"
"7061","fireman"
"7062","Clerical for Federal Government"
"7063","Personal Support Worker"
"7064",""
"7065","film producer/sound designer"
"7066",""
"7067","Ingenieur"
"7068","investment advisor"
"7069","Executive assistant"
"7070",""
"7071",""
"7072","Shift lead"
"7073","Enseignante"
"7074","retraitée"
"7075","Directeur"
"7076","Executive Assistant"
"7077","Inspection"
"7078","Sprinkler fitter"
"7079","Business manager in a dental environment"
"7080",""
"7081","Sommelier"
"7082","-99"
"7083","I.T."
"7084","self employed"
"7085","Administrative Assistant"
"7086","Retired, waitress"
"7087",""
"7088","Mecacien de locomotive"
"7089",""
"7090","self employed"
"7091",""
"7092",""
"7093","secrétaire de direction"
"7094",""
"7095","Employée de la fonction publique fédérale"
"7096",""
"7097",""
"7098","retraite"
"7099","Financial Analyst"
"7100","Hospital charge Clerk"
"7101","Retired"
"7102","-99"
"7103",""
"7104",""
"7105","Manoeuvre"
"7106","employee"
"7107","homemaker"
"7108",""
"7109","Insurance"
"7110",""
"7111","Homemaker before: Road Construction."
"7112","-99"
"7113","Nurse"
"7114","HR manager"
"7115","Construction Estimator"
"7116","-99"
"7117","Controller"
"7118",""
"7119","Retired"
"7120","education"
"7121",""
"7122",""
"7123","office manager"
"7124","-99"
"7125","Auditor financial"
"7126",""
"7127",""
"7128","Saddle fitter"
"7129","Financial Analyst"
"7130","Auxiliaires santé services sociaux"
"7131","Customer service"
"7132",""
"7133","Airline customer service"
"7134","public servant"
"7135","Administration"
"7136","-99"
"7137",""
"7138","sales associate"
"7139",""
"7140","Québec travajilleur minier"
"7141","gestionnaire de projets TI"
"7142",""
"7143","Dental hygiene"
"7144","Inventory analyst"
"7145",""
"7146","Student"
"7147",""
"7148","Retired"
"7149",""
"7150",""
"7151","Retired high school teacher"
"7152","Education"
"7153",""
"7154","Administrative assistant"
"7155",""
"7156","Mining"
"7157","Cuisinière"
"7158","Executive Assistant"
"7159","Teacher"
"7160","lawyer"
"7161","magasinier"
"7162","-99"
"7163",""
"7164","Technical assistant"
"7165","Disabled"
"7166","Technicienne en ressources humaines"
"7167","enginner"
"7168","-99"
"7169","Educator"
"7170",""
"7171","Business Analysis"
"7172","Commis-vendeur"
"7173","asset manager"
"7174","Maintenance"
"7175","Customer service"
"7176","IT"
"7177",""
"7178","Police officer"
"7179","Psychologue"
"7180","caregiver"
"7181","surveyor"
"7182","dental"
"7183",""
"7184","-99"
"7185","chief financial officer"
"7186","purchasing executive"
"7187","Systems administrator"
"7188",""
"7189","Préposée aux élèves handicapés"
"7190","Etudiante"
"7191","Analyste en actuariat"
"7192","Agent de bureau"
"7193",""
"7194","-99"
"7195","Manufacturer"
"7196","-99"
"7197",""
"7198",""
"7199","custodian"
"7200",""
"7201",""
"7202","Computers"
"7203",""
"7204","Maladie"
"7205","IT manager"
"7206","REAL ESTATE BROKER"
"7207","Conseiller"
"7208","Artist"
"7209","-99"
"7210","peintre"
"7211","retired"
"7212","-99"
"7213","Accountant"
"7214","College instructor"
"7215","Professional engineer"
"7216","Finance"
"7217","INSURANCE COMPANY"
"7218","tech info"
"7219",""
"7220","Registered Nurse"
"7221","Student"
"7222","Accountant"
"7223","Mère au foyer"
"7224","civil technologist"
"7225",""
"7226","-99"
"7227","-99"
"7228","-99"
"7229","Archiviste"
"7230","-99"
"7231","disabled"
"7232",""
"7233","Gestionnaire"
"7234",""
"7235",""
"7236",""
"7237",""
"7238","project manager"
"7239","Étudiante"
"7240","Public Health worker"
"7241","Supply chain"
"7242","teacher"
"7243","Retail manager"
"7244",""
"7245","Canadian armed forces"
"7246",""
"7247",""
"7248","photographe"
"7249","-99"
"7250","Educator"
"7251","Full time"
"7252","Teacher"
"7253","Producteur"
"7254","professional"
"7255","agent commercial"
"7256","Mortgage agent"
"7257","Marketing"
"7258","Employé de bureau"
"7259",""
"7260","Unemployed"
"7261","Printer manager"
"7262",""
"7263","Zumba instructor"
"7264","color comp tech"
"7265","Secrétaire médicale"
"7266","Fonctionnaire"
"7267","admin assistant"
"7268","Retired"
"7269","-99"
"7270","Ingénieur de projet"
"7271","construction"
"7272","machanic"
"7273","Educator"
"7274",""
"7275","-99"
"7276",""
"7277","manager"
"7278","ENGINEERING"
"7279","Self employed"
"7280",""
"7281",""
"7282","Operatrice"
"7283","Finance Manager, retired"
"7284","Policier"
"7285",""
"7286","-99"
"7287",""
"7288","Travail à temps plein comme paramédic"
"7289",""
"7290","admin asst"
"7291",""
"7292","Insurance"
"7293","IT"
"7294","enseignante"
"7295","Healthcare"
"7296","Project Manager"
"7297","rcmp"
"7298","night auditor"
"7299","CARPENTER"
"7300","Instrumentation tech"
"7301","Étudiant"
"7302","Nurse"
"7303","Senior executive"
"7304","Analyst"
"7305","Crane operator"
"7306","Technological"
"7307","Dispatcher"
"7308",""
"7309",""
"7310","Teacher"
"7311","Personal & business coach"
"7312","-99"
"7313","Programmeur analyste"
"7314","teaching"
"7315","farmer"
"7316","-99"
"7317",""
"7318","Artist"
"7319",""
"7320",""
"7321",""
"7322","Forestry"
"7323","PRODUCTION MANAGER"
"7324","Retired"
"7325","Housekeeping"
"7326",""
"7327","Travailleur"
"7328","Retired"
"7329","Travaille a temps plein"
"7330","Banking"
"7331","-99"
"7332",""
"7333","sales"
"7334","travailleur autonome"
"7335",""
"7336","-99"
"7337","-99"
"7338","Analyste"
"7339","MANUAL LAbor"
"7340","office worker"
"7341","lunch supervisor"
"7342","Product analyst"
"7343",""
"7344","non-profit worker"
"7345","Enseignant"
"7346",""
"7347","technologist"
"7348","Pharmaceuticals"
"7349","-99"
"7350",""
"7351","Office worker"
"7352","Financial analyst"
"7353",""
"7354","Office Worker"
"7355","Office clerk"
"7356","Visual artist"
"7357","Consultant manager"
"7358","Étudiante universitaire à temps pleins"
"7359","Public Servant"
"7360","Banker"
"7361","manager"
"7362","Student"
"7363","unemployed"
"7364","-99"
"7365",""
"7366","Labourer"
"7367",""
"7368",""
"7369",""
"7370","Lawyer"
"7371","Fire Chief"
"7372","conducteur autobus"
"7373","compter systems manager"
"7374","Business owner"
"7375",""
"7376","journaliere"
"7377","Civil servant"
"7378","Pharmacist"
"7379","Legal Bookkeeper"
"7380","Retired"
"7381","Nuclear Industry"
"7382","Planner"
"7383","Social Worker"
"7384",""
"7385","-99"
"7386","Retraité"
"7387","Junior accountant"
"7388","Security guard"
"7389","-99"
"7390","Self business"
"7391",""
"7392",""
"7393","Administrative Assistant"
"7394","Pompier"
"7395","Admin Assistant"
"7396","Security"
"7397",""
"7398",""
"7399","-99"
"7400","Engineer"
"7401",""
"7402",""
"7403","-99"
"7404",""
"7405",""
"7406","Communications professional"
"7407","Inspecteur spécialiste"
"7408","commis de bureau"
"7409",""
"7410",""
"7411","Medical Technologist"
"7412","graphic designer"
"7413","Call centre office worker"
"7414","Business owner"
"7415","-99"
"7416","employé de production"
"7417","teacher"
"7418","Éducatrice en garderie"
"7419","-99"
"7420","retraite"
"7421",""
"7422","travel agent"
"7423","MILLWRIGHT"
"7424","Bookkeeper"
"7425",""
"7426","-99"
"7427","business owner"
"7428","Teacher"
"7429","Travail temporaire"
"7430","Driver"
"7431","military"
"7432",""
"7433","Home"
"7434","-99"
"7435",""
"7436",""
"7437","Supervisor"
"7438","csr"
"7439","Étudiant"
"7440","Analyst"
"7441","Social worker"
"7442","-99"
"7443","minister of religion"
"7444","Employé temps plein"
"7445","Travail"
"7446","md"
"7447",""
"7448","Sales and Management"
"7449","Retired"
"7450",""
"7451","-99"
"7452","-99"
"7453",""
"7454","dietitan, school trustee"
"7455","Analyst"
"7456","-99"
"7457","Rancher"
"7458","Home care worker"
"7459","Technicien"
"7460","Student"
"7461",""
"7462","HR"
"7463","IT tech"
"7464","Retired"
"7465","Category manager"
"7466","TEACHER"
"7467","Support Work"
"7468",""
"7469",""
"7470","Claims advisor"
"7471","Mystery shopping"
"7472",""
"7473",""
"7474",""
"7475","Administrator"
"7476","nurse"
"7477","Driver/Labourer"
"7478","COO"
"7479",""
"7480",""
"7481","Marketing"
"7482","Auditeur interne"
"7483","It"
"7484","Athletics"
"7485","prostitué"
"7486","Unemployed"
"7487","Executive"
"7488","HR"
"7489",""
"7490","-99"
"7491","Medical office assistant"
"7492","agent de bureau"
"7493","Agent conformité"
"7494","Workforce Manager"
"7495","Agriculture Canada labourer"
"7496","student"
"7497","veterinarian"
"7498","Machine Opperatop"
"7499",""
"7500","lender"
"7501","electrical engineering tech"
"7502","-99"
"7503","Retraite"
"7504","Sales"
"7505",""
"7506",""
"7507","-99"
"7508","-99"
"7509","-99"
"7510","admin assistant"
"7511","Exucator"
"7512",""
"7513","Administrative"
"7514","Scientist"
"7515","-99"
"7516","labourer"
"7517",""
"7518",""
"7519","Educational Assistant"
"7520","Employé à temps plein."
"7521",""
"7522",""
"7523","not avl"
"7524","Home maker"
"7525",""
"7526","-99"
"7527","researcher"
"7528","Office clerk"
"7529",""
"7530","-99"
"7531","teacher"
"7532","Customer Service"
"7533","Customer Information Clerk"
"7534","-99"
"7535","Library Technician"
"7536",""
"7537","Manager, TD wealth strategy"
"7538",""
"7539",""
"7540","Medical Transcriptionist"
"7541","employé temps plein"
"7542","Manager"
"7543",""
"7544",""
"7545","Directeur artistique - Temps plein"
"7546","electrician"
"7547",""
"7548","Sales"
"7549","Secrétaire réceptionniste"
"7550","Elementary Teacher"
"7551","TOURISM & Hospitality"
"7552","Software QA, Designer"
"7553","cleaner"
"7554",""
"7555","retired"
"7556","Interviewer"
"7557","Writer"
"7558",""
"7559",""
"7560","Cashier"
"7561","Insurance Process Analyst"
"7562","Accounting"
"7563",""
"7564","sales"
"7565","systems analyst"
"7566","education"
"7567","Acheteur"
"7568","medical office assistant"
"7569","poseur de tuyau"
"7570","Coordinateur aux achats"
"7571","Construction"
"7572",""
"7573","Farmers"
"7574",""
"7575","informaticien"
"7576",""
"7577","-99"
"7578",""
"7579","-99"
"7580","Gouvernement fédéral"
"7581","Superviseur"
"7582",""
"7583","Programmeur"
"7584","Data analyst"
"7585","Sales"
"7586","bookmaker"
"7587",""
"7588","Computer Software Consultant"
"7589",""
"7590","Réceptionniste"
"7591",""
"7592","Retraite"
"7593","professionnel au gouvernement provincial"
"7594","Audiologist"
"7595","Priest"
"7596","Ingénieure"
"7597","retraité"
"7598",""
"7599","Directrice de compte"
"7600",""
"7601",""
"7602","Stay at home mom"
"7603","Risk"
"7604","-99"
"7605","Retiree"
"7606","employé de bureau"
"7607","-99"
"7608","Préposé à l'information policière"
"7609",""
"7610",""
"7611","Nurse"
"7612","Professeur - Université"
"7613","livreur"
"7614","Superviseur service d'urgence"
"7615","Lawyer"
"7616","-99"
"7617","-99"
"7618",""
"7619","Police officer"
"7620","-99"
"7621","Analyste informatique"
"7622","Commercial Banking"
"7623",""
"7624","Chemist"
"7625","student"
"7626","accountant"
"7627","salesman"
"7628",""
"7629",""
"7630","Social worker"
"7631","-99"
"7632","consultant"
"7633","Executive"
"7634","banking finance"
"7635",""
"7636","Sales human"
"7637",""
"7638","mental health worker"
"7639","Accountant"
"7640","owner"
"7641","-99"
"7642","Government of canada"
"7643","Customer Service Rep"
"7644",""
"7645","manager"
"7646","Financial Advisor"
"7647","professionnel"
"7648","-99"
"7649","Government"
"7650","-99"
"7651","-99"
"7652","Conultant"
"7653","accountant"
"7654","Étudiant"
"7655",""
"7656",""
"7657",""
"7658","teacher"
"7659","hospitality"
"7660","gerant"
"7661","retired teacher"
"7662","Technology Management"
"7663","Driver"
"7664","Professional Engineer"
"7665","Unemployed"
"7666","Professor"
"7667",""
"7668","self employed"
"7669",""
"7670","Paralegal"
"7671","Supervisor"
"7672","Employee"
"7673","Hotel"
"7674","Student"
"7675","-99"
"7676","Csr"
"7677","Risk analyst"
"7678","Engineer"
"7679","Teacher"
"7680",""
"7681","Oil and gas engineering"
"7682","Grain buyer"
"7683","Technician"
"7684",""
"7685","professeur économiste"
"7686","Self-employed travel agent"
"7687","administrative"
"7688",""
"7689",""
"7690","financial underwriter"
"7691","Chartered Professional Accountant"
"7692","Student"
"7693",""
"7694","au foyer"
"7695",""
"7696",""
"7697","Human Resources"
"7698","teacher"
"7699","Industrial electrician/millright"
"7700","painter"
"7701",""
"7702",""
"7703",""
"7704","Analyste en informatique"
"7705",""
"7706","Enseignant"
"7707",""
"7708","-99"
"7709",""
"7710","Retail/Warehousing"
"7711","Letter carrier"
"7712","Électricité"
"7713","Bartender/manager"
"7714","Enseignante"
"7715","Research librarian"
"7716","Retired physician"
"7717","Homemaker"
"7718","travel evangelist"
"7719",""
"7720","-99"
"7721","accountant"
"7722",""
"7723","Camionneur"
"7724",""
"7725","Fonctionnaire federal"
"7726","Manager"
"7727",""
"7728",""
"7729","Home child care"
"7730","Administration"
"7731",""
"7732","Federal Public Servant"
"7733","Director Digital"
"7734","retired"
"7735","Soutien administratif"
"7736","Travel support"
"7737","educator"
"7738","Correctional officer"
"7739","School administrators"
"7740",""
"7741","-99"
"7742",""
"7743","sales management"
"7744",""
"7745","Canada Revenue Agency Internal Auditor"
"7746","Admin assistant"
"7747","Equestrian coach and trainer"
"7748","music therapist (retired)"
"7749","Gestionnaire"
"7750","Temps plein"
"7751","Travail temps plein"
"7752",""
"7753","Senior category manager"
"7754","Teacher"
"7755","Communication"
"7756","Farmer"
"7757",""
"7758",""
"7759","Accountant"
"7760","education"
"7761","project coordinaor"
"7762",""
"7763","-99"
"7764","Sales"
"7765",""
"7766",""
"7767","-99"
"7768","Computer consultant"
"7769",""
"7770","cancer research assistant"
"7771",""
"7772","BLDG, MGR."
"7773","IT Specialist"
"7774","-99"
"7775","-99"
"7776","IT staff"
"7777","Management"
"7778","-99"
"7779",""
"7780",""
"7781",""
"7782","teacher"
"7783",""
"7784","Assistant administratif"
"7785","Criminologue"
"7786",""
"7787",""
"7788",""
"7789","-99"
"7790","Cadre administratif"
"7791","Mince Meater"
"7792","Admin assistant"
"7793","-99"
"7794",""
"7795",""
"7796","Registered  Nurse"
"7797",""
"7798","Manager"
"7799","Manager"
"7800",""
"7801",""
"7802",""
"7803","Hearing Screener"
"7804","scientist"
"7805","-99"
"7806","-99"
"7807","Entraînement"
"7808","Retired"
"7809","IT Business Analyst"
"7810","electrician"
"7811","Graphic Artist"
"7812",""
"7813","Home Daycare Provider"
"7814","Computer analyst"
"7815",""
"7816","Public Servant Manager"
"7817","Accountant"
"7818","Tavel agent"
"7819","Pharmacy  technician"
"7820","Childcare"
"7821","disabled"
"7822",""
"7823","Computer graphics artist"
"7824","Letter carrier"
"7825","-99"
"7826",""
"7827","retrairé"
"7828","-99"
"7829","Technology"
"7830","homemaker"
"7831","Sales"
"7832",""
"7833",""
"7834","General Manager"
"7835","Law clerk"
"7836","Factory worker"
"7837","Military"
"7838","electronic technologist"
"7839","IT Consultant"
"7840",""
"7841","-99"
"7842",""
"7843","Customer service"
"7844","driver"
"7845","Communications Coordinator"
"7846",""
"7847",""
"7848","Letter Carrier"
"7849","-99"
"7850",""
"7851","Un retraité qui travaille encore à temps plein comme consultant"
"7852",""
"7853","Infirmière"
"7854","Human Resources Director"
"7855","chef"
"7856","-99"
"7857",""
"7858",""
"7859","professional"
"7860",""
"7861","Homemaker"
"7862","Process effectiveness specialist"
"7863","Sales"
"7864","machinist/fitter"
"7865","Payroll Administrator"
"7866","-99"
"7867","enseignante"
"7868","Education"
"7869","Éducatrice en cpe"
"7870","Retired"
"7871","Landman"
"7872","Teacher"
"7873",""
"7874","accountant"
"7875","-99"
"7876",""
"7877","non-profit management"
"7878","accounting"
"7879",""
"7880",""
"7881","Architect"
"7882",""
"7883","Chef"
"7884","-99"
"7885","Retired corrections"
"7886",""
"7887",""
"7888",""
"7889",""
"7890","Homecare worker, retired"
"7891","banquier"
"7892",""
"7893","Nurse"
"7894","Team Lead"
"7895","Federal Civil Servant"
"7896","Management"
"7897","Homemaker"
"7898","Économiste"
"7899","comptable"
"7900",""
"7901","addiction research"
"7902","ECE"
"7903","photographer"
"7904","Librarian"
"7905",""
"7906",""
"7907","Retired"
"7908","informatique"
"7909","agent de recherche"
"7910","I.T. Coordinator"
"7911",""
"7912","Driver"
"7913","-99"
"7914","Hotelier"
"7915","Police officer"
"7916",""
"7917",""
"7918","Customer Service Manager"
"7919","On line sales shipper for a retail outlet"
"7920","Infirmiere"
"7921","Retail"
"7922","Caterer"
"7923","Technicienne"
"7924","Project Manager"
"7925","Sales"
"7926",""
"7927",""
"7928","Professionnel"
"7929","Computer security GOV"
"7930","driver"
"7931",""
"7932","Senior Health and safety engineer"
"7933","Federal Civil Servant"
"7934","Employé de bureau"
"7935","retired"
"7936","Teacher"
"7937",""
"7938","Ressources humaines"
"7939",""
"7940","-99"
"7941",""
"7942","Electrician"
"7943",""
"7944","-99"
"7945","retailer"
"7946",""
"7947","Manager"
"7948",""
"7949","-99"
"7950",""
"7951","Benefits services"
"7952","-99"
"7953","Technicien cinéma"
"7954","Cadre en mécanique"
"7955","Retail"
"7956","-99"
"7957",""
"7958","mécanicien"
"7959","Etudiant universitairw"
"7960","lawyer"
"7961","-99"
"7962",""
"7963","Hosekeeping/ laundry"
"7964","Childcare"
"7965","financial analyst"
"7966","Employed"
"7967","Federal Public Servant"
"7968","accounting"
"7969","Chimiste"
"7970",""
"7971",""
"7972","Administrative Assistant"
"7973","lawyer"
"7974","Retired"
"7975",""
"7976",""
"7977","Accountant"
"7978","Golf Professional"
"7979","-99"
"7980",""
"7981","vente"
"7982","-99"
"7983","Banking"
"7984","Supply Chain/Procurement"
"7985","Admin Support"
"7986","casino"
"7987","It"
"7988",""
"7989","buisness owner,retired"
"7990",""
"7991",""
"7992","maintenance"
"7993",""
"7994",""
"7995","Teacher"
"7996","Banker"
"7997",""
"7998","Sales Executive"
"7999",""
"8000","Public relations officer"
"8001","ret8ired"
"8002","None"
"8003","travel Agent"
"8004","Registered Nurse"
"8005","Customer service representative"
"8006",""
"8007","-99"
"8008",""
"8009",""
"8010","Executive Search and Recruitment"
"8011",""
"8012",""
"8013","Administration"
"8014",""
"8015","-99"
"8016","AGENTE ADMINISTRATIVE"
"8017","Clerk"
"8018","HR"
"8019","Retail management"
"8020","Manager"
"8021",""
"8022",""
"8023",""
"8024","Electrician"
"8025",""
"8026","Investments"
"8027","-99"
"8028","Accountant (CPA)"
"8029",""
"8030","security guard"
"8031","Motor Vehicle Technician"
"8032","Bookkeeper"
"8033",""
"8034",""
"8035","-99"
"8036","-99"
"8037","office admin"
"8038","Gestionnaire"
"8039",""
"8040",""
"8041","Software"
"8042","electrical engineer"
"8043",""
"8044","-99"
"8045","Quebec"
"8046","Fonctionnaire provincial"
"8047",""
"8048","Ingénieure"
"8049","professionnel"
"8050",""
"8051","Travailleur temps plein"
"8052","caissiere"
"8053","Étudiant"
"8054","Crisis worker"
"8055","Gestion de projet"
"8056","Retrèté"
"8057",""
"8058",""
"8059","Technologue radio-oncologie"
"8060","-99"
"8061",""
"8062","-99"
"8063",""
"8064","Full time"
"8065","Telecom"
"8066",""
"8067","-99"
"8068",""
"8069","BANKING"
"8070","Manager"
"8071","Education"
"8072","Media - Communications"
"8073","-99"
"8074",""
"8075","Social Service worker"
"8076",""
"8077","-99"
"8078","Geologist"
"8079",""
"8080","Aircraft Maintenance Engineer"
"8081","Teacher"
"8082","Technology management"
"8083","landscaper"
"8084",""
"8085","Enseignant"
"8086","Manager"
"8087",""
"8088","-99"
"8089","-99"
"8090","Secretary"
"8091","Teacher"
"8092","engineer"
"8093","Owner"
"8094",""
"8095","Retired"
"8096","-99"
"8097",""
"8098","community worker"
"8099",""
"8100","children's entertainer"
"8101","representant"
"8102","Maternité"
"8103",""
"8104",""
"8105","Manager"
"8106","Na"
"8107","-99"
"8108","Nurse"
"8109","Sales"
"8110","Personal banker"
"8111","fonctionnaire"
"8112","cashier"
"8113","Administrative"
"8114","Conseillère ressources humaines"
"8115",""
"8116","Director of sales"
"8117","Technical account manager"
"8118","Electrical"
"8119","Logistics"
"8120","-99"
"8121","Fed. Gov't employee"
"8122",""
"8123","Financial Advisor"
"8124","retired"
"8125",""
"8126","Finance"
"8127","It"
"8128",""
"8129","Retired"
"8130","Infirmière"
"8131","Manager regulatory affairs"
"8132","Social Worker"
"8133","Shipper"
"8134","artiste"
"8135","Infirmiere"
"8136","Teacher"
"8137",""
"8138",""
"8139",""
"8140","Disabled and unable to work"
"8141","Courtier immobilier résidentiel"
"8142","Hairstylist"
"8143","-99"
"8144",""
"8145",""
"8146","-99"
"8147","full time employee"
"8148","manager customer service"
"8149","Airport manager"
"8150","Employé"
"8151","Chef de service"
"8152","Housewife"
"8153","enseignante"
"8154","Programmeur analyste"
"8155",""
"8156","Jounalier"
"8157",""
"8158","insurance benefits clerk"
"8159",""
"8160","Project management"
"8161","process control somputer specialist"
"8162","lawyer"
"8163",""
"8164",""
"8165","Human Resources"
"8166","Travailleur à temps plein"
"8167","Customer sales"
"8168","Direction"
"8169",""
"8170",""
"8171","Employé de bureau"
"8172","Teacher"
"8173",""
"8174",""
"8175","Retail sales"
"8176","teacher"
"8177","-99"
"8178","Professeur"
"8179","sociologue"
"8180",""
"8181",""
"8182","professional commercial photographer"
"8183","Mining/Smelting/Fertilizer Purchaing Buyer"
"8184","School administrator"
"8185","-99"
"8186","Gestionnaire"
"8187","Farmer"
"8188","Secrétaire"
"8189","Inf"
"8190","Études"
"8191","customer service"
"8192","professor"
"8193","Manager TCB"
"8194","Civil servant"
"8195",""
"8196",""
"8197",""
"8198","small business owner"
"8199",""
"8200","Student"
"8201","grain inspector"
"8202",""
"8203","Teacher"
"8204","Self Employed Graphics Designer"
"8205","Teacher"
"8206",""
"8207","HSSE analyst"
"8208","Santé"
"8209",""
"8210",""
"8211",""
"8212",""
"8213","Paramedic"
"8214","Teacher"
"8215","RETIRED"
"8216","travel agent"
"8217","menuisier"
"8218","Medical office assistant"
"8219","Fonctionnaire"
"8220","business  owner"
"8221",""
"8222","Préposé aux bénéficiaires  (arrêt pour maladie )"
"8223","disabled"
"8224",""
"8225","-99"
"8226",""
"8227","Teacher's Assistant"
"8228","Livreur"
"8229",""
"8230",""
"8231","Health/wellfare consultant"
"8232","Secretaire"
"8233","Contractor"
"8234","Cadre sante"
"8235","-99"
"8236","Bookkeeper"
"8237","Senior Technical Officer"
"8238","Supervisor of Finance"
"8239",""
"8240",""
"8241","administration"
"8242",""
"8243",""
"8244",""
"8245","Student"
"8246","Project coordinator"
"8247","cleaner"
"8248","Audit Team Leader"
"8249",""
"8250","-99"
"8251","-99"
"8252","clerk"
"8253","Admin"
"8254",""
"8255","Gestionnaire en santé"
"8256","merchandiser"
"8257","Étudiants"
"8258","facteur"
"8259",""
"8260","-99"
"8261","na"
"8262","Housewife"
"8263",""
"8264","Owner/manager"
"8265","Travail"
"8266",""
"8267","Makeup Artist"
"8268","Jack of all trades. If I can get a job"
"8269","Homemaker"
"8270","Business advisor"
"8271","scientist"
"8272","Retired"
"8273","Health Care"
"8274","buyer"
"8275","Graphic designer"
"8276","Government"
"8277","Educational Program Assistant"
"8278","Microelectronics designer"
"8279","clerical"
"8280","housewife"
"8281",""
"8282","Teacher"
"8283",""
"8284","Admin"
"8285","Security"
"8286",""
"8287",""
"8288","Analyst"
"8289","-99"
"8290","-99"
"8291","IT"
"8292","executive assistant"
"8293","manufacturer"
"8294",""
"8295","Enseignant"
"8296","Administrative"
"8297","Health care"
"8298","registered nurse"
"8299","travailleur autonome"
"8300","Realtor"
"8301",""
"8302","Gestionnaire"
"8303","préposé"
"8304","Homemaker"
"8305","Admin"
"8306",""
"8307","Managment"
"8308",""
"8309","autism therapist"
"8310","travailleur autonome"
"8311","accountant"
"8312","Oilfield Sales"
"8313","Manager"
"8314","Full time mature student, but was childcarr until pandemic"
"8315","accountant"
"8316","Manager"
"8317","academic"
"8318","Self Employed"
"8319","Artisan"
"8320","Veterinary Technician"
"8321","Human Factors Analyst"
"8322","Accountant"
"8323","Freelancer"
"8324","-99"
"8325","Restauration"
"8326",""
"8327","Procurement"
"8328","-99"
"8329","Oil and gas field transportation and servicing"
"8330",""
"8331",""
"8332","FOH Supervisor"
"8333","-99"
"8334","locomotive engineer"
"8335","Gas station attendant"
"8336",""
"8337",""
"8338","Project Manager"
"8339","Commercent"
"8340","Technician"
"8341","business owner"
"8342","-99"
"8343","Disabled"
"8344","advisor"
"8345","public servant"
"8346","Stay-at-home mom"
"8347","Businessman"
"8348",""
"8349","Healthcare"
"8350","Food Scientist"
"8351","Fashion Designer"
"8352","Accounting Clerk"
"8353",""
"8354","IT Manager"
"8355","Sales Executive"
"8356","-99"
"8357","School Secretary"
"8358","Tech support"
"8359","human resources"
"8360",""
"8361",""
"8362","Office administrator"
"8363","Physiothérapeute"
"8364","Préposée a domicile"
"8365","-99"
"8366","Homemaker"
"8367","-99"
"8368","-99"
"8369","custodian"
"8370","Etudiant"
"8371",""
"8372","Architect"
"8373","teacher"
"8374","Supervisor"
"8375","Retired"
"8376","Civil Engineer"
"8377",""
"8378",""
"8379","-99"
"8380","School"
"8381",""
"8382","Retired"
"8383","Marketing Manager"
"8384",""
"8385","infirmiere"
"8386",""
"8387","-99"
"8388","Server"
"8389","Employée temps plein société d’état"
"8390","Ingénieur"
"8391","Clergy retired"
"8392","buyer"
"8393",""
"8394","Employé à temps partiel"
"8395",""
"8396","Buyer"
"8397","-99"
"8398","RN"
"8399",""
"8400","Disabled / unable to work"
"8401","service"
"8402","antiques dealer"
"8403","business owner"
"8404","electronics technologist"
"8405","student"
"8406",""
"8407",""
"8408","Secretary"
"8409","baker"
"8410","accountant"
"8411","university faculty"
"8412","accountant"
"8413",""
"8414","Économiste"
"8415","-99"
"8416","Opérateur presse à découper"
"8417","Driver"
"8418","conseillère"
"8419",""
"8420",""
"8421","travailleur temps plein"
"8422","Review Officer at WorkSafeBC"
"8423","Medical Laboratory Technologist, ART Hematology"
"8424","Educator"
"8425","secretaire"
"8426","Student"
"8427",""
"8428","Occupational Hygienist"
"8429","agent immobilier"
"8430","Business Analyst"
"8431",""
"8432","Admin"
"8433","Partenaire d’affaires senior relations du travail"
"8434","Housewife"
"8435","Teacher"
"8436","-99"
"8437","Maternity Leave"
"8438",""
"8439","Économiste"
"8440",""
"8441",""
"8442","Enseignant"
"8443","-99"
"8444","Employe"
"8445","-99"
"8446","Local government worker"
"8447","Analyste"
"8448","Conseillère"
"8449",""
"8450","customer service"
"8451",""
"8452","Various"
"8453","-99"
"8454","Commis aux pièces autos"
"8455",""
"8456","Machiniste"
"8457",""
"8458",""
"8459","Retraitée"
"8460","-99"
"8461","Student"
"8462","School Board"
"8463","Contractor"
"8464","-99"
"8465","Professor"
"8466","Parts person"
"8467","conseiller en placements"
"8468","designer, entrepreneur"
"8469",""
"8470",""
"8471",""
"8472","-99"
"8473","-99"
"8474",""
"8475",""
"8476","Banker"
"8477","-99"
"8478","Insurance Underwriter"
"8479",""
"8480","Occupational health and safety advisor"
"8481",""
"8482","Public Servant."
"8483","electrical wholesale"
"8484","Insurance agent"
"8485","Health care worker"
"8486","-99"
"8487","-99"
"8488","retired"
"8489",""
"8490","-99"
"8491","Production Coordinator"
"8492",""
"8493",""
"8494","Autocad operator"
"8495","Adm asst"
"8496","-99"
"8497","Sales"
"8498","Retired"
"8499","Sales Associate"
"8500",""
"8501","owner"
"8502","Civil servant"
"8503","Analytics manager"
"8504","Président"
"8505",""
"8506","-99"
"8507",""
"8508","Airline Director"
"8509","Nurse"
"8510",""
"8511","-99"
"8512",""
"8513","Construction"
"8514","Teacher"
"8515",""
"8516","-99"
"8517","cuisinière"
"8518","Research Study Coordinator"
"8519",""
"8520",""
"8521","Nurse"
"8522",""
"8523",""
"8524","Accountant"
"8525",""
"8526","-99"
"8527","Conseillère rh"
"8528","-99"
"8529","Canada Post"
"8530","Manager"
"8531","retail"
"8532","proche aidant retraité"
"8533","Retired Military"
"8534","NURSE"
"8535","Management"
"8536","say at home mom"
"8537","Mental health clinician"
"8538","Etudiante"
"8539","Construction labourer"
"8540","Militaire"
"8541","Oil and gas"
"8542","-99"
"8543","-99"
"8544","Teacher"
"8545","Machine operator"
"8546",""
"8547",""
"8548","Salarié à temps plein"
"8549","associate"
"8550","Manufacturing"
"8551","Enseignement"
"8552","Étudiante"
"8553",""
"8554",""
"8555",""
"8556",""
"8557",""
"8558","Scientist"
"8559","-99"
"8560","Comptable"
"8561","Infirmière retraitée"
"8562","Engineer"
"8563","Forklift Operator"
"8564","Health Care Aide"
"8565","administrative assistant"
"8566",""
"8567",""
"8568","Manual laborer"
"8569","Registered practical Nurse"
"8570","Salesman"
"8571","Enseignante"
"8572","Profesional Engineer"
"8573","Retired"
"8574",""
"8575",""
"8576","Senior Service Teck for A B Dick Co. of Canada"
"8577",""
"8578","Nurse"
"8579","retail"
"8580",""
"8581","Recreation therapy worker"
"8582",""
"8583","interior design"
"8584","baker"
"8585","Expediteur"
"8586","Real Estate Assistant"
"8587",""
"8588","Housewife"
"8589","-99"
"8590","Manager"
"8591","Informaticien"
"8592","-99"
"8593",""
"8594","Étudiant"
"8595","-99"
"8596","Manager Donor Services"
"8597","Sales Manager"
"8598","Superintendent of Prisons"
"8599","Electrical maintenance"
"8600","Enseignant"
"8601","Systems analyst"
"8602",""
"8603","Finance"
"8604",""
"8605",""
"8606","retired"
"8607","Special Ed. Educational Asst."
"8608","Housewife"
"8609","operator"
"8610","-99"
"8611",""
"8612","Professionnelle au gouvernement provincial"
"8613","éducateur"
"8614","Educatrice"
"8615","farmer"
"8616","Réceptionniste"
"8617","Cost control clerk"
"8618",""
"8619","IT"
"8620","Process operator"
"8621","lab tech"
"8622","Préposée à l'entretien"
"8623","-99"
"8624","Medical Secretary"
"8625","Secrétaire médicale"
"8626","-99"
"8627","Col bleu"
"8628","Adjointe administrative"
"8629","scientist"
"8630",""
"8631","retired teacher"
"8632",""
"8633","Scientist"
"8634",""
"8635","-99"
"8636",""
"8637",""
"8638","software engineer"
"8639",""
"8640",""
"8641","Physician"
"8642","Préposé hygiene et salubrité en hôpitaux"
"8643","comptable"
"8644","-99"
"8645","-99"
"8646","sales supervisor"
"8647","-99"
"8648","infirmière"
"8649","Senior Claims Service Executive"
"8650","It analyst"
"8651","-99"
"8652","-99"
"8653","Hospitality"
"8654","Flight attendant"
"8655",""
"8656","Office worker"
"8657",""
"8658","Fonctionnaire"
"8659",""
"8660",""
"8661","-99"
"8662",""
"8663","-99"
"8664"," Corporate sales representative"
"8665","Commis Surveillant d’Unité"
"8666","Information technology"
"8667",""
"8668","Social Worker"
"8669","Enseignante"
"8670","-99"
"8671","bank supervisor"
"8672","pharmacist"
"8673","Research/ writing"
"8674",""
"8675",""
"8676","food bank"
"8677","Developmental support worker"
"8678","technologue en architecture"
"8679","-99"
"8680","gestionnaire"
"8681","Social worker"
"8682","Disabled"
"8683","informatique"
"8684","photographer"
"8685","management at Bell Canada"
"8686","Nurse"
"8687","Manager"
"8688","Scientist"
"8689","Consultant"
"8690","student"
"8691","Unemployed"
"8692","Researcher"
"8693",""
"8694",""
"8695","Provincial employee"
"8696","Financial Manager"
"8697","Disabled"
"8698","chemist"
"8699",""
"8700",""
"8701","Student"
"8702","Operations Manager"
"8703","GOVERNMENT EMPLOYEE"
"8704"," Ilitary"
"8705","Système de santé"
"8706","journalier"
"8707",""
"8708",""
"8709",""
"8710","Communications technician"
"8711","-99"
"8712","-99"
"8713",""
"8714","-99"
"8715",""
"8716","Concierge"
"8717","-99"
"8718","-99"
"8719",""
"8720","-99"
"8721",""
"8722","Student"
"8723",""
"8724","Engineer"
"8725","Membre d'un CA"
"8726","homemaker"
"8727","Enseignant"
"8728","retired"
"8729","Banking and Finance"
"8730","Financial advisor"
"8731","Designer graphique"
"8732","-99"
"8733",""
"8734","office admin in gravel business"
"8735","Technicien de procédés"
"8736","RN"
"8737","travailleur autonome"
"8738","Vendeurs"
"8739",""
"8740","travail a temps plein"
"8741","Librarian"
"8742","-99"
"8743","Operations"
"8744",""
"8745","Human Resources"
"8746","etudiante"
"8747","Retail store owner"
"8748","English teacher"
"8749",""
"8750","Project Manager"
"8751",""
"8752",""
"8753","Cca"
"8754","Admin"
"8755","retail"
"8756","engineering"
"8757",""
"8758","Teacher"
"8759","Pré retraité"
"8760",""
"8761",""
"8762","Archival technician"
"8763","Éducatrice"
"8764","disabled"
"8765","Electronic Technician"
"8766",""
"8767","comptabilité"
"8768","Analyst"
"8769",""
"8770","CPA"
"8771",""
"8772","Travail"
"8773","University Prof"
"8774","Retired"
"8775",""
"8776","fonctionnaire fédéral"
"8777","Employé temps plein"
"8778","Principal"
"8779","Mineur"
"8780","Conseillère en réadaptation"
"8781","Retail management"
"8782","Public sector"
"8783","-99"
"8784","Records Management/operations"
"8785","electrician"
"8786","Maintenance Foreman"
"8787","Student"
"8788",""
"8789","admin"
"8790","disability"
"8791",""
"8792","Resales"
"8793",""
"8794","University professor"
"8795",""
"8796","Education"
"8797","Cashier"
"8798","Newspaper delivery"
"8799","Student"
"8800","Food service"
"8801",""
"8802","Chef cuisinier"
"8803",""
"8804","Notaire"
"8805","Trucker"
"8806",""
"8807","manufacturing supervision"
"8808","-99"
"8809","comptable professionnel agréé"
"8810","-99"
"8811","agente de soutien administrative"
"8812","Étudiant"
"8813",""
"8814","-99"
"8815","Pastor"
"8816","teacher"
"8817","civil servant"
"8818",""
"8819","Cleaner"
"8820","Controleur"
"8821","Maintenance"
"8822",""
"8823","Engineer"
"8824","Metteur en scène"
"8825",""
"8826",""
"8827","Manager, administrative services"
"8828","-99"
"8829","Nurse"
"8830",""
"8831",""
"8832",""
"8833","Retired insurance customer service representative"
"8834","Conseiller"
"8835","-99"
"8836","-99"
"8837","retired"
"8838",""
"8839","Carpenter"
"8840","Executive"
"8841","Etudiante"
"8842","Voyage"
"8843",""
"8844","-99"
"8845","R.h."
"8846","Locomotive Engineer"
"8847","technicien automobile"
"8848",""
"8849","Retail sales"
"8850","Nurse"
"8851",""
"8852","Clerical"
"8853","Consultant"
"8854","Federal Public Service"
"8855",""
"8856",""
"8857","lawyer"
"8858",""
"8859","Real Estate Agent"
"8860","Travailleur temps plein"
"8861","Technicien en administration"
"8862","-99"
"8863","traffic signals electrician"
"8864",""
"8865","Identification Clerk"
"8866",""
"8867",""
"8868",""
"8869","Education"
"8870",""
"8871","Maintenance General Supervisor"
"8872","retired social service worker but working remotely for a call centre contract"
"8873","Travaille dans une usine a poisson"
"8874","-99"
"8875","Airline person"
"8876",""
"8877","Retired"
"8878",""
"8879","-99"
"8880","Travailleueuse autonome"
"8881","Professeur"
"8882","Surgical processor"
"8883",""
"8884","Administrative Assistant"
"8885","-99"
"8886",""
"8887",""
"8888","Accountant"
"8889",""
"8890","customer service"
"8891",""
"8892","Travail temps plein"
"8893","-99"
"8894","Student"
"8895","Retired"
"8896",""
"8897",""
"8898",""
"8899","clerical"
"8900","Chef"
"8901","education"
"8902","-99"
"8903","Pharmacist"
"8904",""
"8905","-99"
"8906","librarian"
"8907","-99"
"8908","-99"
"8909","respiratory therapist"
"8910","directeur des immeubles et des installations"
"8911","-99"
"8912",""
"8913","Technicienne en administration"
"8914","Retraitée"
"8915","Farmer"
"8916","Project manager"
"8917",""
"8918","President"
"8919","Automotive"
"8920",""
"8921","Public relations, corporate communications"
"8922",""
"8923","Enseignante"
"8924","university prof"
"8925",""
"8926","Inapte au travail"
"8927","Chef de cuisine"
"8928",""
"8929",""
"8930",""
"8931","Commis bancaire"
"8932",""
"8933",""
"8934","Accounting"
"8935","Teacher"
"8936","Service manager"
"8937","Elementary School Principal (retired)"
"8938",""
"8939","materials manager"
"8940","a la maison"
"8941","-99"
"8942","-99"
"8943","assistant general manager in banking sector"
"8944","Ordinateur"
"8945","Dental Office Manager"
"8946",""
"8947","Lab tech"
"8948",""
"8949","Painter"
"8950","-99"
"8951",""
"8952",""
"8953",""
"8954","-99"
"8955",""
"8956","Financial Analyst"
"8957",""
"8958",""
"8959",""
"8960","OFFICE CLERK"
"8961","Fonctionnaire"
"8962","teacher"
"8963","Web Developer"
"8964","Sales Representative"
"8965",""
"8966","Étudiant"
"8967",""
"8968","-99"
"8969","homemaker"
"8970","student"
"8971",""
"8972",""
"8973",""
"8974","education"
"8975",""
"8976","Accountant"
"8977","Travel coordinator"
"8978","IT Senior Manager"
"8979","property manager"
"8980","sales"
"8981","Sales executive"
"8982",""
"8983","-99"
"8984","Cashier"
"8985","Étudiant"
"8986","Self employed"
"8987",""
"8988","-99"
"8989","accounting"
"8990","préposé aux bénéficiaires"
"8991","Electricien"
"8992",""
"8993","Telecommunications"
"8994",""
"8995",""
"8996","Public servant"
"8997","Camionneur"
"8998","Infirmier"
"8999","Unemployed"
"9000","-99"
"9001","education"
"9002","Fonctionnaire"
"9003","H&R Manager"
"9004","-99"
"9005","Health Care Aide"
"9006","Business Development"
"9007","IT Director"
"9008","-99"
"9009","Business and Technical Writer"
"9010",""
"9011","mesureur"
"9012","Enseignante"
"9013",""
"9014","Cook in Healthcare Facility"
"9015","Student"
"9016","Au foyer"
"9017",""
"9018",""
"9019",""
"9020","Stay at home mom"
"9021",""
"9022","Director"
"9023","-99"
"9024",""
"9025","Student"
"9026",""
"9027",""
"9028",""
"9029","Self employed"
"9030",""
"9031",""
"9032","Delivery driver"
"9033","-99"
"9034",""
"9035","Oil field"
"9036",""
"9037",""
"9038","-99"
"9039",""
"9040",""
"9041","Teacher"
"9042",""
"9043","Banking"
"9044","Homemaker"
"9045","Student"
"9046",""
"9047","homemaker"
"9048","Etudiante"
"9049","Hygiéniste dentaire"
"9050","commis de bureau"
"9051",""
"9052",""
"9053","Gerant"
"9054","Engineer"
"9055","Registered Social Worker"
"9056","Ceo"
"9057","Controleur aérien"
"9058","Student"
"9059",""
"9060","conseiller en IT"
"9061","senior manager for a municipality"
"9062","Gestionnaire"
"9063",""
"9064",""
"9065","Student"
"9066",""
"9067","-99"
"9068","Coordonnatrice des communications"
"9069","Administration"
"9070",""
"9071","Homemaker"
"9072"," Financial planner/University teacher"
"9073","Health Manager"
"9074","Représentant ventes"
"9075","Telephone Installer"
"9076","Pharmacien"
"9077","Accountant -retired"
"9078","Infomatician"
"9079","homemaker"
"9080","Student"
"9081",""
"9082","programmeur"
"9083","Entrepreneur"
"9084","legal assistant"
"9085",""
"9086",""
"9087","Student"
"9088","Gender equality advisor"
"9089","machine operater"
"9090","-99"
"9091",""
"9092",""
"9093",""
"9094","Administration"
"9095","-99"
"9096","Team manager"
"9097","Arrêt de maladie"
"9098","Business Man"
"9099","Educator"
"9100","Retired"
"9101",""
"9102","Paie maitre"
"9103","Sales Manager"
"9104","Travail, temps plein"
"9105",""
"9106","Director of IT"
"9107","Financial advisor"
"9108","Unemployed"
"9109","Teacher"
"9110","Bookkeeping"
"9111",""
"9112","Lawyer"
"9113","warehouse"
"9114","GROCERY CLERK"
"9115",""
"9116","Videogames tester"
"9117","-99"
"9118","adjointe administrative"
"9119","Canadian Red Crosd  --  ECW"
"9120","General manager"
"9121","Telecommunications project manager"
"9122","Public servant"
"9123",""
"9124","Marketing Coordinator"
"9125","IT"
"9126","Law"
"9127",""
"9128","maint"
"9129","travailler"
"9130","credit admin"
"9131","-99"
"9132",""
"9133","Professor"
"9134","retired"
"9135","teacher"
"9136","healthcare"
"9137","Retired"
"9138",""
"9139",""
"9140",""
"9141","-99"
"9142",""
"9143","student"
"9144","Directrice"
"9145","Retired"
"9146",""
"9147","Bookkeeper"
"9148",""
"9149","retired"
"9150","-99"
"9151","Executive Management"
"9152","Account manager"
"9153","-99"
"9154",""
"9155","Computer Technician"
"9156","Healthcare"
"9157","Student"
"9158",""
"9159","travail"
"9160","Tutor"
"9161","Office Administration"
"9162","-99"
"9163","unemployed"
"9164","Courtier d’assurance"
"9165",""
"9166",""
"9167","Technician"
"9168","Business"
"9169","Retired"
"9170","Writer / academic"
"9171","University professor"
"9172","Small Business"
"9173","Enseignante"
"9174","Journalist"
"9175","Physiothérapeute"
"9176",""
"9177","agent de contrôle"
"9178",""
"9179",""
"9180","Sales"
"9181","-99"
"9182","-99"
"9183","self employed"
"9184","-99"
"9185","-99"
"9186",""
"9187",""
"9188","Doctor"
"9189","Fonctionnaire"
"9190","-99"
"9191","accountant"
"9192","administrative"
"9193","disability"
"9194",""
"9195","-99"
"9196",""
"9197","Police Officer"
"9198","technitienne de laboratoire métalurgie"
"9199",""
"9200","-99"
"9201",""
"9202","I DO NOT WORK"
"9203",""
"9204","finance"
"9205","Teacher"
"9206",""
"9207","Unemployed"
"9208","Electrician"
"9209",""
"9210",""
"9211","Heavy duty mechanic"
"9212","-99"
"9213","Barista"
"9214","Mère de 3 enfants"
"9215",""
"9216",""
"9217","Financial Advisor"
"9218","sales"
"9219","analyst"
"9220","Health Care Worker"
"9221","-99"
"9222",""
"9223",""
"9224","Litigation support"
"9225","Youth Probation Officer"
"9226","broadcasting - radio"
"9227","Student"
"9228","teacher"
"9229",""
"9230","Personal Mentor"
"9231","lElectricien"
"9232","IT analyst"
"9233","Manoeuvre"
"9234",""
"9235",""
"9236","-99"
"9237","acheteur/négociateur"
"9238","Care giver/House wife"
"9239",""
"9240","-99"
"9241","Journaliste"
"9242",""
"9243","Engineer"
"9244","Retired"
"9245",""
"9246","Unemployed"
"9247",""
"9248","Library assistant at a university library"
"9249","Social worker"
"9250","Nurse"
"9251","Student"
"9252",""
"9253","automaticien"
"9254",""
"9255",""
"9256","-99"
"9257","Retail Worker"
"9258","Non profit manager"
"9259","Dessinateur industriel"
"9260","Educational assistant"
"9261","Lawyer"
"9262","Employé fédéral"
"9263","Homemaker"
"9264","Homemaker"
"9265","homemaker"
"9266",""
"9267","-99"
"9268","Urban planner"
"9269","Law clerk"
"9270","Bank manager"
"9271","Retired"
"9272","-99"
"9273",""
"9274","Executive"
"9275","sans emploi"
"9276",""
"9277",""
"9278","janitor"
"9279","Gérant"
"9280","Public Servant"
"9281",""
"9282","fonctionnaire"
"9283","Govt worker"
"9284","research technologist"
"9285",""
"9286","Étudiante / Infirmière"
"9287","Enseignant au primaire"
"9288",""
"9289","Interior Designer"
"9290","Teacher"
"9291","Student"
"9292","CLEANER"
"9293",""
"9294","Agent de bureau"
"9295","Corporate real estate"
"9296","Administrator"
"9297","-99"
"9298","Nurse"
"9299",""
"9300","Business consultant"
"9301","commis caissiere"
"9302",""
"9303","Military"
"9304",""
"9305",""
"9306",""
"9307","Retired"
"9308","Legal Assistant"
"9309","Representant service à la clientele courtage en ligne"
"9310","Businessman"
"9311","Administrative Assistant"
"9312",""
"9313",""
"9314","general manager"
"9315","Operateur de Bétonniere"
"9316",""
"9317",""
"9318","Cashier/clerk"
"9319","Developmental service worker"
"9320","BC Govt employee"
"9321","Enseignante"
"9322","administrator"
"9323","Étudiant"
"9324","travailleur autonome"
"9325",""
"9326","professeur"
"9327","Fonctionnaire"
"9328",""
"9329","policier"
"9330",""
"9331",""
"9332",""
"9333",""
"9334","Homemaker"
"9335","-99"
"9336","Accountant Assistant"
"9337","Directeur de service"
"9338","Banking"
"9339","Heavy Equipment Operator"
"9340","Gestionnaire"
"9341","Retired"
"9342","Travailleur salarié temps plein en congé de maternité"
"9343",""
"9344","Employé à temps plein"
"9345","Temps pleins"
"9346",""
"9347","Directeur general"
"9348","Administrator"
"9349","sales"
"9350",""
"9351","-99"
"9352","Policier"
"9353","RN"
"9354","Housewife"
"9355",""
"9356","nurse"
"9357",""
"9358",""
"9359","-99"
"9360",""
"9361","Unemployed"
"9362","Trucker"
"9363",""
"9364","journalier"
"9365","insurance broker"
"9366","Administrative"
"9367",""
"9368","Retail"
"9369","adj. adm."
"9370","Heavy Duty Mechanic"
"9371","Maintenance worker"
"9372","Operations"
"9373","-99"
"9374","primary teacher"
"9375","technicien Cinéma"
"9376","Computer Analyst"
"9377","-99"
"9378","Finance Manager"
"9379","conseiller en voyages"
"9380","Orthopédagogue"
"9381","Clerk"
"9382","Teacher"
"9383",""
"9384",""
"9385",""
"9386","Expert en sinistres"
"9387","Public Servant (federal)"
"9388","Rabbi (clergy)"
"9389","fruit packer"
"9390","customer service"
"9391","-99"
"9392","secrétaire-réceptionniste"
"9393","Administrative Assistant"
"9394","sanitation"
"9395","LCBO"
"9396","Sage femme"
"9397",""
"9398","Retraite"
"9399","-99"
"9400",""
"9401","-99"
"9402",""
"9403","Tech informatique"
"9404","-99"
"9405","Guest Services"
"9406","Livreur de meubles"
"9407","Executive Administrator"
"9408","-99"
"9409",""
"9410",""
"9411",""
"9412","Chief Human resources officer"
"9413","Retired"
"9414",""
"9415","-99"
"9416",""
"9417","Geologist"
"9418","Executive"
"9419","gérant des ventes"
"9420","-99"
"9421","-99"
"9422","Retired"
"9423","Homemaker"
"9424",""
"9425","Recreation Facilities Supervisor"
"9426","Administrative assistance"
"9427","Case Manager"
"9428","Homme d'affaire"
"9429","self employed"
"9430",""
"9431","Sales Manager"
"9432","Student"
"9433","Executive assistant"
"9434","cook"
"9435","commis de bureau"
"9436","-99"
"9437","Library Technician"
"9438",""
"9439","Fonctionnaire"
"9440",""
"9441",""
"9442",""
"9443","Homemaker"
"9444","-99"
"9445",""
"9446",""
"9447","Teacher"
"9448","Tech. documentation"
"9449",""
"9450","Physician"
"9451","-99"
"9452",""
"9453","Pharmacist assistant"
"9454","Consultant"
"9455","Technologist"
"9456",""
"9457","IT analyst"
"9458","Self employed"
"9459","administration"
"9460","Security guard"
"9461","tech institute instructor/electrician"
"9462","Personal care attendant"
"9463","-99"
"9464",""
"9465",""
"9466","Public Administration"
"9467","Freelance computer repairs"
"9468",""
"9469","agriculture"
"9470","Safety officer"
"9471","Analyst"
"9472","Cashier"
"9473","Social services administrator"
"9474",""
"9475","IT Technical Consultant"
"9476","IT consultant"
"9477","Personal Support Worker"
"9478","engineer"
"9479","Directrice de l'organisation scolaire et du transport, CS Laval"
"9480","teacher"
"9481","Journalier"
"9482",""
"9483","Accountant"
"9484","Systems Analyst for civic government"
"9485","Secretary"
"9486","Photographe"
"9487","Corporate Communications"
"9488",""
"9489","-99"
"9490",""
"9491","educator"
"9492","Teacher"
"9493","Banking"
"9494","Computer analyst"
"9495","Retraite"
"9496",""
"9497",""
"9498","Administrator"
"9499",""
"9500","federal public servant"
"9501","Executive"
"9502",""
"9503","Self employed"
"9504","TECHNICAL ADVISOR"
"9505","Janitor"
"9506","Executive CEO"
"9507","IT Security Manager"
"9508","Secrétaire medicale"
"9509","health records administrator"
"9510","enseignant"
"9511","Réalisatrice"
"9512","Retired HS teacher and former border officer"
"9513","Gestionnaire grande entreprise"
"9514","rn"
"9515",""
"9516","-99"
"9517","-99"
"9518","Commis de réception marchandise"
"9519",""
"9520","-99"
"9521",""
"9522","-99"
"9523",""
"9524","Health care technician"
"9525","mechanical technologist"
"9526","unemployed"
"9527","travail bureau temps complet"
"9528",""
"9529","nurse"
"9530","Curator"
"9531","Employé"
"9532","-99"
"9533","-99"
"9534","HR Manager"
"9535",""
"9536","Retired"
"9537","-99"
"9538","Teacher"
"9539","Adjoint"
"9540","Engineer"
"9541",""
"9542",""
"9543",""
"9544","-99"
"9545","Travail communautaire"
"9546","Supervisor of a City service"
"9547","Disabled"
"9548","magasinier"
"9549",""
"9550","teacher"
"9551","software developer"
"9552","Technicien audio visuel"
"9553",""
"9554","Semi-skilled worker"
"9555","Caseworker"
"9556","translator"
"9557","College Administrator"
"9558","Chef"
"9559","Sex worker and student"
"9560","Communications"
"9561",""
"9562","Homemaker"
"9563","Office Clerk"
"9564","Owner"
"9565",""
"9566","-99"
"9567",""
"9568","Analyst"
"9569","opérateur de machinerie lourde"
"9570","Student"
"9571","enseignant"
"9572","accounting clerk"
"9573",""
"9574",""
"9575","Insurance"
"9576","-99"
"9577","gestionnaire"
"9578","Teacher"
"9579","manager"
"9580","Analyst"
"9581",""
"9582","Office - administrative"
"9583",""
"9584","Administrator"
"9585",""
"9586","enseignant"
"9587","Insurance claims adjuster"
"9588","-99"
"9589","Sans emploi"
"9590","sales associate"
"9591","-99"
"9592","préposée aux soins"
"9593","railway"
"9594","Na"
"9595","Direct sales"
"9596",""
"9597",""
"9598","civil service"
"9599","student"
"9600",""
"9601","Employé temps plein"
"9602","Travailleur"
"9603","-99"
"9604",""
"9605",""
"9606",""
"9607","Secrétaire"
"9608",""
"9609",""
"9610",""
"9611",""
"9612","-99"
"9613","Millwright"
"9614",""
"9615","Lpn"
"9616","Utilities regulator"
"9617","Landscape Gardener"
"9618",""
"9619","It"
"9620",""
"9621","Commis comptable"
"9622","Fonction publique"
"9623","Conducteur de machine-outil"
"9624",""
"9625","Regional manager"
"9626",""
"9627","Administrator"
"9628",""
"9629",""
"9630","TEMPS PARTIEL"
"9631","conseilliere financiere"
"9632",""
"9633",""
"9634",""
"9635","Consultant"
"9636","Worked for telephone company"
"9637","-99"
"9638","Employe de bureau"
"9639",""
"9640",""
"9641",""
"9642","Customer service associate"
"9643","Retired"
"9644","ELECTRICIAN"
"9645","Public administration"
"9646","tattoo"
"9647","-99"
"9648","Immobilier"
"9649","teacher"
"9650","letter carrier canada post"
"9651",""
"9652",""
"9653","-99"
"9654","Cashier"
"9655","Homemaker"
"9656",""
"9657","secrétaire"
"9658","Locomotive Engineer Instructor"
"9659",""
"9660","-99"
"9661",""
"9662","Manager"
"9663",""
"9664",""
"9665","Admin"
"9666",""
"9667","Telecommunications"
"9668",""
"9669","self employed retail"
"9670",""
"9671","Office clerical"
"9672","Démographe"
"9673",""
"9674","Aviation Worker"
"9675","Full time"
"9676","directrice d'école"
"9677","Computer Sciencest"
"9678","book keeper"
"9679",""
"9680","Nurse"
"9681","Commis"
"9682",""
"9683","Hostess"
"9684",""
"9685",""
"9686","Sales Promotions"
"9687","Administrative Assistant"
"9688","-99"
"9689","Accountant"
"9690","QA Manager"
"9691","Homemaker"
"9692",""
"9693","Operations manager"
"9694",""
"9695","PRODUCTION"
"9696",""
"9697","-99"
"9698","Formateur"
"9699","Conseiller en gestion"
"9700","Accountant"
"9701","Police"
"9702",""
"9703",""
"9704","sales"
"9705",""
"9706",""
"9707",""
"9708",""
"9709",""
"9710","Professeur université"
"9711",""
"9712","Assistante Optometriste"
"9713","Retired"
"9714","Travailleuse autonome"
"9715","Accounting"
"9716",""
"9717","Social assistance"
"9718","Enseidnante retraitee"
"9719","retraité"
"9720","registrar"
"9721","Steel worker"
"9722","Registered Nurse"
"9723","airline employee"
"9724",""
"9725","avionics technician"
"9726",""
"9727","machine operator"
"9728",""
"9729",""
"9730","Interviewer"
"9731","retired"
"9732","IT"
"9733","Retired teacher"
"9734","Communications"
"9735","social worker"
"9736",""
"9737","business owner"
"9738","Technicien adm."
"9739","supervisor"
"9740","Public Servant"
"9741","accountant"
"9742",""
"9743","Adjointe au directeur"
"9744",""
"9745",""
"9746","Technicien informatique"
"9747","Coiffure"
"9748","retired"
"9749","Productrice agricole"
"9750","retraité - agent d'assurances"
"9751","-99"
"9752",""
"9753","Travailleur temps plein"
"9754","-99"
"9755","infirmiere"
"9756","-99"
"9757","self-employed contractor"
"9758","Employé à temps plein"
"9759","Auteur"
"9760",""
"9761","engineering"
"9762","Secretary"
"9763","supervisor"
"9764",""
"9765",""
"9766",""
"9767","-99"
"9768","retail"
"9769","Spécialiste TI"
"9770","payroll administrator"
"9771","-99"
"9772",""
"9773","Security specialist"
"9774",""
"9775","carpenter"
"9776",""
"9777","self-employed"
"9778","PT retail"
"9779","Para gouvernemental"
"9780",""
"9781","Manager"
"9782","pharma exec"
"9783","Human resources"
"9784","machine operator"
"9785","Utilities Infrastructure Operations Manager"
"9786","civil engineer"
"9787","Travailleur temps plein"
"9788","A la maison"
"9789","Lawyer"
"9790","manager en milieu industriel"
"9791","Food Services/Catering"
"9792",""
"9793","accountant"
"9794","-99"
"9795",""
"9796","Business Representative"
"9797",""
"9798","Machinist"
"9799","Interior designer"
"9800","Govt"
"9801",""
"9802",""
"9803","Daycare Educator"
"9804","Pharmacist"
"9805",""
"9806","Manager"
"9807","IT system administrator"
"9808",""
"9809","-99"
"9810","Designer"
"9811",""
"9812","Administrative Assistant"
"9813","Oil company employee"
"9814","Construction"
"9815",""
"9816","Recreation therapist"
"9817","Secrétaire d'école"
"9818",""
"9819",""
"9820",""
"9821","Social Work"
"9822","counselor"
"9823","Executive"
"9824","-99"
"9825",""
"9826","-99"
"9827",""
"9828","Company President"
"9829","Legal Administrative Assistant"
"9830","retraitée"
"9831","Director"
"9832","letter carrier Canada Post"
"9833","Property Manager"
"9834","Photographer"
"9835",""
"9836","Chauffeur d'autobus"
"9837","Cripple"
"9838","Automotive Services Writer"
"9839","Administrator"
"9840",""
"9841","Finance Executive"
"9842","laboratory technologist"
"9843","Architect"
"9844","Secondary English teacher"
"9845","-99"
"9846","TRAINING MANAGER"
"9847","Client services advisor"
"9848","math teacher"
"9849","Travail"
"9850","Adjointe"
"9851","-99"
"9852","Paramedic"
"9853","Travailleur à t. Plein"
"9854","Career advisor"
"9855","transportation"
"9856","Electrician"
"9857","I worked in a business call center that dealt with calls from customers with problems with their cellular phones or had billing issues with their cell phone plans. I am now retired."
"9858","Policy Analyst and Business Consultant"
"9859","Law Clerk"
"9860",""
"9861",""
"9862","-99"
"9863","Student"
"9864","teacher"
"9865","nurse"
"9866",""
"9867","Fonctionnaire"
"9868","Homemaker"
"9869","student, part time TA"
"9870","disability"
"9871","consultant TI"
"9872","retired"
"9873","Industrial Designer"
"9874","Social assistance"
"9875","Computer Management"
"9876","Mining Geologist"
"9877","Aircraft Maintenance Engineer"
"9878","-99"
"9879","-99"
"9880",""
"9881","-99"
"9882","Sailor"
"9883",""
"9884","Professional Electrical Engineer"
"9885","buildings manager"
"9886","Director in Prov. Dept of Health"
"9887","-99"
"9888","Construction"
"9889",""
"9890","self employed"
"9891",""
"9892","CPA, CFO"
"9893","Opérateur usine"
"9894",""
"9895","Invalidite"
"9896","Travaille"
"9897","Employée à temps plein"
"9898","Retail sales"
"9899","-99"
"9900",""
"9901","Bookkeeper"
"9902",""
"9903","Communications"
"9904","-99"
"9905",""
"9906","Student"
"9907","-99"
"9908","office worker"
"9909","-99"
"9910","Teacher"
"9911","Office worker"
"9912","Finance"
"9913",""
"9914","vendeur"
"9915",""
"9916","Secretary office"
"9917",""
"9918","Janitorial/Custodial"
"9919","Mental Health Nurse"
"9920","-99"
"9921","Consultation"
"9922","Transport Company"
"9923","Électricien"
"9924",""
"9925",""
"9926","Customer Service"
"9927",""
"9928","Business owner"
"9929","Scientist"
"9930","-99"
"9931","-99"
"9932",""
"9933",""
"9934","employee"
"9935",""
"9936","-99"
"9937","Cashier"
"9938",""
"9939",""
"9940",""
"9941",""
"9942","technicien en laboratoire"
"9943","Insurance agent"
"9944",""
"9945","Government servant"
"9946","Coach et formateur"
"9947","self employed doing multiple services"
"9948",""
"9949",""
"9950",""
"9951",""
"9952","Project Manager"
"9953","-99"
"9954","Student"
"9955",""
"9956","-99"
"9957",""
"9958","Commis comptable"
"9959","instructional designer"
"9960",""
"9961","Sales"
"9962",""
"9963",""
"9964","-99"
"9965",""
"9966",""
"9967",""
"9968",""
"9969",""
"9970",""
"9971",""
"9972","-99"
"9973","Hospitality"
"9974","Retired"
"9975","-99"
"9976","Manager"
"9977","-99"
"9978","Skytrain attendant"
"9979","-99"
"9980","Sales/marketing Manager"
"9981","Ombudsman"
"9982","Case Manager & District Supervisor"
"9983","Policier"
"9984",""
"9985",""
"9986","cashier"
"9987",""
"9988",""
"9989","-99"
"9990","Employée de bureau"
"9991","Directeur d'entreprise"
"9992","Lab Coordinator"
"9993","Canada Post"
"9994","-99"
"9995",""
"9996","mom"
"9997",""
"9998",""
"9999",""
"10000","Sales"
"10001","secretary"
"10002","-99"
"10003",""
"10004","carpenter"
"10005",""
"10006","Bench jeweller"
"10007","-99"
"10008","Avocat"
"10009",""
"10010","medical secretary"
"10011","Manager"
"10012",""
"10013","COOK"
"10014","Office worker"
"10015","Education"
"10016","Student"
"10017","accounting clerk"
"10018","Fonctionnaire"
"10019","Municipal Manager"
"10020","Delivery driver"
"10021",""
"10022","Retraitee"
"10023","Employé"
"10024","Operating Room Business Manager"
"10025",""
"10026","Designer"
"10027",""
"10028",""
"10029","Airport Screring Officer"
"10030","Management Consultant"
"10031","Marketing"
"10032","Marketing Consultant"
"10033","Project coordinator"
"10034",""
"10035",""
"10036",""
"10037",""
"10038","Travail à temps plein"
"10039","sales"
"10040","Waitress"
"10041","School teacher"
"10042","fonctionnaire fédéral"
"10043",""
"10044","Consultant"
"10045","Animal breeder"
"10046","Retail bakery"
"10047",""
"10048","Diétetiste"
"10049",""
"10050","soutien administratif"
"10051",""
"10052","Cook"
"10053","Teacher"
"10054","manager"
"10055","housekeeping porter"
"10056","real estate agent"
"10057","Project manager"
"10058",""
"10059","technicien"
"10060","-99"
"10061","Gestion"
"10062","Manager Payroll & Benefits"
"10063",""
"10064","Nurse"
"10065","-99"
"10066",""
"10067",""
"10068","Dessinateur"
"10069","-99"
"10070","Tutor"
"10071","Resident services"
"10072","Consultant"
"10073","retraitée"
"10074","TRANSPORTATION"
"10075","Teacher"
"10076","Account Manager - Sales"
"10077","investment associate"
"10078","Business Analyst"
"10079","Magasinier"
"10080","Front Desk Agent"
"10081",""
"10082",""
"10083","manufacturing"
"10084","Analyst"
"10085","Teacher"
"10086","Drywaller"
"10087","manager"
"10088","Financial Analyst"
"10089","Homemaker"
"10090","Medical Transcriptionist"
"10091","Heavy duty partsman"
"10092","Education"
"10093",""
"10094",""
"10095",""
"10096","Travailleur temps plein technologue en radio oncologie"
"10097","Graphic design"
"10098","-99"
"10099","Federal employee"
"10100","Professeur"
"10101","No andwe"
"10102",""
"10103","Accounting clerk"
"10104","-99"
"10105","Secretary"
"10106","retraite"
"10107","Safety Manager"
"10108","-99"
"10109","Digital Marketing"
"10110","Rembourreur"
"10111",""
"10112","Accounting"
"10113","mère à la maison"
"10114","Enseignant"
"10115","Manager"
"10116","university professor"
"10117",""
"10118","Project manager"
"10119","Lead hand technician"
"10120",""
"10121","Teacher"
"10122",""
"10123","travailleur autonome"
"10124","Étudiant"
"10125","Enseignant."
"10126","Service Representative"
"10127","Engineering Manager"
"10128","Pharmacy ass"
"10129","Manager"
"10130","Retail sales manager"
"10131","Enseignante"
"10132","I am self employed, I work as a telemarketer/advertiser/marketer."
"10133","Office Manager"
"10134","security"
"10135",""
"10136","Accountant"
"10137",""
"10138","Self Employed"
"10139",""
"10140","-99"
"10141",""
"10142",""
"10143","Engineer"
"10144","student"
"10145",""
"10146","Steel worker"
"10147","Executive Assistant"
"10148",""
"10149","Retail"
"10150","Manager"
"10151","sales"
"10152",""
"10153","Food services"
"10154",""
"10155","Public servant"
"10156",""
"10157","Travailleur"
"10158",""
"10159","Executive"
"10160","Librarian"
"10161","Pilot"
"10162","-99"
"10163","Direceur finance"
"10164","admin assistant"
"10165","Adjointe juridique"
"10166","Physiothérapeute"
"10167","Salarié"
"10168","Retired"
"10169","Technicienne en administration"
"10170",""
"10171",""
"10172",""
"10173","Civil service"
"10174","cuisinier"
"10175","Retired,University professor"
"10176","aide général en production"
"10177","Counsellor"
"10178","student"
"10179","unemployed"
"10180","-99"
"10181","medical secretary/transcriptionist"
"10182",""
"10183","Nurse"
"10184","Business man"
"10185","business management"
"10186",""
"10187","Manager"
"10188",""
"10189","Retraité"
"10190","retired"
"10191","Enseignante"
"10192","Child and Youth Counselor"
"10193","-99"
"10194","Social work"
"10195","Analyste"
"10196","Engineering"
"10197","-99"
"10198","-99"
"10199",""
"10200",""
"10201",""
"10202","Education"
"10203","Law enforcement"
"10204","-99"
"10205","machine operator"
"10206","Manager"
"10207","PRINTER"
"10208",""
"10209",""
"10210","Registered Nurse"
"10211","program manager"
"10212","manager"
"10213","Banker"
"10214",""
"10215","Postal clerk"
"10216","-99"
"10217","Production Planner"
"10218","Database admin"
"10219","labour"
"10220","Manager"
"10221",""
"10222",""
"10223","Fintech Entrepreneur"
"10224","-99"
"10225",""
"10226","Adjointe administrative"
"10227",""
"10228","package handler"
"10229","Teacher"
"10230","Public servant (research)"
"10231","-99"
"10232","Sans emploi"
"10233",""
"10234","IT Consultant"
"10235","accounts/Military"
"10236","customer service rep"
"10237","Mamagement"
"10238","éducateur en centre jeunesse"
"10239","outreach"
"10240","Chauffeur de camion"
"10241",""
"10242",""
"10243","Accountant"
"10244",""
"10245","distributor"
"10246","Retail Management"
"10247","Managerial"
"10248","College president"
"10249","Technicien Mécanique"
"10250","Security"
"10251",""
"10252","Artist"
"10253",""
"10254","restauration"
"10255","Agent de bureau"
"10256",""
"10257","Education"
"10258","Computer programmer"
"10259",""
"10260",""
"10261",""
"10262","manager finance"
"10263","Homemaker"
"10264","Data Scientist"
"10265",""
"10266","Sales Manager"
"10267","-99"
"10268","Airline Pilot"
"10269","Manager"
"10270","Lawyer"
"10271",""
"10272","Teacher"
"10273","Educator"
"10274","Cashier"
"10275","federal government"
"10276","Directeur Marketing"
"10277","-99"
"10278","Hospital administration"
"10279","Accounting/front office"
"10280",""
"10281",""
"10282","health sector (hospital (ER) patient care attendant)"
"10283","call center agent"
"10284","Cleaner"
"10285",""
"10286","Trail crew"
"10287",""
"10288","bookkeeper"
"10289","sales"
"10290","Hairdresser"
"10291",""
"10292","Adjointe administrative"
"10293","Computer Programmer"
"10294",""
"10295","-99"
"10296","PowerLine Electrician"
"10297","Cashier"
"10298","Infirmière"
"10299","Sales"
"10300","Enseignante"
"10301",""
"10302",""
"10303",""
"10304","Self-Employed"
"10305","Banker"
"10306","-99"
"10307",""
"10308",""
"10309","student"
"10310","Cariste"
"10311",""
"10312","-99"
"10313","-99"
"10314",""
"10315","Student"
"10316","Retired"
"10317","supervisor"
"10318","Fonctionnaire"
"10319","freelance writer"
"10320",""
"10321","telecommunications"
"10322","-99"
"10323",""
"10324","-99"
"10325","Commis"
"10326",""
"10327","Directeur Regional"
"10328","Technicien électronique"
"10329","student"
"10330","Engineer"
"10331",""
"10332","writer-editor"
"10333",""
"10334",""
"10335",""
"10336","Power Engineer"
"10337",""
"10338","Conseiller technique ti"
"10339","Entrepreneur à mon compte"
"10340","commercante"
"10341","nurse"
"10342","-99"
"10343",""
"10344","teacher"
"10345",""
"10346","psw"
"10347",""
"10348","Homemaker"
"10349","manager"
"10350","Coordonnatrice"
"10351","oncology social worker"
"10352",""
"10353",""
"10354","Server"
"10355",""
"10356",""
"10357",""
"10358","-99"
"10359","Gestionnaire"
"10360",""
"10361","Travailleuse temp plein"
"10362","-99"
"10363","Manager"
"10364",""
"10365",""
"10366","Homemaker"
"10367","Adjointe administrative"
"10368","Don’t know"
"10369",""
"10370","Child care"
"10371","Conseiller en économie"
"10372","Enseignant"
"10373","homemaker"
"10374","Executive"
"10375",""
"10376","Management"
"10377","Research administrator"
"10378","Retraitée"
"10379","Fonctionnaire"
"10380",""
"10381","-99"
"10382","Dental hygienist"
"10383","secrétaire"
"10384",""
"10385","-99"
"10386",""
"10387","Student"
"10388","electronics technician"
"10389",""
"10390","professeur"
"10391","production manager"
"10392","Manager"
"10393","student"
"10394",""
"10395","-99"
"10396","Banking"
"10397",""
"10398","Travailleur autonome"
"10399","Flight attendant"
"10400","Quality auditor"
"10401","Bartender"
"10402",""
"10403","public servant"
"10404","executive"
"10405",""
"10406",""
"10407",""
"10408","Farmer"
"10409","Buandière secteur santé"
"10410","Marketing Manager"
"10411","Supply Chain Specialist"
"10412",""
"10413",""
"10414","Professor"
"10415","Éducatrice"
"10416",""
"10417","Chef"
"10418","Administrative Assistant"
"10419","Analyste en éducation"
"10420","Secretary"
"10421",""
"10422","military"
"10423","Military"
"10424","Investment Advisor"
"10425",""
"10426",""
"10427","Student"
"10428","Librarian"
"10429","Travail temps plein"
"10430","Commis"
"10431","research"
"10432","Respiratory Therapist"
"10433","post-secondary educator"
"10434",""
"10435","-99"
"10436","Information technology"
"10437","-99"
"10438","Self Employed"
"10439","Designer d'intérieur"
"10440","Attorney"
"10441","Communications Manager"
"10442",""
"10443",""
"10444","IT Consultant"
"10445","Social worker"
"10446",""
"10447","Assistant exécutif"
"10448","Personal banker retired"
"10449","Dietitian"
"10450",""
"10451","-99"
"10452",""
"10453","Paper boyand manintiance"
"10454",""
"10455","Director"
"10456","Auditor"
"10457","Special needs teacher"
"10458","Gerant"
"10459","Employe de bureau"
"10460",""
"10461","site supervisor"
"10462","school teacher"
"10463",""
"10464","Directeur d'école primaire"
"10465","civil servant"
"10466","Teacher"
"10467","operations manager"
"10468",""
"10469","IT  Director"
"10470","Manager"
"10471",""
"10472","Admissions Officer"
"10473","Service Manager"
"10474","Legal secretary"
"10475","Food and Beverage Assistant Manager"
"10476",""
"10477",""
"10478","engineer"
"10479",""
"10480","Microbiologiste"
"10481","Remarketing"
"10482","Farmer"
"10483","Projet Manager for retail services, currently on Maternity Leave"
"10484","Counter person"
"10485","-99"
"10486","Software Engineer"
"10487","Real estate assistant"
"10488","accounting"
"10489","Dispatcher, Truck Driver"
"10490","Financial Advisor"
"10491","à la maison"
"10492","-99"
"10493","chef de division municipal"
"10494"," unable to work due to disability"
"10495",""
"10496","Public servant"
"10497","Configuration Manager"
"10498","Pharmacy Technician"
"10499",""
"10500","Student"
"10501",""
"10502","financial advisor"
"10503",""
"10504",""
"10505","nuclear physicist"
"10506","Practice Management Consultant"
"10507","Director of Information Technology"
"10508","Federal Government"
"10509",""
"10510","Systems and solutions analyst"
"10511",""
"10512","video game creator from home"
"10513","Office Administrator"
"10514","Comptable"
"10515",""
"10516","-99"
"10517","student"
"10518","Technician"
"10519","Miner"
"10520","counselor"
"10521","Retrsite"
"10522","Service Tech."
"10523","Zoological/Animal care."
"10524","Salarié"
"10525","-99"
"10526",""
"10527","gestionnaire des opérations"
"10528","Software Developer"
"10529","referee"
"10530","Retail"
"10531",""
"10532",""
"10533",""
"10534","-99"
"10535",""
"10536","Travail à temps plein"
"10537",""
"10538","Legal"
"10539","Disabled"
"10540","Fonctionnaire"
"10541",""
"10542",""
"10543","Conseiller en sécurité civile"
"10544",""
"10545",""
"10546","Sales Management"
"10547",""
"10548",""
"10549","none"
"10550",""
"10551","Analyste en informatique"
"10552","PSW Certified"
"10553","Business Owner"
"10554",""
"10555","Conseiller financier"
"10556","directrice administrative"
"10557","technicienne pharmacie"
"10558","Student"
"10559","Emballeur"
"10560","sales"
"10561",""
"10562",""
"10563","-99"
"10564","warehouse worker"
"10565",""
"10566","Health care"
"10567","Propriétaire d'entreprise"
"10568","student"
"10569","Manager Informatique"
"10570",""
"10571","Communications"
"10572","-99"
"10573",""
"10574","Server"
"10575",""
"10576","Project manager"
"10577","Canada Post admin employee"
"10578","Content Creator"
"10579","consultant"
"10580","Municipal Police Detective Sergeant"
"10581",""
"10582","secrétaire"
"10583","-99"
"10584","-99"
"10585","on disability, but I used to work in social services"
"10586",""
"10587","self employed"
"10588",""
"10589","Finance"
"10590","Sales"
"10591",""
"10592","Operations"
"10593","Retired Military"
"10594","-99"
"10595","teacher"
"10596",""
"10597","Civil Servent"
"10598","Equiopment operator"
"10599","-99"
"10600",""
"10601","conseillère en voyages"
"10602","Teacher"
"10603","Teacher"
"10604","Engineer"
"10605",""
"10606","-99"
"10607","Consulting"
"10608",""
"10609","High school chemistry teacher not far from Western 😉"
"10610",""
"10611","Research assistant"
"10612",""
"10613","TEC-LAB"
"10614",""
"10615","Technologue en architecture"
"10616","architecte de paysage"
"10617",""
"10618",""
"10619","-99"
"10620",""
"10621",""
"10622",""
"10623","-99"
"10624","Musicien professionnel"
"10625","Front desk"
"10626",""
"10627","Retraité"
"10628",""
"10629","assistante administrative"
"10630","Administrator of newsroom"
"10631","HR"
"10632","Banker"
"10633",""
"10634","retired"
"10635","Funrraiser"
"10636","Milwright"
"10637","Custom broker"
"10638","-99"
"10639",""
"10640","Chief Librarian for Community Library"
"10641","Student"
"10642","-99"
"10643","Auditor"
"10644","analyst"
"10645","Accounting"
"10646","Teacher"
"10647","-99"
"10648","-99"
"10649","Civil service"
"10650","Project Management"
"10651","Enseignante"
"10652","-99"
"10653","-99"
"10654","-99"
"10655","-99"
"10656","Accounting"
"10657",""
"10658",""
"10659","Homemaker/freelancer"
"10660","Ontario Gov"
"10661",""
"10662","retraité ébéniste"
"10663","engineer"
"10664",""
"10665","Accountant"
"10666","étudiant"
"10667","Cashier"
"10668","Railcar mechanic"
"10669",""
"10670","laborer"
"10671","Retired"
"10672",""
"10673","biosafety officer"
"10674","Machine operator"
"10675",""
"10676","Student"
"10677",""
"10678","-99"
"10679",""
"10680","Teacher"
"10681","-99"
"10682","Supervisor Canada Post"
"10683","parking lot supervisor"
"10684","Government (retired)"
"10685",""
"10686","engineer"
"10687","Student"
"10688","peintre"
"10689","Health care aid"
"10690","Security Guard"
"10691","Cook"
"10692","It project analyst"
"10693",""
"10694",""
"10695","Farmer"
"10696",""
"10697","Administration"
"10698","finance manager"
"10699",""
"10700",""
"10701","Student"
"10702","Vendeur"
"10703","Emploi temps plein"
"10704","IT"
"10705","-99"
"10706",""
"10707","-99"
"10708","Retraite"
"10709","government"
"10710","Computer Technician"
"10711","Admin Assistant"
"10712","Data Manager"
"10713",""
"10714","Programmer/Analyst"
"10715","Law enforcement"
"10716",""
"10717","Nurse"
"10718","Consultant"
"10719",""
"10720","cover symptom tester"
"10721","Homemaker"
"10722",""
"10723","journalier"
"10724","-99"
"10725",""
"10726",""
"10727","-99"
"10728","-99"
"10729","Pharmacy tech"
"10730","freelance chef"
"10731","farmer"
"10732","health care"
"10733","Representant"
"10734","Contremaitre usine"
"10735","Care aid"
"10736","Homemaker"
"10737","office worker"
"10738",""
"10739","carpenter"
"10740","Library worker"
"10741",""
"10742",""
"10743",""
"10744",""
"10745","Student"
"10746","Health & Education professional"
"10747","Military"
"10748","Gestion"
"10749",""
"10750","serveuse"
"10751","mecanicien"
"10752","business owner"
"10753","registered psychiatric nurse"
"10754","enseignante"
"10755","Federal Government - Policy"
"10756","Enseignante"
"10757",""
"10758",""
"10759","Admin"
"10760","Fonctionnaire provincial"
"10761","Driver"
"10762","Freelance writer"
"10763","Student"
"10764",""
"10765","RN"
"10766","Veterinrian"
"10767","Student"
"10768",""
"10769","Safety coordinator"
"10770","-99"
"10771",""
"10772",""
"10773",""
"10774","Chauffeur d'autobus"
"10775",""
"10776",""
"10777","Purchasing Manager"
"10778","artist"
"10779","Fonctionnaire fédéral"
"10780","teacher"
"10781","cashier"
"10782",""
"10783",""
"10784",""
"10785",""
"10786","Avocate"
"10787","Educational Coordinator"
"10788",""
"10789","Programmeur-analyste"
"10790","Federal public service programme officer"
"10791",""
"10792",""
"10793","-99"
"10794","educator"
"10795","retired"
"10796",""
"10797","-99"
"10798","-99"
"10799",""
"10800",""
"10801","-99"
"10802",""
"10803","Pension plan analyst"
"10804",""
"10805",""
"10806","Enseignant"
"10807","clergy"
"10808","Retired"
"10809","City programs manager"
"10810","vérificateur"
"10811","retired"
"10812","RECE"
"10813","-99"
"10814",""
"10815","opérateurs"
"10816","Comptable"
"10817",""
"10818","retraitée"
"10819",""
"10820","student"
"10821",""
"10822",""
"10823","Contrôleur traffic"
"10824","FISHERMAN"
"10825",""
"10826",""
"10827",""
"10828",""
"10829","employed part time"
"10830","Social Worker"
"10831","Bilingual Customer Experience Specialist"
"10832",""
"10833","Administration"
"10834","Architecte TI"
"10835","Consultant"
"10836",""
"10837","Oil patch business owner"
"10838","Enseignante"
"10839","professeur"
"10840","Physician"
"10841",""
"10842","retired"
"10843","Musician"
"10844","Enseignante"
"10845",""
"10846","clerk"
"10847","social worker"
"10848",""
"10849","Comptable"
"10850","Professional"
"10851","Real Estate Salesperson"
"10852","Retraitee"
"10853","Archaeologist"
"10854","-99"
"10855",""
"10856","driver"
"10857",""
"10858","retired"
"10859","-99"
"10860","-99"
"10861","advertising"
"10862","Federal Government"
"10863","Nurse"
"10864","Gestionnaire dans le réseau de la santé au Québec"
"10865","piano technician and music teacher"
"10866","Sales"
"10867",""
"10868",""
"10869",""
"10870","COMMIS"
"10871","Teaching"
"10872","Pharmacist"
"10873","Entrée de données"
"10874","fonctionnaire prov."
"10875","Information Technology"
"10876",""
"10877",""
"10878","étudiante"
"10879","Teacher"
"10880",""
"10881","student"
"10882",""
"10883","-99"
"10884","Ingénieur"
"10885",""
"10886",""
"10887","Transportation Economist/Planner"
"10888","Chargé de projet borne électrique gouv. Qc."
"10889",""
"10890","Systems Analyst"
"10891",""
"10892","Bilingual customer service"
"10893",""
"10894","BAR OWNER"
"10895",""
"10896",""
"10897","Educatrice"
"10898",""
"10899",""
"10900","Publiciste"
"10901","optometrist"
"10902","courtier immobilier"
"10903",""
"10904","Vet"
"10905",""
"10906","Travailleur temps plein"
"10907","student"
"10908","Biochemist"
"10909","-99"
"10910","Employment"
"10911","Refrigeration technician"
"10912",""
"10913","Dont know yet"
"10914","Law clerk"
"10915","IT Executive"
"10916","retired"
"10917",""
"10918","Sales & Marketing"
"10919","Environmental aide"
"10920","Sales"
"10921","ceo"
"10922","nurse"
"10923","marketing director"
"10924",""
"10925","ingénieur gestionnaire"
"10926","Aucune, inapte à l'emploi (syndrome de fatigue chronique)"
"10927",""
"10928","Miner"
"10929","Administrative health clerk"
"10930","Employé"
"10931","Assistant Food and Beverage Manager"
"10932","Étudiant"
"10933","Banking officer"
"10934","conseillere ressources humaines"
"10935","Compliance manager"
"10936","Professor"
"10937","Nurse"
"10938","-99"
"10939",""
"10940","factory worker"
"10941","Finance sector"
"10942","Directeur"
"10943","Représentante informatique"
"10944","-99"
"10945",""
"10946","Sales Supervisor"
"10947",""
"10948","Sales"
"10949",""
"10950","Inspector"
"10951","Xray tech"
"10952","Administration"
"10953",""
"10954",""
"10955","educational administrator"
"10956","Enseignante"
"10957","Police"
"10958","travail"
"10959","-99"
"10960",""
"10961",""
"10962","Étudiant"
"10963","Travail temps plein"
"10964",""
"10965","Labourer"
"10966","Banker"
"10967","College Professor"
"10968","Finance"
"10969","vente"
"10970",""
"10971","commis-enqueteur"
"10972","concierge immeuble"
"10973","Energy sector"
"10974","policier"
"10975",""
"10976","Professeur"
"10977","Au foyer"
"10978","-99"
"10979",""
"10980"," Avocate"
"10981","Flight Attendant"
"10982","consultant"
"10983","Receptionist"
"10984","-99"
"10985","-99"
"10986",""
"10987","office manager"
"10988","office worker"
"10989","Office Admin"
"10990","Maintenance production"
"10991","Comptable"
"10992","bus driver"
"10993","Retired Transportation Engineer"
"10994",""
"10995","Chauffeur"
"10996",""
"10997",""
"10998",""
"10999","Operations manager"
"11000",""
"11001","enseignante"
"11002","unemployed"
"11003","Caissière"
"11004","student"
"11005",""
"11006",""
"11007","travailleur"
"11008","teacher"
"11009","Ssp"
"11010","-99"
"11011",""
"11012","Manager"
"11013","-99"
"11014",""
"11015","Government"
"11016",""
"11017",""
"11018",""
"11019","Psychometrician"
"11020","retired politician"
"11021","journalier retraité"
"11022","-99"
"11023",""
"11024",""
"11025",""
"11026","-99"
"11027","avocate"
"11028","-99"
"11029","chauffeur"
"11030",""
"11031","informaticien"
"11032",""
"11033","Executive Assistant"
"11034","Hygiéniste dentaire"
"11035","-99"
"11036","Secrétaire"
"11037",""
"11038","Education"
"11039","Camionneur"
"11040",""
"11041",""
"11042","Dentist"
"11043","Nurse"
"11044","Retired"
"11045","Teacher"
"11046","Public Servant"
"11047","-99"
"11048","-99"
"11049","Fleet manager"
"11050",""
"11051","Accountant"
"11052",""
"11053","unemployed"
"11054","lawyer"
"11055","Carpenter"
"11056","Research and Development"
"11057",""
"11058",""
"11059","IT Manager"
"11060",""
"11061","-99"
"11062","Employée"
"11063",""
"11064","Etudiante"
"11065","-99"
"11066","-99"
"11067","Travaille"
"11068","Bakery Manager"
"11069","retired"
"11070",""
"11071",""
"11072","Tech de labo"
"11073",""
"11074","guide touristique"
"11075","Étudiant"
"11076","Mining Engineer/executive"
"11077",""
"11078","Student working part time"
"11079","assisting site supervisor in construction"
"11080","Gestionnaire"
"11081",""
"11082",""
"11083","-99"
"11084","-99"
"11085",""
"11086","Homemaker"
"11087","Bookkeeper"
"11088",""
"11089","Enseignante"
"11090","Agent de sécurité"
"11091","Customer service"
"11092",""
"11093","Electrical Engineer"
"11094","bookkeeper"
"11095","Manager"
"11096","auto assembler"
"11097","Coordonnatrice"
"11098","emploi temps plein"
"11099","Bénévolat"
"11100","24 hr/day caregiver to an elderly person with dementia"
"11101",""
"11102","Analyst"
"11103","Gov of Canada"
"11104",""
"11105",""
"11106","-99"
"11107","Administrative Assistant"
"11108","Acheteur"
"11109",""
"11110","Fonctionnaire"
"11111",""
"11112","Quality Manager"
"11113","Caissière"
"11114","sales"
"11115","-99"
"11116","Tec,ver. Fiscale"
"11117","éducateur spécialisé"
"11118","Retired"
"11119","Sales"
"11120","Teacher"
"11121","Employée à temps plein / communications"
"11122",""
"11123","Éducation"
"11124","-99"
"11125","Office worker"
"11126",""
"11127","Adjointe"
"11128",""
"11129","-99"
"11130","administration"
"11131",""
"11132","Security Consultant"
"11133","Manufacturing"
"11134","technicien en intormatique"
"11135",""
"11136",""
"11137",""
"11138","Student"
"11139","Retired"
"11140","Retired"
"11141","manager"
"11142","Chemical Lab Tech"
"11143","retired"
"11144","Self employed"
"11145",""
"11146","Park planner, provincial government"
"11147","Business"
"11148","insurance"
"11149",""
"11150",""
"11151",""
"11152","Public worker"
"11153","Inside sales"
"11154","Student"
"11155","Logistics"
"11156","Labor"
"11157","-99"
"11158","-99"
"11159",""
"11160","retraité"
"11161","Travailleuse sociale"
"11162","Disabled"
"11163","transcriptionist"
"11164",""
"11165",""
"11166",""
"11167","Manager"
"11168","étudiante"
"11169",""
"11170","-99"
"11171",""
"11172","Union staff"
"11173","Customer service"
"11174",""
"11175","Educator/ School Head"
"11176",""
"11177","adjointe administrative"
"11178","-99"
"11179","n/a"
"11180","care aide"
"11181","Retired"
"11182","Teacher"
"11183","Admin"
"11184","-99"
"11185","Programmeur analyse"
"11186","-99"
"11187","Student"
"11188",""
"11189","Accountant"
"11190","Developmental Support Worker"
"11191","Le sport"
"11192",""
"11193","Retired"
"11194","Securité"
"11195","retired"
"11196",""
"11197","sales"
"11198",""
"11199","Personal Support Worker"
"11200",""
"11201","Manager"
"11202",""
"11203","Clerical"
"11204","Utility"
"11205","Millwright"
"11206","Account manager"
"11207",""
"11208","student"
"11209","Manager"
"11210",""
"11211","IT consultant"
"11212","School Principal"
"11213","law clerk"
"11214","Disabled/security guard"
"11215","Health"
"11216","Accountant"
"11217","Public service"
"11218","Human Resources Exec"
"11219","Cook"
"11220",""
"11221","-99"
"11222",""
"11223","Conseillère pédagogique"
"11224","-99"
"11225","Teacher"
"11226","Coordonnatrice"
"11227",""
"11228","education assistant"
"11229",""
"11230","-99"
"11231","Director Career Services (retired)"
"11232",""
"11233","WCB REPRESENTATIVE"
"11234","Engineer"
"11235","Accountant"
"11236","étudiant"
"11237","HVAC Technician"
"11238","millworker"
"11239","retired financial consultant"
"11240","massage therapist"
"11241","Telecom"
"11242","mail carrier"
"11243","Health and Safety Consultant"
"11244",""
"11245",""
"11246",""
"11247",""
"11248",""
"11249","Teacher"
"11250","manager"
"11251","Travailleur autonome"
"11252","ECE"
"11253","Secrétaire"
"11254","Travailleuse sociale"
"11255","Self employed"
"11256","i work in entertainment"
"11257",""
"11258","pipefitter/plumber/ steamfitter"
"11259","Maintenance"
"11260",""
"11261","It Tech"
"11262",""
"11263",""
"11264","Executive Assistant"
"11265",""
"11266","-99"
"11267","-99"
"11268","Project Manager"
"11269","PSW"
"11270","sans emploi"
"11271","personal support worker"
"11272",""
"11273",""
"11274",""
"11275","Communications"
"11276","Conseiller au gouvernement"
"11277",""
"11278","Service Industry"
"11279",""
"11280","auto teck"
"11281","Inspector"
"11282","Manager"
"11283","Nurse"
"11284","-99"
"11285","Communications"
"11286",""
"11287","accountant"
"11288",""
"11289","Cashier"
"11290","pilot"
"11291","HVAC SALES"
"11292","homemaker"
"11293","student"
"11294","Acoustic technologist"
"11295","Senior Manager"
"11296","Agent de bureau"
"11297","Évaluateur foncier"
"11298","retired teacher  now travel agent"
"11299","Cashier"
"11300","Student"
"11301",""
"11302","education"
"11303","Student"
"11304","Teacher and textbook author"
"11305","technicien evaluation immobiliere"
"11306","Fonctionnaire"
"11307",""
"11308",""
"11309","-99"
"11310","chauffeur autobus"
"11311","-99"
"11312","RAIL TRAFFIC CONTROLLER"
"11313",""
"11314","Criminal Investigator"
"11315","Bénévole pour les personnes agées"
"11316",""
"11317",""
"11318","Adjointe adm."
"11319","IT Support"
"11320","College professor"
"11321","Transportation"
"11322","Warehouse worker"
"11323","Technicienne en administration"
"11324",""
"11325","-99"
"11326","gerant de vente"
"11327",""
"11328","R&D scientist"
"11329","Ironworker"
"11330","Government administration"
"11331","-99"
"11332","Commis"
"11333",""
"11334","Insurance account manager"
"11335",""
"11336","Community facilitator for people with disabilities"
"11337","-99"
"11338","software developer"
"11339",""
"11340",""
"11341","teacher"
"11342","-99"
"11343","Planificateur"
"11344","technicien"
"11345","Sales"
"11346",""
"11347","service assosciate"
"11348",""
"11349","Physical therapist"
"11350","Directeur des ventes"
"11351",""
"11352","church minister"
"11353","Homemaker"
"11354","Enseignante"
"11355","Teacher/tutor"
"11356","Retired"
"11357",""
"11358","BANK EMPLOYER"
"11359","Professional"
"11360","-99"
"11361",""
"11362","professional"
"11363","Machinist"
"11364","Tv producer"
"11365","Therapist"
"11366","Restaurant manager"
"11367",""
"11368",""
"11369",""
"11370","Retired"
"11371","full time"
"11372","Finances"
"11373",""
"11374","Bookkeeper"
"11375","Supervisor"
"11376",""
"11377","Human Resources Management"
"11378","Fonctionnaire tech en administration"
"11379","Public Servant"
"11380","Student"
"11381","Secretary"
"11382","engineer"
"11383","customer service"
"11384","Disabled"
"11385",""
"11386","T.Forestier"
"11387","Livreur"
"11388","-99"
"11389","Administration"
"11390",""
"11391","Executive"
"11392",""
"11393","Disabled"
"11394",""
"11395","Chômage"
"11396","Infirmière clinicienne"
"11397","RAILROAD CARMAN"
"11398","-99"
"11399","Student"
"11400",""
"11401","Commis reception"
"11402",""
"11403",""
"11404","RVT"
"11405","Infirmière auxilière"
"11406",""
"11407","-99"
"11408","Management Consultant"
"11409",""
"11410","Teacher"
"11411",""
"11412",""
"11413","Temps plein, bureau"
"11414","dealer"
"11415","Etudiante"
"11416","Recreation Manager"
"11417","Travailleur autonome"
"11418",""
"11419","Research coordinator"
"11420",""
"11421","manager"
"11422","Corrections officer"
"11423",""
"11424",""
"11425",""
"11426",""
"11427","Fonctionnaire"
"11428",""
"11429","technicien"
"11430",""
"11431","Marketing"
"11432",""
"11433","Office admin"
"11434","court documentations clerk"
"11435","-99"
"11436","-99"
"11437","Banking."
"11438","general laborer"
"11439","Medical technologist"
"11440","-99"
"11441",""
"11442",""
"11443","Professionnel"
"11444","business analyst"
"11445","Manager, Account Management"
"11446",""
"11447","Opticien"
"11448",""
"11449","Registered Nurse"
"11450","Office manager"
"11451","SEC DIRECTION"
"11452","engineer"
"11453","Tax audit supervisor"
"11454","Consultant"
"11455",""
"11456","engineer"
"11457","-99"
"11458","social services"
"11459","analyste en informatique"
"11460",""
"11461",""
"11462",""
"11463","Sans emploie"
"11464","Nurse"
"11465","administration"
"11466","Communication technition"
"11467","customer service"
"11468","Unemployed"
"11469","Computer Repair"
"11470","employer à temps plein"
"11471","Policier"
"11472","Financial Advisor"
"11473","Paramedic"
"11474","pompier"
"11475","Supervising consultant"
"11476","Enseignante au secondaire"
"11477","House wife"
"11478",""
"11479",""
"11480","sales"
"11481","HR"
"11482",""
"11483","-99"
"11484","retired"
"11485",""
"11486","government worker"
"11487",""
"11488","-99"
"11489","Retired"
"11490","-99"
"11491",""
"11492","-99"
"11493","Retired accountant"
"11494","-99"
"11495","Shipper/Receiver"
"11496","-99"
"11497",""
"11498","Driver"
"11499",""
"11500","retired"
"11501",""
"11502",""
"11503","House Cleaner"
"11504",""
"11505","PSW"
"11506","Retail"
"11507",""
"11508",""
"11509","Operation manager"
"11510","service industry"
"11511","Métallurgie"
"11512","Intervenante sociale"
"11513","Educator"
"11514","Director"
"11515","Accountant"
"11516","professeur universitaire"
"11517","-99"
"11518","Teacher"
"11519","Salesman"
"11520",""
"11521","Social worker"
"11522","-99"
"11523","-99"
"11524","-99"
"11525","Enseignant"
"11526","Retired"
"11527","-99"
"11528","Administrator"
"11529","Educator"
"11530","Teacher"
"11531","Customer service agent"
"11532","Infirmier-auxiliaire"
"11533","Director"
"11534",""
"11535","Directeur Centre Hospitalier"
"11536","Project Management"
"11537","accounting"
"11538","executive assistant"
"11539",""
"11540","Bank teller"
"11541",""
"11542",""
"11543","None"
"11544","caregiver"
"11545",""
"11546","Student"
"11547","Police officer"
"11548","Self employed"
"11549",""
"11550","Ouvrier de maintenance"
"11551","Étudiante"
"11552",""
"11553","enseignant"
"11554","Manager"
"11555",""
"11556","Avionique"
"11557","Étudiant"
"11558","Student"
"11559","HR"
"11560",""
"11561","CPA"
"11562","retraité"
"11563","Management"
"11564","Retraite"
"11565","-99"
"11566","-99"
"11567",""
"11568","provincial civil servant"
"11569","enforcement"
"11570",""
"11571","self-employed"
"11572","salarié à temps complet"
"11573","-99"
"11574",""
"11575","employé temps plein"
"11576","Surveillant"
"11577",""
"11578","Medical administrator"
"11579","Engineer"
"11580","-99"
"11581","Retail management"
"11582",""
"11583","Conseiller principal en gestion"
"11584","-99"
"11585","manager, insurance co."
"11586","-99"
"11587","Environmental Officer"
"11588",""
"11589","General labour"
"11590","Engineer"
"11591","Cu"
"11592","Étudiant"
"11593",""
"11594",""
"11595",""
"11596","mechanic"
"11597","Engineer"
"11598","-99"
"11599","Retired teacher"
"11600","-99"
"11601","hospital worker"
"11602",""
"11603",""
"11604","retraité"
"11605",""
"11606",""
"11607","administrator"
"11608",""
"11609","Office Manager"
"11610","-99"
"11611",""
"11612",""
"11613","Employé de bureau"
"11614",""
"11615","Teacher"
"11616","Medical Laboratory Technologist"
"11617","Retail Sales"
"11618","Farmer"
"11619",""
"11620","businessman"
"11621","Your guide"
"11622","Director"
"11623",""
"11624",""
"11625",""
"11626","Business Analyst"
"11627",""
"11628","Engineer"
"11629",""
"11630","-99"
"11631","Homemaker"
"11632","telecommunications"
"11633",""
"11634","-99"
"11635","Lawyer"
"11636","Sales"
"11637","Supervisor"
"11638",""
"11639","commis de bureau"
"11640","Psw"
"11641","Géomorphologue"
"11642",""
"11643","Government worker"
"11644",""
"11645","-99"
"11646","Étudiant"
"11647","Ingénieur"
"11648","Pilot"
"11649","Self employed"
"11650","V.P. Director Investment Firm"
"11651","Pharmacienne"
"11652","Analyst"
"11653","-99"
"11654",""
"11655","customer service rep"
"11656","sommelier"
"11657",""
"11658","-99"
"11659","Logistics Specialist"
"11660","-99"
"11661","fonctionnaire fédérale"
"11662","Writer"
"11663",""
"11664","SHIPPER /RECEIVER"
"11665","clerical"
"11666","Administrator"
"11667",""
"11668","Former = Actress"
"11669","Diversity Program Manager"
"11670",""
"11671","Employée"
"11672",""
"11673",""
"11674",""
"11675","education"
"11676","travail temp plein"
"11677","Contrôleur aérien"
"11678","clerical"
"11679","Driver"
"11680",""
"11681",""
"11682","Sales"
"11683","Engineer"
"11684","N/A - I am a student"
"11685","Government"
"11686",""
"11687",""
"11688","Massothérapeute"
"11689","-99"
"11690","comseillère en approvisionnement TI/STI"
"11691","Professional Engineer"
"11692","Éducatrice en garderie"
"11693","statistician"
"11694","Retraité"
"11695",""
"11696",""
"11697",""
"11698","Human Resources"
"11699","ANALYST SYSTEM"
"11700",""
"11701","Recreational therapist in long term care facility"
"11702",""
"11703",""
"11704","designer/goldsmith"
"11705","secretary"
"11706","retired"
"11707","Registered nurse"
"11708","Manager"
"11709","Retiree"
"11710","Language coordinator"
"11711","Law clerk"
"11712",""
"11713",""
"11714",""
"11715","entrepreneur"
"11716","business consultant"
"11717","Unemployed, on AISH"
"11718","Business owner"
"11719","-99"
"11720","chef des services financiers d'une société d'État"
"11721","-99"
"11722","computer programmer"
"11723","Health care"
"11724",""
"11725",""
"11726","professor"
"11727","lawyer"
"11728","tuyauteur"
"11729",""
"11730","Ingenieur"
"11731","labourer"
"11732",""
"11733","Ingénieur en force motrice"
"11734","Junior UX Designer"
"11735",""
"11736","retired"
"11737","Auctioneer"
"11738","-99"
"11739","-99"
"11740","Self employed"
"11741",""
"11742","retraité"
"11743","Pension Administrator"
"11744",""
"11745","Sales mgr"
"11746","clerk"
"11747","lawyer"
"11748",""
"11749","Power Engineer"
"11750",""
"11751",""
"11752",""
"11753","Au foyer"
"11754","-99"
"11755","Radiolody technologist"
"11756","-99"
"11757","postal clerk"
"11758","Small business owner"
"11759","Inventory manager"
"11760",""
"11761","concierge"
"11762","infirmière"
"11763",""
"11764","Teacher"
"11765",""
"11766",""
"11767",""
"11768","long-term disability since 1986"
"11769","Construction"
"11770",""
"11771","Teacher"
"11772","-99"
"11773","Professeur"
"11774",""
"11775","RN"
"11776","Optometrist"
"11777",""
"11778","Director of Liturgy"
"11779","Public servant"
"11780",""
"11781",""
"11782","-99"
"11783","Administrator"
"11784",""
"11785","-99"
"11786","proprietor"
"11787","Hygiéniste dentaire"
"11788",""
"11789","analyst"
"11790","manager"
"11791","Technicien"
"11792","Warehouseman"
"11793","Research Manager"
"11794",""
"11795","health consultant"
"11796","Advisor"
"11797","Customs Superintendent"
"11798","Manager"
"11799","full time"
"11800",""
"11801","Étudiant"
"11802","manuelle"
"11803","teacher"
"11804","Électricien"
"11805","Outreach worker"
"11806","retired nurse"
"11807","accounting manager"
"11808",""
"11809","Assistante pharmacie"
"11810",""
"11811","Administration"
"11812","government employee"
"11813","Federal Civil Servant"
"11814","-99"
"11815","Sr. Licensing Tech."
"11816",""
"11817","Manager"
"11818","enseignante"
"11819","Enseignante"
"11820","Union representative"
"11821",""
"11822",""
"11823",""
"11824","biologist"
"11825","-99"
"11826","-99"
"11827",""
"11828",""
"11829","Manoeuvre"
"11830","Travail de bureau"
"11831",""
"11832","Enseignant"
"11833","Credential assessor"
"11834","agent service correctionel"
"11835",""
"11836","Data specialist"
"11837","Artist"
"11838",""
"11839","Manager"
"11840","Office administrator"
"11841",""
"11842","-99"
"11843","caissière"
"11844","retail"
"11845","Education"
"11846",""
"11847",""
"11848","Unemployed"
"11849",""
"11850","Nurse"
"11851","Accountant"
"11852","Interior Designer / Architectural Technologist"
"11853","clerical"
"11854","-99"
"11855","Homemaker"
"11856","Project manager"
"11857",""
"11858","Administrative Assistant"
"11859","Patient care coordinator"
"11860","Self-employed"
"11861","-99"
"11862","Pharmacy Technician"
"11863","Charity CEO"
"11864","Retired Bus Driver"
"11865","Music teacher"
"11866","Office manager/bookkeeper"
"11867","Lawyer"
"11868",""
"11869","clerical"
"11870","Foster parent"
"11871","-99"
"11872","Bank, teller"
"11873","comptes payables-recevables"
"11874","Engineer"
"11875","Policy Analyst"
"11876","Sans emploi"
"11877","-99"
"11878","Secrétariat"
"11879",""
"11880","EXECUTIVE  CHEF"
"11881","project officer"
"11882",""
"11883",""
"11884","retired"
"11885","-99"
"11886","School Bus Driver"
"11887","Railway Specialist"
"11888","Student"
"11889",""
"11890","psychologist"
"11891","Agent d’emploi"
"11892","Bricklayer"
"11893",""
"11894",""
"11895","Teacher"
"11896","Police"
"11897","Technicienne en pharmacie"
"11898","student"
"11899","Clergy"
"11900","Finance"
"11901","mechanic"
"11902","Electrical Engineer"
"11903",""
"11904",""
"11905","Transportation"
"11906","Emergency Management Planner"
"11907",""
"11908",""
"11909","directrice d'école"
"11910",""
"11911","Communications coordinator"
"11912",""
"11913",""
"11914",""
"11915","truck driver"
"11916","analyste en informatique"
"11917","Teacher"
"11918",""
"11919","Educatrice service de garde"
"11920",""
"11921","Engineer"
"11922","academic advisor"
"11923","étudiante"
"11924","Supervisor"
"11925","-99"
"11926","Analyst"
"11927","Finance"
"11928","Business Officer"
"11929","étudiant"
"11930","Part time"
"11931","Coach"
"11932","Travaille temps plein"
"11933","-99"
"11934","Clerical"
"11935","Psychiatric nurse"
"11936","intervenante sociale"
"11937","Police Officer"
"11938",""
"11939","Tuyauter"
"11940",""
"11941","-99"
"11942","Étudiante"
"11943","-99"
"11944","Factory worker"
"11945","Letter carrier"
"11946","oil & gas"
"11947","Responsable TI"
"11948","Office afministration"
"11949","-99"
"11950","Management Consultant"
"11951","registered nurse"
"11952","Utility Manager"
"11953","asdf"
"11954","Financial Planning"
"11955","-99"
"11956","Retail Management"
"11957",""
"11958","Stores clerk"
"11959",""
"11960","-99"
"11961","security"
"11962","-99"
"11963","teacher"
"11964",""
"11965","-99"
"11966","Office Manager"
"11967",""
"11968","Teacher"
"11969","Emploi temps plein"
"11970",""
"11971","Business Analyst"
"11972","electrician"
"11973","secretarial work"
"11974","Optician"
"11975","Arborist Assistant"
"11976","Business Analyst"
"11977","VFX Production Assistant"
"11978","Student"
"11979",""
"11980","secrétaire"
"11981","Law"
"11982","Legal admin"
"11983","Communicaton Specialist"
"11984","Consultant"
"11985","bucheron"
"11986","Analyst"
"11987","deskjob"
"11988","Retired project manager."
"11989","-99"
"11990",""
"11991",""
"11992","Driver"
"11993","-99"
"11994","-99"
"11995","Retraite"
"11996",""
"11997","Registered Nurse"
"11998","temps plein"
"11999",""
"12000",""
"12001",""
"12002",""
"12003","sales rep"
"12004","Software Developer"
"12005","employée de laboratoire"
"12006","General manager"
"12007",""
"12008",""
"12009","Nanny"
"12010","Disability manager"
"12011","-99"
"12012",""
"12013","Conseillere"
"12014","Customer service representative"
"12015",""
"12016","Scientist"
"12017",""
"12018","Insurance Broker"
"12019","Social Worker"
"12020","Student"
"12021",""
"12022","self-employed"
"12023",""
"12024","-99"
"12025",""
"12026",""
"12027",""
"12028","Assistant technique en pharmacie"
"12029","Clerical"
"12030","manager"
"12031",""
"12032",""
"12033",""
"12034",""
"12035",""
"12036","Non-profit executive director"
"12037","Accountant, CPA"
"12038","Négociateur"
"12039",""
"12040","IT Director"
"12041",""
"12042",""
"12043",""
"12044","retail"
"12045",""
"12046",""
"12047","MANAGER"
"12048","RMT"
"12049","dental"
"12050","enseignant"
"12051","Technical Support"
"12052","Childcare"
"12053",""
"12054",""
"12055","Surveillant d’élèves à l’école primaire."
"12056","Teacher"
"12057","Retail"
"12058","University student and work part time"
"12059",""
"12060",""
"12061","Home Care/ Student"
"12062","-99"
"12063","-99"
"12064",""
"12065",""
"12066","-99"
"12067","Mental health Therapist"
"12068",""
"12069",""
"12070","Covid"
"12071",""
"12072",""
"12073","Fonctionnaire"
"12074","law clerk"
"12075","cashier"
"12076","-99"
"12077","Dispatcher"
"12078","-99"
"12079","Attachée d’administration au gouv. Du Québec"
"12080","Infirmière (Bac universitaire nursing"
"12081","Travail à temps plein"
"12082","IT technician"
"12083","Educator, paramedic"
"12084",""
"12085",""
"12086","Office Facilities Co-Ordinator"
"12087","Cook"
"12088","Inhalothérapeute"
"12089",""
"12090",""
"12091","-99"
"12092","Interior Designer"
"12093","directrice des finances"
"12094","Researcher"
"12095","CEO"
"12096","Park Ranger"
"12097",""
"12098","-99"
"12099",""
"12100","Social worker manager"
"12101",""
"12102","Secrétaire"
"12103","Concierge"
"12104","Administrator"
"12105","dispatcher"
"12106","High school teacher"
"12107","infirmiere"
"12108",""
"12109","FULL TIME"
"12110","Realtor"
"12111","Ressources humaines au privé"
"12112",""
"12113",""
"12114","government employee"
"12115","étudiante"
"12116","Student"
"12117","Education"
"12118","Data manager"
"12119",""
"12120","Electrician"
"12121",""
"12122","Commissionaire"
"12123","Student"
"12124","étudiant"
"12125","Medical Secretary/Admin Assistant"
"12126","Administrations"
"12127","Consultant"
"12128",""
"12129","unemployed"
"12130","medical receptionist"
"12131","Secrétaire"
"12132",""
"12133",""
"12134","Administration"
"12135",""
"12136",""
"12137","Social  worker"
"12138","Teacher"
"12139","law enforcement"
"12140",""
"12141","-99"
"12142","Cadre intermédiaire"
"12143","Technicien en aéronautique"
"12144",""
"12145","Financial Planner"
"12146","Gestionnaire"
"12147","Clerical"
"12148",""
"12149","-99"
"12150","-99"
"12151","-99"
"12152","sales"
"12153","Banker"
"12154",""
"12155",""
"12156","Educator professor"
"12157","education"
"12158",""
"12159",""
"12160","real estate sales"
"12161","Land Acquisition"
"12162",""
"12163","public servant"
"12164","Éducatrice en milieu scolaire"
"12165",""
"12166","grief practitioner, artist"
"12167","ops mgr for concrete co"
"12168","Access Tec"
"12169","Agente administrative"
"12170","Administrative Coordinator"
"12171",""
"12172","-99"
"12173",""
"12174","Program Manager"
"12175",""
"12176","Retail"
"12177",""
"12178",""
"12179","administrative assistant"
"12180","Retraité"
"12181",""
"12182","It"
"12183","food service"
"12184",""
"12185","Homemaker"
"12186","Govt"
"12187",""
"12188","permanently disabled"
"12189","Travailleuse sociale"
"12190","teacher"
"12191","Temps plein"
"12192","Accounts payable"
"12193",""
"12194",""
"12195","-99"
"12196",""
"12197",""
"12198","Administration"
"12199","Government"
"12200","directeur des ventes automobiles"
"12201","retail"
"12202","nuclear"
"12203","RN"
"12204","Camionneur"
"12205","property manager"
"12206","Farm Manager"
"12207",""
"12208",""
"12209","Military"
"12210","-99"
"12211","Technologiste laboratoire médical"
"12212","-99"
"12213","Analyste marketing"
"12214","Fonctionnaire"
"12215","Self employed"
"12216","IT"
"12217","Management"
"12218",""
"12219","Tradesman"
"12220","educator"
"12221","Manager"
"12222","Education"
"12223",""
"12224","Security"
"12225","retired"
"12226","Administrative assistant"
"12227",""
"12228","Courtier assurances de dommages"
"12229","asst=gerant rest."
"12230","health care"
"12231",""
"12232",""
"12233",""
"12234",""
"12235","educator"
"12236","Faculty at a provincial collage"
"12237","-99"
"12238","-99"
"12239","Municipal Public Service"
"12240","Military"
"12241",""
"12242",""
"12243",""
"12244",""
"12245","Consultant"
"12246","Engineer"
"12247","Executive"
"12248","Accounting"
"12249","land development consultant"
"12250","Student"
"12251","-99"
"12252","Entrepreneur"
"12253",""
"12254",""
"12255","software designer"
"12256","sales associate"
"12257","répartiteur"
"12258","enseignement"
"12259","Transportation"
"12260","Cleaner"
"12261","Administrative secretary"
"12262","Investment banker"
"12263","social worker"
"12264","Case manager"
"12265","IT"
"12266","IT"
"12267","s/w Engineer"
"12268",""
"12269",""
"12270",""
"12271",""
"12272",""
"12273",""
"12274",""
"12275","good"
"12276","Air traffic controller"
"12277","Retraite"
"12278","Unemployment"
"12279",""
"12280",""
"12281","Nurse"
"12282","Accounting clerk"
"12283","teacher"
"12284","Accountant"
"12285",""
"12286","Accounting clerical"
"12287","Farmer"
"12288","Professor"
"12289","Cadre supérieur"
"12290",""
"12291","Salarié temps plein"
"12292","-99"
"12293","manager"
"12294","Office worker"
"12295","employé civil"
"12296","Agent de bureau"
"12297","-99"
"12298",""
"12299",""
"12300","Accountant"
"12301","infirmier auxiliaire"
"12302",""
"12303",""
"12304","teacher"
"12305","Air Traffic Controller."
"12306","Retired"
"12307","COO"
"12308","Bookkeeper"
"12309","Student"
"12310","Military"
"12311","opérateur de chariot élévateur."
"12312",""
"12313","homemaker"
"12314",""
"12315","homemaker"
"12316",""
"12317","-99"
"12318",""
"12319","Executive management"
"12320","Manager"
"12321","-99"
"12322","Manager"
"12323","-99"
"12324","social worker"
"12325",""
"12326",""
"12327","- ingénieur"
"12328","Retired"
"12329",""
"12330","Kinesiologist"
"12331",""
"12332","Software support engineer"
"12333",""
"12334",""
"12335","-99"
"12336",""
"12337","retired"
"12338","Credit manager"
"12339",""
"12340","Banker"
"12341","sales of custom manufactured products"
"12342",""
"12343",""
"12344","Nothing"
"12345",""
"12346","Agent de bureau"
"12347","administrator"
"12348","Adjudicator"
"12349","Healthcare worker"
"12350","Retraité"
"12351",""
"12352","Directrice"
"12353","Driver"
"12354",""
"12355","NURSE"
"12356","Communications"
"12357","Federal Manager at CRA"
"12358",""
"12359","Homemaker"
"12360","computer technician"
"12361",""
"12362",""
"12363","Travailleur social"
"12364",""
"12365","Media research."
"12366","Line worker"
"12367",""
"12368","QA Analyst (software testing)"
"12369",""
"12370","Talent acquisition"
"12371","Travailleur"
"12372","repartiteur"
"12373","-99"
"12374","Architecte"
"12375",""
"12376",""
"12377",""
"12378",""
"12379","Semi retired. Seasonal worker. Highway snow plowing"
"12380","Clerical"
"12381",""
"12382",""
"12383","Social service"
"12384","Sales specialist"
"12385","Analyst"
"12386",""
"12387",""
"12388","Computer support"
"12389","Adjointe administrative"
"12390","Daycare educator"
"12391",""
"12392",""
"12393",""
"12394","library assistant"
"12395","-99"
"12396","Agent administratif"
"12397",""
"12398","Juriste"
"12399",""
"12400","Service à la clientèle"
"12401","-99"
"12402","-99"
"12403","Captain Canadian Army"
"12404",""
"12405","Prepose aux beneficiaires"
"12406","Cashier"
"12407","Provincial Corrections Officer (ret)"
"12408",""
"12409","Administrative"
"12410","Adjointe administrative"
"12411","-99"
"12412",""
"12413","Conductrice autobus scolaire"
"12414","cra"
"12415","Educator"
"12416",""
"12417","Retraité"
"12418",""
"12419",""
"12420","Asss"
"12421","carpenter"
"12422","commis comptable"
"12423","fonctionnaire"
"12424","Teacher"
"12425","-99"
"12426","journalier d'usine"
"12427","Safety Aviation Manager"
"12428",""
"12429",""
"12430","Corporate officer"
"12431","none"
"12432","Nurse"
"12433","School Caretaker"
"12434","Retail"
"12435","Sales"
"12436","food services"
"12437","IT"
"12438",""
"12439","Pizza Delivery"
"12440",""
"12441","Conseiller"
"12442","university professor"
"12443",""
"12444",""
"12445","chef"
"12446",""
"12447",""
"12448",""
"12449","Unemployed"
"12450","Consultant"
"12451","-99"
"12452","Agente administrative"
"12453","Investment advisor"
"12454","enseignant"
"12455","Clerk"
"12456",""
"12457","Assistant"
"12458",""
"12459","Accountant"
"12460","Administration"
"12461","Teacher"
"12462",""
"12463",""
"12464","Health"
"12465","postal worker"
"12466","Travail"
"12467","business owner"
"12468",""
"12469","Infirmière"
"12470","municipal worker"
"12471",""
"12472","-99"
"12473",""
"12474","-99"
"12475","travailleuse autonome"
"12476","Finance supervisor"
"12477",""
"12478","Insructor"
"12479","bookkeeper"
"12480","assistante-comptable"
"12481","Correctional Officer"
"12482","boilermaker"
"12483",""
"12484","-99"
"12485",""
"12486","restauration, cuisinier"
"12487","Health Records Clerk"
"12488","-99"
"12489","-99"
"12490",""
"12491","part time retail associate"
"12492","Analyste"
"12493",""
"12494",""
"12495","policier"
"12496","auto mechanic"
"12497","Clerical"
"12498",""
"12499","virologist"
"12500","Homecare worker"
"12501","Cashier"
"12502","Conseillère Finances Personnelles"
"12503","Professional in education"
"12504","Senior HR Officer"
"12505","-99"
"12506","early childhood educator"
"12507","clerical"
"12508","technicienne en comptabilité"
"12509","Cadre"
"12510","Early Years Facilitator"
"12511",""
"12512","Computer software related"
"12513","informaticien"
"12514",""
"12515",""
"12516","Responsable des ressources humaines"
"12517","Gestionnaire dans un Cégep"
"12518","Farmer"
"12519",""
"12520","Supply Chain Management"
"12521","Machinist"
"12522","Psychologist"
"12523",""
"12524",""
"12525","travailleur autonome"
"12526","-99"
"12527","Technical Support Representative"
"12528","unemployed"
"12529",""
"12530","Senior appeals officer"
"12531","Strategic Crime Analyst"
"12532","-99"
"12533","Enseignante"
"12534","-99"
"12535","-99"
"12536","kitchen worker"
"12537",""
"12538",""
"12539","-99"
"12540","VP Human Resources"
"12541","Homemaker"
"12542","Hygiène et salubrité"
"12543","Ingénieur"
"12544",""
"12545","student"
"12546",""
"12547",""
"12548","Technical consultant"
"12549","Financial analyst"
"12550","Health"
"12551","-99"
"12552","-99"
"12553","Emplayé temps plein"
"12554","Human Resources"
"12555","Camionneur"
"12556","Librarian"
"12557",""
"12558","SVP STRATEGY AND DEVELOPMENT"
"12559",""
"12560","-99"
"12561","Personne au foyer"
"12562","Éducatrice en milieu familial"
"12563",""
"12564","Owner"
"12565","Comptable"
"12566",""
"12567",""
"12568","Représentant des ventes"
"12569","mechanic"
"12570",""
"12571","Consultant"
"12572","-99"
"12573","-99"
"12574","-99"
"12575","supervisor of transportation"
"12576","dental receptionist"
"12577","-99"
"12578","develop director"
"12579","Reg. N."
"12580","Librarian"
"12581","College Professor"
"12582","-99"
"12583","Janitorial Business"
"12584","Self employed"
"12585",""
"12586",""
"12587","-99"
"12588","Systems Analyst"
"12589","labourer"
"12590",""
"12591","Student"
"12592","College Instructor"
"12593","Administration"
"12594","IT Consultant"
"12595","Concepreur mécanique"
"12596","business consultant"
"12597","Economist"
"12598","-99"
"12599",""
"12600","-99"
"12601",""
"12602","-99"
"12603","Longshoreman"
"12604","shipping clerk"
"12605","-99"
"12606","Service de garde (ecole)"
"12607",""
"12608","Opérateur industriel"
"12609","Personal shopper"
"12610",""
"12611",""
"12612","Welder"
"12613","-99"
"12614","Office Manager"
"12615","self employed"
"12616",""
"12617","Paralegal"
"12618","Technicien Informatique"
"12619",""
"12620","-99"
"12621","President"
"12622",""
"12623","-99"
"12624",""
"12625",""
"12626","VP of Marketing"
"12627","Long term care aide"
"12628","Director"
"12629","Associate"
"12630",""
"12631","-99"
"12632","-99"
"12633","Adjointe administrative"
"12634","Resident care worker"
"12635","Secrétaire"
"12636","administration"
"12637","Machine Op."
"12638","Librarian"
"12639",""
"12640","Administrative Assistant"
"12641","Manager"
"12642","-99"
"12643",""
"12644",""
"12645","butcher"
"12646","traducteur-interprète"
"12647",""
"12648","Engineer"
"12649",""
"12650","Teacher"
"12651","Enseignante"
"12652","Clergy"
"12653","RETIRED EDUCATOR NOW A SMALL BUSINESS OWNER"
"12654","Commis"
"12655","contractor"
"12656",""
"12657",""
"12658",""
"12659","Météorologue"
"12660","Dishwasher"
"12661","-99"
"12662",""
"12663",""
"12664","qa manager"
"12665",""
"12666",""
"12667","Analyste-programmeur"
"12668","Student"
"12669",""
"12670","TRUCK DRIVER / CRANE OPERATOR"
"12671","Sprinkler Fitter"
"12672","-99"
"12673","Homemaker"
"12674",""
"12675",""
"12676","Manager"
"12677","Student"
"12678",""
"12679",""
"12680",""
"12681","professeur cegep"
"12682","Small business owner"
"12683","Retail"
"12684","Chauffeur de bus"
"12685","Retired"
"12686","Correcteur d'examens de français"
"12687","-99"
"12688",""
"12689","Academic"
"12690","office adminstrator"
"12691",""
"12692",""
"12693",""
"12694",""
"12695","Child care"
"12696",""
"12697","It consultant"
"12698","Supervisor"
"12699","-99"
"12700","administrative"
"12701","-99"
"12702","Éducatrice spécialisée"
"12703",""
"12704","Education"
"12705","Credit union employee"
"12706","Telecommunications"
"12707","accountant"
"12708",""
"12709",""
"12710","SUPERVISOR"
"12711",""
"12712","Unemployed"
"12713","shipping clerk"
"12714","Comptable"
"12715","Consultant"
"12716",""
"12717","Pet handler"
"12718","pharmacist"
"12719","travel agent"
"12720","technicienne"
"12721","Dental"
"12722","-99"
"12723","Mechanic"
"12724","illustrator"
"12725","customer support"
"12726","Salesman"
"12727","Paralegal"
"12728","Engineer"
"12729",""
"12730","Medical lab technician"
"12731",""
"12732",""
"12733",""
"12734",""
"12735",""
"12736","Student"
"12737","Insurance"
"12738",""
"12739","Financial administration"
"12740",""
"12741","Self employed"
"12742",""
"12743","Retired"
"12744","directeure"
"12745","Senior Consultant"
"12746","admin"
"12747",""
"12748",""
"12749",""
"12750","propertymanager"
"12751",""
"12752","Directeur général"
"12753","Student"
"12754","Bénévole"
"12755","-99"
"12756","Business Owner"
"12757","-99"
"12758","Nurse"
"12759",""
"12760",""
"12761","Teacher"
"12762","homemaker"
"12763","writer/novelist"
"12764","real estate secretary"
"12765","Group Home Counsellor"
"12766",""
"12767","-99"
"12768","business analyst"
"12769","Canada border services agency"
"12770","Travail temps plein"
"12771",""
"12772","Student"
"12773","Dans la santé"
"12774",""
"12775","HR Manager"
"12776","Acheteur"
"12777","Spychothérapeute"
"12778","Travailleur"
"12779","Policier retraité"
"12780","Paralegal"
"12781",""
"12782","marketing and sales"
"12783","BAKER"
"12784",""
"12785",""
"12786",""
"12787","-99"
"12788","secrétaire d'école"
"12789","IT Services"
"12790",""
"12791","Quebec"
"12792","Landscaper and snow removal"
"12793","-99"
"12794",""
"12795",""
"12796","-99"
"12797","office clerk"
"12798",""
"12799",""
"12800",""
"12801","Vente"
"12802","Gestionnaire"
"12803",""
"12804","Teacher/counsellor"
"12805","Analyste"
"12806","Homemaker"
"12807",""
"12808","-99"
"12809",""
"12810","Document designer"
"12811",""
"12812","étudiante"
"12813","Teacher"
"12814","Retired"
"12815","weather observer"
"12816",""
"12817","Chargé de projet construction"
"12818","Lawyer"
"12819","Estimator"
"12820","homemaker"
"12821",""
"12822","livreur"
"12823","Bookkeeper"
"12824",""
"12825",""
"12826","Senior Administration"
"12827","Freelancer"
"12828","-99"
"12829",""
"12830","RETIRED"
"12831",""
"12832","-99"
"12833","secrétaire de direction"
"12834","-99"
"12835","director"
"12836","student"
"12837","Farmer"
"12838","medical office manager"
"12839","Medical Secretary / Group Medical Office Manager"
"12840","military"
"12841",""
"12842","etudiant"
"12843","Manoeuvre"
"12844","RETIRED"
"12845",""
"12846","-99"
"12847",""
"12848","-99"
"12849","Tecknicien"
"12850","Unemployed"
"12851",""
"12852","Self employed"
"12853","Work in sport"
"12854","chef"
"12855",""
"12856","-99"
"12857","Ford Motor line assembler"
"12858","-99"
"12859","Travailleur autonome"
"12860","-99"
"12861","Mecanicien"
"12862",""
"12863","Merchandiser"
"12864","education"
"12865","alcohol and drug counselor"
"12866","Labour Relations"
"12867","ceo export coy"
"12868","Homemaker"
"12869","Engineer"
"12870","homemaker"
"12871","Purchaser"
"12872","labor forman"
"12873","-99"
"12874",""
"12875",""
"12876","-99"
"12877",""
"12878","-99"
"12879","Reception/accts payable"
"12880","Longshoremen"
"12881","-99"
"12882",""
"12883","Employé de bureau"
"12884",""
"12885","-99"
"12886",""
"12887","Dispatcher"
"12888",""
"12889","skilled labour"
"12890","none"
"12891","Administrative assistant"
"12892","-99"
"12893",""
"12894","MECHANICAL SYSTEMS DESIGNER"
"12895","Fin de la pandémie"
"12896",""
"12897",""
"12898","CPA"
"12899","-99"
"12900",""
"12901","Data entry clerk for service agreements"
"12902","Accountant"
"12903","Customs Broker"
"12904","Sales"
"12905","auto worker"
"12906","Teller"
"12907","Engineer"
"12908","Manager"
"12909",""
"12910","À la recherche d’un emploi"
"12911",""
"12912",""
"12913","Legistic Coordinator"
"12914","Security"
"12915","Gouvernement Fédéral"
"12916","Retail"
"12917","Educator"
"12918","Enseignante au secondaire"
"12919","Gardener"
"12920",""
"12921","Finisher"
"12922",""
"12923","economist"
"12924","Camionneur"
"12925",""
"12926","professional"
"12927","-99"
"12928","teacher/chef"
"12929","Public service"
"12930","Project Coordinator"
"12931","-99"
"12932","Consultant for industry Enviromental assessments"
"12933","Accounting"
"12934","Financial"
"12935","Legal Assistant"
"12936","Engineer"
"12937","analyst"
"12938","-99"
"12939",""
"12940","Quality Assurance"
"12941",""
"12942","Soudeur"
"12943","Dental"
"12944",""
"12945","Aircraft mechanic"
"12946","Social Worker"
"12947","INGÉNIEUR"
"12948","Educational assistant"
"12949","Fundraising sales"
"12950","-99"
"12951",""
"12952",""
"12953","-99"
"12954",""
"12955",""
"12956","Travel Advisor"
"12957",""
"12958","Retail"
"12959",""
"12960","-99"
"12961","-99"
"12962",""
"12963","-99"
"12964","-99"
"12965","Teacher"
"12966","Manager"
"12967",""
"12968",""
"12969","Financial advisor"
"12970","opérateur teinturerie"
"12971","Éducatrice"
"12972",""
"12973","Gestionnaire de système"
"12974","government program executive"
"12975",""
"12976","business owner in agroforestry"
"12977","Public Servant"
"12978","Accounts receivable analyst"
"12979"," chauffeur"
"12980","Consultant"
"12981",""
"12982","Admin director"
"12983",""
"12984","Ece daycare"
"12985","Warehouse person parts"
"12986","professeur"
"12987","Business Owner"
"12988","Advisor"
"12989","Greenhouse owner"
"12990","Disabled"
"12991","Teacher, Counsellor, Airforce"
"12992","Sales"
"12993","Product Specialist"
"12994","-99"
"12995","Disabled"
"12996","Teacher"
"12997","Retail store owner"
"12998","Psychologist"
"12999","retraitée ex analyste contrôle de qualité banque"
"13000","Researcher"
"13001","Ingenieure"
"13002","Artist"
"13003","teacher"
"13004","clerical"
"13005","-99"
"13006",""
"13007",""
"13008","Test Manager"
"13009","Retraitée"
"13010","Étudiant"
"13011","Media Specialist"
"13012","software developer"
"13013","Civil servant"
"13014","electrical industry"
"13015","-99"
"13016",""
"13017","Educational Assistant"
"13018","Osteopathic practitioner"
"13019","assurance"
"13020","Accountant"
"13021","-99"
"13022","-99"
"13023","Student"
"13024",""
"13025","-99"
"13026","Looking for work"
"13027",""
"13028",""
"13029",""
"13030","Environmental scientist"
"13031",""
"13032",""
"13033","Avocat"
"13034","Police Officer"
"13035",""
"13036","Full time student part time cashier"
"13037","Disabled"
"13038","Professor/Musician"
"13039",""
"13040",""
"13041",""
"13042","Nurse"
"13043","enseignant"
"13044","guidance councilor"
"13045",""
"13046",""
"13047","Office Administrator"
"13048","Adj adm"
"13049","Étudiant"
"13050",""
"13051",""
"13052",""
"13053","Etudiante q temps plein"
"13054","-99"
"13055","-99"
"13056","thecnicien mecanique"
"13057","Travailleuse sociale"
"13058",""
"13059",""
"13060",""
"13061","Water well driller"
"13062","Human Resources"
"13063",""
"13064","Therapist"
"13065",""
"13066","baker"
"13067",""
"13068","gestionnaire"
"13069",""
"13070",""
"13071",""
"13072","PSW"
"13073","Owner operator of business"
"13074",""
"13075",""
"13076","Sans Emploi"
"13077","Technical sales"
"13078",""
"13079","Mgr Administration"
"13080","Infirmière clinicienne retraitée depuis le 3 mars 2021"
"13081","-99"
"13082",""
"13083","-99"
"13084","Student"
"13085","-99"
"13086","Technology analyst"
"13087","retired"
"13088",""
"13089","-99"
"13090",""
"13091","Homemaker"
"13092",""
"13093","Customer service"
"13094","-99"
"13095",""
"13096","-99"
"13097",""
"13098","Scientist"
"13099","Retraité"
"13100","VP"
"13101",""
"13102","Indigenous Relations Advisor"
"13103","-99"
"13104",""
"13105",""
"13106",""
"13107","Kitchen Hand"
"13108","Business professional"
"13109",""
"13110","admin"
"13111","Soutien Technique"
"13112",""
"13113",""
"13114","Education"
"13115","technicienne en radiologie"
"13116","électricien"
"13117","-99"
"13118","engineer"
"13119","Forest  program manager"
"13120",""
"13121","Auditor"
"13122","Support technique"
"13123","Spécialiste Centre d'assistance, télécommunications"
"13124","Publicist"
"13125",""
"13126","Consultant"
"13127",""
"13128","retraitée"
"13129","Teacher"
"13130",""
"13131",""
"13132","worker"
"13133","homemaker"
"13134","Directeur"
"13135","secrétaire"
"13136","student"
"13137",""
"13138","-99"
"13139","-99"
"13140","Technologue"
"13141","BC Government contract manager"
"13142","corporate vice president"
"13143",""
"13144","clerk"
"13145","physician"
"13146",""
"13147"," Compensation Specialist"
"13148",""
"13149","Sales"
"13150","Professeur"
"13151","-99"
"13152",""
"13153","Gérante"
"13154",""
"13155",""
"13156","retail supervisor"
"13157",""
"13158",""
"13159","Commis au viande"
"13160","Police officer"
"13161","Retired Insurance investigator"
"13162","Semi retired self employed"
"13163","warehouse person"
"13164","Administrative"
"13165","driver"
"13166","-99"
"13167",""
"13168","Technician"
"13169","Accountant"
"13170",""
"13171","Federal government employee"
"13172","Enseignant"
"13173","Travailleur temps plein"
"13174","Technical Support Assistant"
"13175",""
"13176","Financial Advisor"
"13177","International Logistics Manager"
"13178",""
"13179","data interviewer"
"13180",""
"13181","Auto Service Manager"
"13182",""
"13183",""
"13184","archiviste"
"13185",""
"13186","Accountant"
"13187",""
"13188",""
"13189","Military Firefighter"
"13190","Security"
"13191","Enseignante"
"13192",""
"13193","policier"
"13194","enseignant au secondaire"
"13195",""
"13196","construccion"
"13197","Insurance Advisor"
"13198",""
"13199",""
"13200",""
"13201","Sans emploi"
"13202",""
"13203",""
"13204","Adjointe de direction"
"13205",""
"13206","pharmacist"
"13207","Agent de la faune"
"13208","unemployed"
"13209","Bookkeeper/Admin."
"13210","computer thech"
"13211","Administrative assistant"
"13212","sales development"
"13213","psw"
"13214","Unemployed"
"13215","-99"
"13216","Mécanicien"
"13217","Student and Part Time"
"13218",""
"13219","-99"
"13220","RETRAITE"
"13221","student"
"13222","psychologist"
"13223","medical physicist"
"13224","Webmaster"
"13225","Enseignante de Taiji Qigong, Entrepreneur"
"13226","Fork lift operator"
"13227","0perator"
"13228","Homemaker"
"13229","Secrétaire de gestion"
"13230",""
"13231",""
"13232","-99"
"13233","-99"
"13234","-99"
"13235",""
"13236",""
"13237","Warehousing"
"13238","Retail Sales"
"13239","Home maker"
"13240",""
"13241","Anglican Priest"
"13242","Retired"
"13243","retired"
"13244"," Clerk"
"13245","Education"
"13246",""
"13247","Unemployed"
"13248","tracher"
"13249",""
"13250","Employé de bureau"
"13251",""
"13252","Sales"
"13253",""
"13254",""
"13255",""
"13256",""
"13257","Manager"
"13258","Enseignant"
"13259",""
"13260",""
"13261",""
"13262","Approvisionnements"
"13263","Lawyer"
"13264","ward clerk"
"13265","Firefighter"
"13266","Technical"
"13267","avocat"
"13268","Social worker"
"13269",""
"13270","analyste fonctionnel"
"13271","Commis dans un magasin"
"13272","Représentant commercial à la retraite"
"13273","Professeur"
"13274","Social services"
"13275","-99"
"13276","Promoteur de la santé"
"13277","Product Manager"
"13278",""
"13279",""
"13280","Educator"
"13281",""
"13282","trades"
"13283","enseignante"
"13284","Travel consultant"
"13285","Graphic designer"
"13286","paralegal"
"13287",""
"13288",""
"13289","library"
"13290","Cardiology Technologist"
"13291","teacher"
"13292",""
"13293","-99"
"13294","Sécurité Informatique en recherche pharmaceutique fondamentale"
"13295","technicien télécom"
"13296","Secretary"
"13297","Lawyer"
"13298","-99"
"13299","Labourer"
"13300",""
"13301","Gestionnaire"
"13302",""
"13303",""
"13304","Retired"
"13305","Finance"
"13306","Branch Manager"
"13307",""
"13308","Pharmacist"
"13309",""
"13310","Clerk"
"13311","bucheron"
"13312",""
"13313","Wary childhood educator"
"13314","-99"
"13315","Fleet maintenance"
"13316","Retired"
"13317","Supply Chain Management"
"13318",""
"13319",""
"13320",""
"13321","machinist"
"13322","Mother"
"13323","Cashier"
"13324",""
"13325","VP Ventes et Marketing"
"13326",""
"13327","RMT"
"13328","manager"
"13329","retirted"
"13330",""
"13331","childcare assistant"
"13332",""
"13333","Airline pilot"
"13334","veterinarian"
"13335",""
"13336","Occupational Hygiene"
"13337","Office worker"
"13338",""
"13339","Enseignante"
"13340",""
"13341","Médecin"
"13342","Technical Sales"
"13343","Consultant"
"13344","full time"
"13345","renovatorn housing"
"13346","Financial Planner"
"13347","Teacher"
"13348","Tecnicinne"
"13349","psychologue"
"13350","Student"
"13351",""
"13352","Teacher"
"13353","Travailler"
"13354",""
"13355","Programmeur Analyste"
"13356","Parole Officer"
"13357","analyst"
"13358","Student"
"13359","military"
"13360",""
"13361",""
"13362","-99"
"13363",""
"13364","Service a la clientele"
"13365","Legal Secretary"
"13366","Vice president of Loblaws"
"13367","federal public servant"
"13368","server"
"13369","professional"
"13370","Enseignante"
"13371","office admin"
"13372","Home Maker"
"13373",""
"13374","CUSTOMER SERVICE"
"13375","mediator"
"13376","Adjointe administrative"
"13377",""
"13378","Police"
"13379","Self employed"
"13380",""
"13381","fonctionnaire"
"13382","Préposée au marchandisage"
"13383","Health Director"
"13384","Dir. ventes et marketing"
"13385","Préposée aux beneficiaires"
"13386",""
"13387","Service comptable"
"13388",""
"13389","Barrister"
"13390","Bank Branch Manager"
"13391","IT"
"13392","Adjointe administrative"
"13393",""
"13394",""
"13395","Teacher/Interpreter"
"13396",""
"13397","Therapist"
"13398","Social justice educator"
"13399",""
"13400","rink attendant"
"13401","-99"
"13402","Officer, Royal Canadian Navy"
"13403","Office worker"
"13404","Healthcare"
"13405","Customer service"
"13406","service writer"
"13407",""
"13408","support engineer"
"13409",""
"13410","Small business owner"
"13411",""
"13412","Social worker"
"13413","Technicienne santé vétérinaire"
"13414","-99"
"13415","Conseiiler pour entreprise"
"13416","Administration"
"13417","journaliere"
"13418","police officer (retired)"
"13419",""
"13420","admin"
"13421",""
"13422","-99"
"13423","Dietetiste"
"13424",""
"13425","Étudiants"
"13426",""
"13427","Student"
"13428",""
"13429","Animateur social"
"13430","Human Resources"
"13431","Unemployed (on disability)"
"13432","financial planner"
"13433","Owner dealer"
"13434","Educator"
"13435","trader"
"13436","Store assistant"
"13437","Insurance examiner"
"13438","Purchasing G.M Canada"
"13439","-99"
"13440","IT"
"13441",""
"13442"," enseignant"
"13443","Aide bibliothécaire"
"13444",""
"13445","directeur service informatique"
"13446",""
"13447",""
"13448",""
"13449","Student"
"13450","fonctionnaire"
"13451","-99"
"13452","imprimeur"
"13453","sales"
"13454","worker"
"13455",""
"13456","Fraud mitigation team leader"
"13457",""
"13458","Travailleur autonome"
"13459","professor"
"13460","Conseiller stratégique"
"13461","Homemaker"
"13462","Real Estate Agent"
"13463",""
"13464","Teacher"
"13465",""
"13466","customer service manager"
"13467","Healthcare"
"13468","Homemaker"
"13469","-99"
"13470","Comptable"
"13471","Technical writer"
"13472","Professeur"
"13473","homemaker"
"13474","Retired"
"13475","It manager"
"13476","interviewer doing surveys"
"13477","Coordonateur"
"13478","Student"
"13479","communications"
"13480","Federal Government"
"13481","etudiant"
"13482","cadre supérieur"
"13483","Directeur opérationnelle en communication"
"13484","Business owner"
"13485","administrateur"
"13486","Travailleur autonome"
"13487","Marketing Director"
"13488",""
"13489",""
"13490","Employé Tpartiel et étudiante Tplein"
"13491",""
"13492",""
"13493","Creative Writer"
"13494","civil servant"
"13495","Military"
"13496","Professionnelle en  éducation : conseiller pédagogique soutien intervention psychosocial"
"13497","Retired- former teacher"
"13498","RETIRED"
"13499",""
"13500","Instructor"
"13501",""
"13502","Engineer"
"13503","Travailleur temps plein"
"13504","Student"
"13505","-99"
"13506","Federal service"
"13507","electronics"
"13508","nurse"
"13509","Consultant"
"13510","vp banking"
"13511","Administrative"
"13512","HR Manager"
"13513",""
"13514","Fonctionnaire"
"13515",""
"13516",""
"13517","maintenance"
"13518",""
"13519","Unemployed"
"13520","gas fitter"
"13521","Scientifique"
"13522",""
"13523","-99"
"13524","sécurité"
"13525",""
"13526","-99"
"13527","Civil servant"
"13528","Constable Spécial"
"13529","Banquier"
"13530","Bookkeeper"
"13531","Manufacturing"
"13532","-99"
"13533","Military"
"13534"," Communications consultant"
"13535","retraité"
"13536","Professional Engineer"
"13537",""
"13538","Medical Lab Assistant"
"13539","Teacher"
"13540","Hospitality"
"13541","Technicien de bureau"
"13542",""
"13543",""
"13544",""
"13545","Pilot"
"13546","Enseignante"
"13547","Wholesale Sales Representative"
"13548","Software engineer"
"13549","-99"
"13550",""
"13551","retail"
"13552",""
"13553","-99"
"13554","Ofiice manager"
"13555","Secretary"
"13556",""
"13557","Nurse"
"13558","Educational assistant"
"13559",""
"13560","Conseillère retraite"
"13561","Administrators Assistant"
"13562","-99"
"13563",""
"13564","Analyste"
"13565","RN"
"13566","Purchasing Agent"
"13567",""
"13568","adjointe administrative"
"13569","consultant"
"13570","production manager"
"13571",""
"13572",""
"13573","stay at home parent"
"13574",""
"13575","Business owner"
"13576","-99"
"13577",""
"13578","warehouseman"
"13579","Travailleur autonome"
"13580","Orthophoniste"
"13581",""
"13582","Taxes collector"
"13583","telecom"
"13584",""
"13585","self employed"
"13586","Education Assistant"
"13587",""
"13588","disabled/ retired"
"13589",""
"13590","Public servant"
"13591",""
"13592",""
"13593","Recpetionist"
"13594","Social Media"
"13595",""
"13596","Labour"
"13597","Cashier"
"13598","Chauffeur de bus"
"13599",""
"13600","Retail"
"13601","Nursing"
"13602","Coordinator at health care facility"
"13603","Retired"
"13604","senior manager/executive"
"13605",""
"13606",""
"13607","jjj"
"13608",""
"13609","Commis pharmacie"
"13610",""
"13611","letter carrier"
"13612",""
"13613","Public Servant"
"13614","Homemaker"
"13615",""
"13616","federal employee"
"13617","Teacher"
"13618",""
"13619","bank representative"
"13620",""
"13621","nuclear utility worker"
"13622","Customer service rep"
"13623","Directrice d’un CentreD’appels"
"13624","editor"
"13625",""
"13626","-99"
"13627","-99"
"13628","shoe designer"
"13629","Customer Service"
"13630","Gestionnaire"
"13631",""
"13632","Banquier"
"13633",""
"13634","General laborer"
"13635","Nurse"
"13636","Admin assistant"
"13637",""
"13638","Enseignante"
"13639",""
"13640","-99"
"13641","machiniste"
"13642",""
"13643","Travail à temps plein"
"13644",""
"13645",""
"13646","Travel Agent"
"13647",""
"13648",""
"13649",""
"13650","-99"
"13651","Student"
"13652","Registered nurse"
"13653","-99"
"13654","Analyste"
"13655","Administrative assistant"
"13656","retired manager"
"13657","Flight attendant"
"13658",""
"13659","COMPTABLE"
"13660","Professional"
"13661","Canada post"
"13662","Unemployed"
"13663","Chauffeure"
"13664","Gestionnaire projets"
"13665",""
"13666","Homemaker/stay-at-home parent"
"13667",""
"13668","Chef"
"13669","Factory worker"
"13670","Travailleuse autonome"
"13671","Technicienne en milieu scolaire"
"13672","Retail"
"13673","Government"
"13674",""
"13675","journalist"
"13676",""
"13677","Banking"
"13678","Executive"
"13679",""
"13680","-99"
"13681","Elementary school teacher"
"13682","buyer"
"13683","Management Consultant"
"13684","Education"
"13685","Coordonnatrice"
"13686","Student"
"13687","-99"
"13688",""
"13689","-99"
"13690",""
"13691",""
"13692","Commis"
"13693",""
"13694","Retail"
"13695","mechanical engineer"
"13696","Registered Nurse"
"13697","Finance"
"13698","custodian"
"13699","Professeur (université)"
"13700",""
"13701","technicien"
"13702","programmer analyst"
"13703",""
"13704","Disabled"
"13705","-99"
"13706",""
"13707","teacher"
"13708","Gestionnaire"
"13709","Pdg d'une entreprise."
"13710","babysitter"
"13711","student"
"13712","Unemployed but looking for work"
"13713","-99"
"13714","-99"
"13715",""
"13716","insurance advisor"
"13717",""
"13718","Technicien des travaux publics"
"13719","Retired"
"13720","-99"
"13721","Temps plein"
"13722","Administration"
"13723","Admissions Officer at a college"
"13724","fonctionnaire provincial"
"13725",""
"13726","retired"
"13727","manager"
"13728","-99"
"13729","Retired"
"13730","Retraite"
"13731","Registered Nurse"
"13732","Professionnel en santé publique"
"13733","gov't of Canada"
"13734","NA"
"13735","Educator"
"13736",""
"13737","teacher"
"13738","Videographer"
"13739",""
"13740","Lock/Bridge Operator"
"13741","gas store worker"
"13742",""
"13743","Employé à temps plein"
"13744",""
"13745","Registered Nurse"
"13746","Student"
"13747","Registered nurse"
"13748","Graphic Designer"
"13749","-99"
"13750","Retired Police Officer"
"13751","-99"
"13752","comptable"
"13753","city manager"
"13754",""
"13755",""
"13756","artist"
"13757","Biologist"
"13758",""
"13759","Teacher"
"13760","trainer for adult handicapped"
"13761","Accounting"
"13762","Teacher"
"13763",""
"13764",""
"13765",""
"13766",""
"13767","Student"
"13768","Safety officer"
"13769",""
"13770",""
"13771","pizza fliiper"
"13772",""
"13773","Accounting"
"13774","secretaire dentaire"
"13775",""
"13776","site superintendent"
"13777","IT & Finance Director"
"13778","Barista"
"13779","designer"
"13780","-99"
"13781","accountant"
"13782","Translator"
"13783",""
"13784","Technicien de laboratoire"
"13785","-99"
"13786","Funeral services"
"13787","-99"
"13788","office assistant"
"13789",""
"13790","-99"
"13791",""
"13792","Executive"
"13793","bookeeper"
"13794","Technicien"
"13795",""
"13796","economist"
"13797","Employé fédéral"
"13798",""
"13799","Teacher"
"13800","RN"
"13801",""
"13802","National Payroll Coordinator"
"13803","clerical positions"
"13804",""
"13805","Manager"
"13806","Travail 40 hres semaine"
"13807","Electrician"
"13808","Insurance Broker"
"13809","Administrative"
"13810","IT Manager"
"13811",""
"13812","-99"
"13813","Grocery clerk"
"13814","Présidente et chef de la direction"
"13815","Officer manager"
"13816","-99"
"13817",""
"13818",""
"13819","-99"
"13820","Adjuster"
"13821","Product Performance Manager"
"13822","Real Estate Appraiser"
"13823",""
"13824",""
"13825","Educator"
"13826","Chemist"
"13827","Travailleur à temps plein"
"13828","Call centre agent"
"13829","Marketing manager"
"13830","student"
"13831","-99"
"13832","secretary, bookkeeper"
"13833","Coordonnateur"
"13834","Retired"
"13835","Teacher"
"13836","Delivery driver"
"13837",""
"13838",""
"13839",""
"13840",""
"13841","-99"
"13842",""
"13843","-99"
"13844",""
"13845","Military"
"13846","Information Tecknology"
"13847","Sales whore"
"13848","bookkeeper"
"13849","Property/Liability Insurance Underwriter"
"13850","Manager"
"13851","Legal"
"13852",""
"13853",""
"13854","-99"
"13855",""
"13856","Agent de bureau"
"13857","Financial services"
"13858","professional"
"13859","Accountant"
"13860","accountant"
"13861",""
"13862","early childhood educator"
"13863","product manager"
"13864",""
"13865","-99"
"13866","représentant"
"13867",""
"13868","Agricultural fieldman"
"13869","Student"
"13870","Optician"
"13871","Delivery driver and server"
"13872",""
"13873","Fonctionnaire"
"13874","Nurse"
"13875","Registered Nurse"
"13876","Teacher"
"13877","homemaker"
"13878","Agent Administratif CIUSSS de la Mauricie et Du Centre-Du-Québec"
"13879","Surveillance"
"13880","Executive Assistant"
"13881","Gestionnaire"
"13882","Architectural drafting"
"13883","Coordonateur"
"13884","Facteur"
"13885","homemaker"
"13886",""
"13887","Admin support"
"13888","Directrice"
"13889","Homemaker"
"13890","Psychologue"
"13891","Homemaker"
"13892","student"
"13893","technical specialist"
"13894","Administrator"
"13895","principal"
"13896","clergy"
"13897","-99"
"13898","Transport"
"13899","-99"
"13900","Accounts payable clerk"
"13901","-99"
"13902","Business Service Clerk"
"13903","clerk"
"13904",""
"13905","Retraitée"
"13906","Employé à temps plein"
"13907","Sales"
"13908","fonctionnaire"
"13909","Subcontractor construction"
"13910","Nurse"
"13911",""
"13912",""
"13913",""
"13914","-99"
"13915","President CEO"
"13916","Self employed child care provider"
"13917",""
"13918",""
"13919","Journalier"
"13920","Teacher"
"13921",""
"13922","Psw"
"13923",""
"13924",""
"13925","-99"
"13926",""
"13927","Health Care Worker"
"13928",""
"13929","Enseignante"
"13930","-99"
"13931","Courier"
"13932","Student"
"13933",""
"13934","Homemaker"
"13935",""
"13936","Contremaitre Hygiene du milieu"
"13937","Gestionnaire"
"13938",""
"13939",""
"13940","accountant"
"13941","Auditor"
"13942","administration"
"13943","Retail Sales Manager"
"13944","-99"
"13945","Représentant syndical"
"13946",""
"13947",""
"13948","general contractor"
"13949","-99"
"13950","psw"
"13951","Chef"
"13952",""
"13953",""
"13954",""
"13955",""
"13956","Judge"
"13957","Elementary Teacher"
"13958","National Sales Manager"
"13959","Medical eeaearch"
"13960","manager"
"13961","Auto worker"
"13962","Enseignante"
"13963","Dir. Supply Chain Mgmt"
"13964",""
"13965",""
"13966","Supervisor"
"13967",""
"13968","psychologue"
"13969","civil servant"
"13970",""
"13971","Programmeur"
"13972","Photographer/musician"
"13973","-99"
"13974","-99"
"13975","construction"
"13976",""
"13977","Finances"
"13978","Unemployed"
"13979",""
"13980","Secretary"
"13981","Server"
"13982","Garderie"
"13983","Adjointe administrative"
"13984","Gestionnaire"
"13985","manufacturing assembly line"
"13986","Data Analyst"
"13987",""
"13988",""
"13989","Retraité"
"13990",""
"13991","Financial analyst"
"13992","Computer support"
"13993","computer support"
"13994","-99"
"13995","Manager"
"13996",""
"13997","TRAVAILLEUR AUTONOME"
"13998","Food services long term care home"
"13999","Self employed"
"14000",""
"14001",""
"14002","Manager"
"14003",""
"14004","Civil servant"
"14005",""
"14006",""
"14007",""
"14008","disabled"
"14009","Nurse"
"14010",""
"14011","-99"
"14012",""
"14013",""
"14014","Vet tech"
"14015",""
"14016","Gestionnaire des opérations à une agence immobilière"
"14017","Administration"
"14018",""
"14019","travailleur autonome"
"14020",""
"14021","administrateur"
"14022",""
"14023","Health executive"
"14024",""
"14025","Clerk"
"14026","-99"
"14027","-99"
"14028","Travailleuse en tourisme"
"14029","Sales"
"14030","Homemaker"
"14031","-99"
"14032",""
"14033",""
"14034","Concierge"
"14035","Medical office administration"
"14036",""
"14037",""
"14038",""
"14039",""
"14040","lab tech"
"14041","Health care administration"
"14042","informaticien"
"14043","Teacher"
"14044",""
"14045","Case worker"
"14046","secretaire"
"14047","fonctionnaire"
"14048","professional"
"14049","Gestionnaire"
"14050",""
"14051","Retired teacher"
"14052","United Church Minister"
"14053","enseignante"
"14054","office clerk"
"14055","Y"
"14056","Infirmiere"
"14057","Account Manager"
"14058","Correctional Adolescent Worker"
"14059","Telecommunications"
"14060","executive"
"14061",""
"14062","-99"
"14063","Sales"
"14064",""
"14065","electricien"
"14066",""
"14067","cs"
"14068",""
"14069","-99"
"14070","Comptable"
"14071","retail clerk"
"14072","Student"
"14073","Adjointe administrative"
"14074","-99"
"14075",""
"14076","-99"
"14077","software development manager"
"14078","Work with children"
"14079",""
"14080",""
"14081",""
"14082",""
"14083",""
"14084",""
"14085","director"
"14086","sales associate"
"14087","freelancer"
"14088","Mechanic"
"14089",""
"14090",""
"14091","sales"
"14092",""
"14093","Housewife"
"14094","Hr assistant"
"14095","Teacher"
"14096","Graphic designer"
"14097",""
"14098","Planner"
"14099","-99"
"14100","IT"
"14101","home care worker"
"14102","Admin"
"14103","Retail"
"14104","ACCOUNTING CLERK"
"14105","Student"
"14106","Études"
"14107",""
"14108","Registration Clerk"
"14109","Informaticien"
"14110",""
"14111","Disabled"
"14112","urbaniste municipal"
"14113","nurse"
"14114","Personal Services"
"14115","science"
"14116","Conseillère approvisionnement stratégique"
"14117","fonctionnaire féférale"
"14118","R.N."
"14119","shef"
"14120","Customer service"
"14121",""
"14122","accountant"
"14123","Cariste"
"14124","-99"
"14125","-99"
"14126","Student"
"14127",""
"14128","Project manager"
"14129",""
"14130","Retired"
"14131","Machine operator"
"14132","Carpenter/locksmith"
"14133",""
"14134","Chemist"
"14135","-99"
"14136","magasinier"
"14137",""
"14138",""
"14139","Staffing Clerk"
"14140",""
"14141","Accountant"
"14142","Famille d acceuil"
"14143","Responsable de comptoir postal avant retraite"
"14144",""
"14145","Supervisor"
"14146","-99"
"14147","marketing"
"14148","Marketing"
"14149",""
"14150","chef d""équipe"
"14151",""
"14152","Banking"
"14153","-99"
"14154",""
"14155","Digital content"
"14156","Admin"
"14157","Programmeur"
"14158",""
"14159",""
"14160",""
"14161","Travailleur"
"14162",""
"14163",""
"14164","Office admin"
"14165","Public servant"
"14166","courrier"
"14167","Administrative assistant"
"14168","Teacher"
"14169",""
"14170","Analyst"
"14171","Enseignante"
"14172",""
"14173","Military weapons specialist"
"14174","-99"
"14175","investor"
"14176","chauffeur"
"14177","IT professional"
"14178","Educator"
"14179","Student"
"14180","Client Services"
"14181","Technical Writer"
"14182","Analyste"
"14183",""
"14184","retired"
"14185","police officer"
"14186","Étudiant"
"14187","Travailleur autonome"
"14188","Government"
"14189","Engineer"
"14190","Shop Foreman"
"14191","Consultante"
"14192","server/expo/host"
"14193","public servant"
"14194",""
"14195","agente de bureau"
"14196",""
"14197","office worker"
"14198","promotional marketing"
"14199","technical support"
"14200",""
"14201","Étudiant"
"14202",""
"14203",""
"14204",""
"14205","-99"
"14206",""
"14207","pompier"
"14208","Teacher"
"14209",""
"14210","manual labourer"
"14211","-99"
"14212","project manager"
"14213",""
"14214",""
"14215","Secrétaire réceptionniste"
"14216","military"
"14217","étudiante"
"14218",""
"14219",""
"14220","-99"
"14221","Health care"
"14222",""
"14223",""
"14224","semi retraité"
"14225","Information Technology Consultant"
"14226",""
"14227",""
"14228","Homemaker"
"14229",""
"14230",""
"14231",""
"14232",""
"14233","Retraité"
"14234","Superviseur"
"14235","Business development"
"14236","Manufacture general labour"
"14237",""
"14238","-99"
"14239",""
"14240",""
"14241","-99"
"14242","Clerical"
"14243",""
"14244",""
"14245",""
"14246","Postier"
"14247","Journalist"
"14248","-99"
"14249","Gestionnaire"
"14250","Retired Canadian Military"
"14251","Steam fitter/pipe fitter/ plumber/ gas fitter"
"14252","Registered nurse"
"14253","technicienne"
"14254","Retail"
"14255","Student due to COVID"
"14256","health care"
"14257","Banking"
"14258",""
"14259","Software designer"
"14260","Research analyst"
"14261",""
"14262",""
"14263","Homemaker"
"14264","-99"
"14265",""
"14266",""
"14267","Union Staff Representative"
"14268",""
"14269",""
"14270","-99"
"14271","nurse"
"14272","Coordinator"
"14273","adj administration"
"14274","-99"
"14275","-99"
"14276","-99"
"14277","Retraité"
"14278","Sales representative"
"14279",""
"14280","air traffic controller"
"14281","Student"
"14282",""
"14283",""
"14284","Sales Director"
"14285","system control operator"
"14286","Graphiste"
"14287","Student"
"14288","-99"
"14289","RCMPolice"
"14290","Education Assistant"
"14291","office worker"
"14292","24 hour a day caregiver"
"14293","-99"
"14294",""
"14295","-99"
"14296","Banking"
"14297","-99"
"14298","Engineer"
"14299",""
"14300","Retraité"
"14301",""
"14302","office staff"
"14303","operator"
"14304","Congé de maternité"
"14305","I.T. technician"
"14306",""
"14307","provincial government"
"14308","Sports"
"14309",""
"14310","admin"
"14311","Social Worker"
"14312",""
"14313",""
"14314","Student"
"14315","Étudiant"
"14316",""
"14317","Intervenant social"
"14318","-99"
"14319","financial specialist"
"14320",""
"14321","Millright"
"14322","Student"
"14323",""
"14324","Self employed"
"14325",""
"14326","Supervisor"
"14327","Commerçant"
"14328","clerical"
"14329",""
"14330","Marketing"
"14331","-99"
"14332","Public service"
"14333","Avocat"
"14334","Education"
"14335","Administratrice de haut niveau"
"14336","Human Resources"
"14337","Rancher"
"14338",""
"14339","private school administrator"
"14340",""
"14341","MANAGER"
"14342","educatrice"
"14343","-99"
"14344","Entrepreneur en restauration"
"14345","Nurse"
"14346","Enseignante"
"14347","Public service"
"14348","Manager"
"14349",""
"14350","-99"
"14351","Prison Administrator"
"14352","Research"
"14353",""
"14354",""
"14355",""
"14356","-99"
"14357","Case Manager"
"14358","Technicien en génie civil"
"14359","Travail à temps plein"
"14360","Self employed"
"14361","warehouse worker"
"14362",""
"14363","Cleaner"
"14364","nurse"
"14365","Landscape Designer"
"14366","Business Analyst"
"14367",""
"14368","Teacher/Educational Consultant"
"14369","Retail"
"14370","engineer"
"14371",""
"14372",""
"14373",""
"14374","Fundraiser/event coordinator"
"14375","manufacturing (retired)"
"14376","étudiant"
"14377","Unemployed"
"14378","Responsable de gestion des documents et des archives"
"14379",""
"14380",""
"14381",""
"14382","television producer"
"14383","truck driver"
"14384","Program Manager"
"14385",""
"14386","Student"
"14387",""
"14388","clerical"
"14389",""
"14390","Librarian"
"14391",""
"14392","Software developer"
"14393",""
"14394","professionnel de recherche"
"14395","designer"
"14396","Machiniste"
"14397","Ship repair"
"14398","Pilot"
"14399","cashier/clerk"
"14400","Clerical"
"14401","retired"
"14402","-99"
"14403","Traduction"
"14404","retail manager"
"14405","Engineering"
"14406","clinical"
"14407","-99"
"14408","Student"
"14409","auditor"
"14410",""
"14411","technician"
"14412",""
"14413",""
"14414","Professional"
"14415","-99"
"14416","Engineer"
"14417",""
"14418",""
"14419","Inventory supervisor"
"14420","Dessinatrice industriel"
"14421","nurse"
"14422","Computer systems manager"
"14423",""
"14424",""
"14425","-99"
"14426","technicienne en nutrition clinique"
"14427","Software Developer"
"14428","sales clerk"
"14429","Teacher"
"14430",""
"14431",""
"14432",""
"14433","Controleur"
"14434","IT"
"14435",""
"14436","gestionnaire"
"14437","enseignant"
"14438","Occupational Therapist"
"14439","social worker"
"14440","Educateur"
"14441","Educational assistant"
"14442","taxi driver"
"14443",""
"14444","Homemaker"
"14445","handyman"
"14446","Rénovation"
"14447","Retired"
"14448","Public servant"
"14449","Étudiante"
"14450","Waiter"
"14451",""
"14452","-99"
"14453","Enseignante"
"14454","Supervisor"
"14455","Enseignante"
"14456","Research"
"14457","Manager"
"14458","Software Designer/Project Manager"
"14459","social worker"
"14460","Sales"
"14461","Retired"
"14462",""
"14463",""
"14464","retraitée"
"14465","Multimedia Specialist"
"14466","Technicien a la production"
"14467","Substitute teacher"
"14468","Fonctionnaire"
"14469",""
"14470",""
"14471","Legal Assistant"
"14472",""
"14473","Daycare"
"14474","journalier"
"14475","Scientist"
"14476","étudiant"
"14477","Enseignante"
"14478","Administrator"
"14479","H"
"14480","programmeur"
"14481","registered nurse"
"14482","Sales"
"14483","-99"
"14484","Teacher"
"14485","Sales"
"14486","Employé à temps plein"
"14487",""
"14488","consultant"
"14489","administrateur"
"14490",""
"14491","railroader"
"14492","Mail delivery"
"14493","Teacher"
"14494",""
"14495","Banker"
"14496",""
"14497","Virologist"
"14498","-99"
"14499","Sales"
"14500","Scientist"
"14501","-99"
"14502","Etudiante"
"14503","Legal Assistant"
"14504","Homemaker"
"14505","Ingénieur"
"14506","-99"
"14507","Stationary Engineer"
"14508","Senior Project Manager"
"14509",""
"14510",""
"14511","labour relations"
"14512","CPA"
"14513","administrator"
"14514","production manager"
"14515",""
"14516","Agente de développement"
"14517",""
"14518","bookkeeper"
"14519",""
"14520",""
"14521","Babysitting children"
"14522","programmeur"
"14523","Adjoint Administratif"
"14524","Physical Therapist"
"14525","Unemploy"
"14526","rn"
"14527","retired"
"14528","Retired Business owner"
"14529","SECRETARY"
"14530","teacher"
"14531",""
"14532","Teacher"
"14533",""
"14534",""
"14535",""
"14536","Adjointe administrative"
"14537","Biochimiste"
"14538","Safety ambassador"
"14539","Shipping"
"14540","health care"
"14541",""
"14542","-99"
"14543","analyst"
"14544","Consultant"
"14545","avocate"
"14546",""
"14547","-99"
"14548","buyer"
"14549","Engineer"
"14550","Public servant"
"14551","housewife"
"14552","Architect"
"14553",""
"14554","Marketing"
"14555","-99"
"14556","communications supervisor"
"14557",""
"14558","Biologiste"
"14559","-99"
"14560","Executive"
"14561","Library clerk"
"14562","Disabled homemaker"
"14563","Directeur-Principal"
"14564",""
"14565",""
"14566","PROFESSIONNEL"
"14567","étudiante"
"14568",""
"14569","Homemaker"
"14570","Postes Canada"
"14571",""
"14572","client solutions analyst"
"14573","Graphic Designer"
"14574","Operations Manager"
"14575","Banker"
"14576","Executive"
"14577","Consultant"
"14578","Travailleuse sociale"
"14579","Infirmier"
"14580","Student"
"14581","travailleur autonome"
"14582","Educator"
"14583",""
"14584",""
"14585",""
"14586","disabled"
"14587","Labour Relation Advisor"
"14588","Engineer"
"14589",""
"14590","-99"
"14591","-99"
"14592",""
"14593","directeur des ventes"
"14594","Sales"
"14595","Secretarial"
"14596","Informaticien"
"14597","Elementary Teacher"
"14598","EA"
"14599","retired"
"14600",""
"14601",""
"14602","Facility manager"
"14603","accountant"
"14604","lawyer"
"14605",""
"14606","office"
"14607","Temps plein"
"14608",""
"14609","comptable"
"14610","Sales management"
"14611","manager - biotech"
"14612","Business Owner"
"14613",""
"14614","Health and safety"
"14615","consultant"
"14616",""
"14617","Store person"
"14618","-99"
"14619",""
"14620","Night Audit/Front Desk Rep"
"14621","Student"
"14622","Transportation manager"
"14623","Chimiste en innovation technologique-environnement"
"14624","finance"
"14625",""
"14626",""
"14627","director"
"14628",""
"14629","Engineer"
"14630","librarian"
"14631","Senior advisor"
"14632","Security officer"
"14633",""
"14634","manager"
"14635",""
"14636",""
"14637",""
"14638","Financier"
"14639","Nurse"
"14640",""
"14641",""
"14642","Student"
"14643","Software sales"
"14644","Program Coordinator"
"14645","Oil and gas"
"14646","Veterinarian"
"14647",""
"14648","Teacher"
"14649","Mécano"
"14650","Fonctionnaire"
"14651",""
"14652","éducatrice spécialisée"
"14653",""
"14654","-99"
"14655","Travailleur à temps plein"
"14656",""
"14657","teacher"
"14658","Education"
"14659","Banking"
"14660",""
"14661","Retired elementary teacher"
"14662","Finance"
"14663",""
"14664","Pommicûlteur"
"14665","-99"
"14666","Business Analyst"
"14667","skilled labour"
"14668","Systems Analyst"
"14669","Human Resources"
"14670",""
"14671","Housewife"
"14672","-99"
"14673","Économiste"
"14674","Student"
"14675","Railway"
"14676","Immigration Specialist"
"14677","I.T. Manager"
"14678","Teacher"
"14679","Secrétaire"
"14680","Retraité"
"14681","asset protection coordinator"
"14682",""
"14683",""
"14684",""
"14685","analyst"
"14686","Student"
"14687","Banquet"
"14688","secrétaire médicale Agente administratif"
"14689","Policy Analyst"
"14690","informaticien"
"14691","Teacher"
"14692","Baker"
"14693",""
"14694","senior management"
"14695","Emballeur"
"14696",""
"14697",""
"14698","-99"
"14699","Banquier"
"14700","-99"
"14701","nothing"
"14702","Enseignant en mathématiques"
"14703","Teacher"
"14704","Retired"
"14705","Unemployed"
"14706","Analyste"
"14707","Accounting"
"14708","sales"
"14709","scientist"
"14710","systems administrator"
"14711","Librarian"
"14712","geologist"
"14713",""
"14714",""
"14715","-99"
"14716","Self employed"
"14717",""
"14718",""
"14719","office clerk"
"14720",""
"14721","business owner"
"14722","private investigator"
"14723","-99"
"14724","Student"
"14725","heavy equipment operator"
"14726","gestionnaire"
"14727","Enseignante"
"14728","Homemaker"
"14729","Disabled"
"14730","Construction"
"14731",""
"14732","Proprietaire d'une PME"
"14733",""
"14734","educatrice sdg scolaire"
"14735","Incapable de travailler"
"14736","Fonctionnaire"
"14737",""
"14738","Enseignant"
"14739","Correctional Officer"
"14740",""
"14741","Web manager"
"14742","Student"
"14743","Computer Analyst"
"14744",""
"14745","teacher"
"14746","student"
"14747","entrepreneur"
"14748",""
"14749",""
"14750","Sales"
"14751","Incapacité de travail"
"14752","-99"
"14753","Fonctionnaire provincial"
"14754","Urban planner"
"14755","-99"
"14756","Accountant"
"14757","Professional"
"14758",""
"14759","-99"
"14760","Courtier en assurances de dommages"
"14761","Teacher"
"14762","Employé à plein temps"
"14763","worker bee"
"14764","Travailleur"
"14765",""
"14766","Admin.Asst."
"14767","Agent Correctionnel"
"14768","Engineering"
"14769","clerical"
"14770",""
"14771","-99"
"14772","-99"
"14773","Shipping / Receiving"
"14774","Government"
"14775","Âgente d’indemnisation"
"14776",""
"14777","Entrepreneur"
"14778","Administrative Assistant"
"14779","Secretary"
"14780","Administration"
"14781",""
"14782","-99"
"14783","Accountant"
"14784","Student"
"14785","plieur relieur"
"14786","caregiver/homemaker"
"14787","Retired military"
"14788",""
"14789","Administrative officer"
"14790","-99"
"14791","Travail à temps plein"
"14792","Retraite"
"14793",""
"14794",""
"14795","Student"
"14796","IT Consultant"
"14797","Travaille dans un RPA"
"14798","para legal"
"14799","Manager it"
"14800",""
"14801","Pharmacist"
"14802","Student"
"14803","Tax Associate"
"14804","Registered Nurse"
"14805","Student"
"14806","Administration"
"14807","Unemployed, going to be a student"
"14808","Lunch monitor"
"14809","office worker"
"14810",""
"14811","investment banker"
"14812",""
"14813","-99"
"14814","-99"
"14815",""
"14816","gestionnaire"
"14817","homemaker"
"14818","Administration"
"14819","technologue en electrophisiologie medicale"
"14820","-99"
"14821","Porter at a hospital"
"14822","electrician"
"14823","Agente administrative"
"14824",""
"14825","-99"
"14826",""
"14827",""
"14828","accountant"
"14829","secretary"
"14830","University professor"
"14831","engineer"
"14832",""
"14833","Technicien"
"14834","policy analyst"
"14835",""
"14836",""
"14837",""
"14838",""
"14839","-99"
"14840","Teacher"
"14841","Formateur"
"14842","Educator"
"14843","ARTISTE"
"14844","Unemployed"
"14845","Marketing and Innovation"
"14846",""
"14847","agent de securité"
"14848",""
"14849","enseignant"
"14850","Électricien"
"14851","Sales"
"14852","Registered nurse"
"14853","Contremaître Génie Civil"
"14854","Writer"
"14855","Rehabilitation Assistant"
"14856",""
"14857",""
"14858","Lawyer"
"14859","-99"
"14860",""
"14861","waiter"
"14862","Collectables and antiques"
"14863","Hospitality management"
"14864","Student"
"14865",""
"14866","Unemployed at the moment"
"14867","entretien ménager"
"14868","Directrice"
"14869",""
"14870",""
"14871",""
"14872",""
"14873","Technologist II"
"14874","Agent de correction"
"14875","-99"
"14876","homemaker"
"14877","Travail temps plein"
"14878","homemaker"
"14879","Librarian"
"14880","Purchasing Supervisor"
"14881","Food and beverage service"
"14882","Hra"
"14883","gestionnaire"
"14884","Agente de recherche et de developpement socio économique"
"14885","Self-employed"
"14886","Gestionnaire"
"14887","Sales"
"14888",""
"14889","retail"
"14890",""
"14891","human resources assistant"
"14892","carpenter"
"14893","welder"
"14894","Nurse"
"14895","Student"
"14896","Retraité"
"14897","Human Services"
"14898",""
"14899","human services"
"14900",""
"14901","-99"
"14902",""
"14903","Clerical"
"14904","admin"
"14905","Audiology"
"14906","employé temps plein"
"14907","operator"
"14908","Retired"
"14909",""
"14910","Employé temps plein"
"14911","Sr. Business anslyst"
"14912",""
"14913","SALES"
"14914","coordonnatrice"
"14915","Administration"
"14916","Shipping and receiving"
"14917","Banker"
"14918","Compliance analyst"
"14919","Business owner"
"14920","Manager"
"14921","Veterinarian"
"14922","Gestionnaire"
"14923","-99"
"14924","Administration"
"14925","Fonctionnaire"
"14926","clerk"
"14927","Tattoo artist"
"14928","HOSPITAL REGISTRATION CLERK"
"14929",""
"14930",""
"14931",""
"14932",""
"14933","Insurance broker"
"14934","Executive Assistant"
"14935","Retired"
"14936",""
"14937",""
"14938","IT"
"14939",""
"14940","-99"
"14941","Teacher"
"14942",""
"14943","factory worker"
"14944","Customer service"
"14945","Constucson"
"14946","Software Developer"
"14947","disabled"
"14948","salarié"
"14949",""
"14950","Medical secretary"
"14951","MANAGER"
"14952","Administrative"
"14953","Teacher"
"14954","screening manager"
"14955","Teacher"
"14956","sales"
"14957",""
"14958","Executive"
"14959",""
"14960",""
"14961","Technical Manager"
"14962","Employé"
"14963","Graduate student"
"14964",""
"14965",""
"14966",""
"14967","vérificateur"
"14968","Ingénieur"
"14969","Mécanique"
"14970","Office worker"
"14971",""
"14972","service"
"14973",""
"14974",""
"14975","-99"
"14976","Fonctionnsaire fédéral"
"14977","communications IT"
"14978","school caretaker"
"14979","Entrepreneur"
"14980","Nurse"
"14981",""
"14982","Serveur"
"14983","-99"
"14984","Économiste"
"14985","-99"
"14986","-99"
"14987","-99"
"14988","Préposés aux bénéficiaires"
"14989",""
"14990",""
"14991",""
"14992","Forklift operator"
"14993",""
"14994",""
"14995","Driver"
"14996",""
"14997",""
"14998","Account Manager"
"14999","Intervenante jeunesses"
"15000","good"
"15001",""
"15002","public servant"
"15003",""
"15004",""
"15005","University Professor"
"15006","Sales"
"15007",""
"15008",""
"15009","owner of a business"
"15010","ENTREPRENEUR"
"15011",""
"15012",""
"15013","technology"
"15014",""
"15015","-99"
"15016",""
"15017","unemployed"
"15018","Cuisinier"
"15019",""
"15020",""
"15021","RHN"
"15022","-99"
"15023",""
"15024","Entrepenure"
"15025","Homemaker"
"15026","IT consultant"
"15027","-99"
"15028","Gestionnaire"
"15029","Educational assistant"
"15030","Medical Gas Technician"
"15031","Chef d'unité, infirmière"
"15032",""
"15033",""
"15034","Enseignante"
"15035",""
"15036","Bookseller"
"15037","CSR"
"15038","IT Security Analyst"
"15039",""
"15040","Technology"
"15041",""
"15042","Government worker"
"15043","Accountant"
"15044","Secrétaire"
"15045","Biologist"
"15046","Web Press Operator"
"15047","senior management"
"15048","Teacher"
"15049","engineer"
"15050","Broadcasting"
"15051",""
"15052","Revenue manager"
"15053","Environmental Services"
"15054",""
"15055","Communications"
"15056","Customer service for animals"
"15057","data entry clerk"
"15058",""
"15059","cook"
"15060","Major Mining Projects - First Nations and Metis Consultation"
"15061","Denturist"
"15062","Information Technology"
"15063","retired"
"15064",""
"15065","Teacher"
"15066","Sales"
"15067","Salarié"
"15068","gestionnaire des opérations Casino Qc"
"15069",""
"15070","System Analyst"
"15071","-99"
"15072","FInance analyst"
"15073",""
"15074","Office work"
"15075","Fonctionnaire fédérale"
"15076",""
"15077","Information Technology"
"15078","-99"
"15079","Électricien"
"15080",""
"15081","part time"
"15082","-99"
"15083",""
"15084","Maman au foyer"
"15085","Bartender"
"15086","-99"
"15087",""
"15088","Technicien ti"
"15089",""
"15090","R and D intern"
"15091","public servant"
"15092","Banquière"
"15093",""
"15094","commis"
"15095","Adjointe Administrative"
"15096","retired"
"15097","counsellor"
"15098","office clerk"
"15099",""
"15100","Executive Assistant"
"15101","Student"
"15102","Engineering management"
"15103","Agent de sécurité"
"15104",""
"15105","Financial Analyst"
"15106",""
"15107",""
"15108","engineering professor"
"15109","cashier"
"15110","invalidité permanente"
"15111","Teacher"
"15112",""
"15113","sales"
"15114",""
"15115","Documentation Specialist"
"15116","-99"
"15117",""
"15118","-99"
"15119","Clerical"
"15120","préposé aux bénéficiaires"
"15121","Office"
"15122",""
"15123",""
"15124","education"
"15125",""
"15126",""
"15127",""
"15128","Student"
"15129","Retraitée"
"15130","Public servant"
"15131","-99"
"15132",""
"15133","-99"
"15134","WORKER"
"15135","Print Production"
"15136","Cashier"
"15137",""
"15138","IT Executive"
"15139","-99"
"15140","insurance"
"15141",""
"15142","A la maison"
"15143",""
"15144",""
"15145","Musician"
"15146","Caseworker."
"15147",""
"15148",""
"15149","Office administrator"
"15150","-99"
"15151","Dental hygienist"
"15152",""
"15153",""
"15154","-99"
"15155","Coordonnatrice des bénévoles"
"15156","Fonctionnaires"
"15157",""
"15158",""
"15159","-99"
"15160","-99"
"15161","Interpreter"
"15162",""
"15163","Healthcare"
"15164","stationary engineer"
"15165","Travailleur social"
"15166","Policière"
"15167","Physiotherapy"
"15168",""
"15169","Supervisor"
"15170","professor"
"15171",""
"15172",""
"15173","Administration"
"15174","registered nurse"
"15175","pianiste pour classes de ballet"
"15176",""
"15177","trust officer"
"15178","Consultant"
"15179","Fish plant"
"15180",""
"15181","Telephone Tech"
"15182",""
"15183","-99"
"15184",""
"15185",""
"15186","Technicienne de laboratoire"
"15187","CES"
"15188",""
"15189","Geophysicist"
"15190","-99"
"15191","Office worker"
"15192","Truck driver"
"15193","Massothérapie"
"15194","Teacher"
"15195","Employé de bureau"
"15196","Department Manager"
"15197","Lab technologist"
"15198","radiographic technologist/supervisor"
"15199","Labourer"
"15200",""
"15201",""
"15202","Sexologue"
"15203",""
"15204","-99"
"15205",""
"15206",""
"15207","manager"
"15208",""
"15209",""
"15210","administrative"
"15211","Unemployed"
"15212","logistics"
"15213","Teacher"
"15214","Bénévole"
"15215","Planificateur financier"
"15216","Policière"
"15217","directeur communications"
"15218","Administrative assistant"
"15219","-99"
"15220","commis comptable"
"15221","-99"
"15222","mechanical engineer"
"15223","Health care worker"
"15224","-99"
"15225","Personal support worker"
"15226","Painter"
"15227",""
"15228","En recherche d'emploie"
"15229",""
"15230","-99"
"15231","office/clerical/administrative"
"15232","military"
"15233","library technician"
"15234","commis courrier"
"15235",""
"15236",""
"15237","-99"
"15238","administration"
"15239","Homemaker"
"15240",""
"15241",""
"15242","-99"
"15243",""
"15244",""
"15245","Banking"
"15246","Employée temps partiel"
"15247","-99"
"15248","Sales"
"15249","ofice manager"
"15250","Retired"
"15251","Bus driver"
"15252","stay-at-home parent"
"15253","-99"
"15254",""
"15255",""
"15256","Préposée entretien ménager"
"15257","Teacher"
"15258",""
"15259","-99"
"15260","Looking for Work"
"15261",""
"15262",""
"15263","social worker"
"15264","Social Worker"
"15265","Graduate student"
"15266","-99"
"15267","infirmière"
"15268",""
"15269",""
"15270","-99"
"15271","Technical Support Agent"
"15272",""
"15273",""
"15274","Foreman"
"15275","Enseignante"
"15276",""
"15277","Retail"
"15278","Expert en gestion de la technologie"
"15279",""
"15280","Secrétaire administrative"
"15281",""
"15282",""
"15283","accounting clerk"
"15284","Sales"
"15285",""
"15286",""
"15287",""
"15288","consultant"
"15289",""
"15290","Correctional peace officer"
"15291",""
"15292","Teacher"
"15293","student"
"15294","Equipment Operator"
"15295","Retail"
"15296","Retraite"
"15297",""
"15298","Commis dans unepharmacie"
"15299",""
"15300","educatriceCPE"
"15301","Souscripteur assurance"
"15302","dryman at a mine"
"15303","-99"
"15304",""
"15305","accountant"
"15306","Caretaker"
"15307",""
"15308","IT engeering"
"15309","Conseillère pédagogique"
"15310","militaire"
"15311","Dr"
"15312","Retail"
"15313",""
"15314","Engineering and sales"
"15315","Salesperson"
"15316","-99"
"15317","banking"
"15318","Nurse"
"15319","HR Manager"
"15320","Responsable automatisation et controle"
"15321",""
"15322","Technical Lead"
"15323",""
"15324","Banking"
"15325","gérante de rayon magasin grande surface"
"15326","Student"
"15327",""
"15328","Medical admin asst"
"15329",""
"15330","analyst"
"15331",""
"15332","Technical Director"
"15333","-99"
"15334",""
"15335",""
"15336",""
"15337","studnet"
"15338","fonctionnaire"
"15339","-99"
"15340","Biologiste"
"15341","healthcare"
"15342","Travailleur autonome"
"15343",""
"15344",""
"15345","Teacher"
"15346","Retired"
"15347","Disable but trying to find work if suitable to my disability"
"15348",""
"15349","Student"
"15350",""
"15351",""
"15352",""
"15353","Kitchen manager"
"15354",""
"15355","Accountant"
"15356","Retired"
"15357","Management"
"15358","financial analyst"
"15359","student"
"15360",""
"15361","-99"
"15362","Piano teacher"
"15363","Psychologue"
"15364",""
"15365","Adjointe"
"15366",""
"15367","-99"
"15368","Management"
"15369","vet technican"
"15370","sécurité publique"
"15371","Roofer"
"15372",""
"15373","électricien"
"15374",""
"15375",""
"15376","Directrice d’un réseau de bibliothèques"
"15377","F&B supervisor"
"15378","Travailleur temps plein"
"15379","Technicienne en éducation spécialisée"
"15380",""
"15381","Manager of communications"
"15382","Gestionnaire d’entreprise"
"15383","Self employed greenhouse operator"
"15384","technicienne en administration"
"15385",""
"15386",""
"15387",""
"15388",""
"15389","Gestionnaire de projet clinique"
"15390","School teacher"
"15391","Enseignante"
"15392",""
"15393","Vendeur"
"15394","Digital marketing currently on maternity leave"
"15395","Fonctionnaire fédéral"
"15396","Secretary"
"15397","Maid"
"15398",""
"15399","Admin  Assistant"
"15400","telecommunications analyst"
"15401","lawyer"
"15402","Manager"
"15403","Administration"
"15404","retired"
"15405","project manager"
"15406","Paramédic"
"15407",""
"15408",""
"15409","bosses bitch"
"15410","Project Manager"
"15411",""
"15412","Collection Specialist"
"15413","chauffeuse de poids lourd"
"15414","Engineering"
"15415","-99"
"15416",""
"15417","Enseignant"
"15418",""
"15419","Technicien Arpenteur"
"15420",""
"15421",""
"15422","Analyste financier"
"15423","Registered Nurse"
"15424","Insurance"
"15425","Homemaker"
"15426",""
"15427",""
"15428",""
"15429","Concepteur de produits électroniques"
"15430","Procurement"
"15431",""
"15432","-99"
"15433",""
"15434","-99"
"15435",""
"15436","Registered Nurse"
"15437","Stay at home mom"
"15438","-99"
"15439","Représentant chez Bell Canada"
"15440","Extrusion operator"
"15441","Enseignant"
"15442","Administration"
"15443","-99"
"15444",""
"15445","-99"
"15446",""
"15447","Infographiste"
"15448",""
"15449",""
"15450","communication"
"15451",""
"15452","Retiered"
"15453","Dietitian"
"15454","heating repair and maintains"
"15455","military"
"15456","Self Employed / Freelancer"
"15457",""
"15458","accountant"
"15459",""
"15460","Retired"
"15461",""
"15462","Actor & Singer"
"15463","-99"
"15464","Consultant"
"15465","Office"
"15466","Nurse"
"15467",""
"15468","partiel"
"15469",""
"15470",""
"15471","Retail"
"15472","nurse"
"15473",""
"15474","technician"
"15475","enseignant"
"15476","Fonctionnaire"
"15477","-99"
"15478","cashier"
"15479","-99"
"15480","full time employed"
"15481","administrative"
"15482","soutien technique"
"15483","Construction"
"15484","Management"
"15485","education"
"15486","Employée temps plein"
"15487","-99"
"15488","Superviseur"
"15489","Buyer"
"15490",""
"15491","Research Physicist"
"15492","-99"
"15493","Vente"
"15494","retired"
"15495","Geologist"
"15496",""
"15497",""
"15498","Oilfield dispatcher"
"15499",""
"15500","Agent de credit"
"15501",""
"15502","-99"
"15503","fonctionnaire"
"15504","Printed circuit designer"
"15505",""
"15506",""
"15507",""
"15508","Marketing & Communications"
"15509","Accountant"
"15510",""
"15511","Disabled"
"15512",""
"15513",""
"15514","-99"
"15515","Supervisor"
"15516",""
"15517","-99"
"15518","Assembly manufacturing"
"15519","Social Work"
"15520","Teacher"
"15521","gestionnaire"
"15522","Social Worker"
"15523","Technician"
"15524","-99"
"15525",""
"15526","Management"
"15527","Commis pieces"
"15528",""
"15529",""
"15530","-99"
"15531",""
"15532","technicien informatique service aux usagers"
"15533",""
"15534","Teacher"
"15535","assistante technique en pharmacie"
"15536","retired railway clerk"
"15537",""
"15538","sales"
"15539","-99"
"15540","DATA ENTRY CLERK"
"15541","Restaurant"
"15542","Office admin"
"15543","-99"
"15544","-99"
"15545","Cloud Consultant"
"15546","Public servant"
"15547","Au foyer"
"15548",""
"15549",""
"15550","enseignant"
"15551","Agente administrative"
"15552","VP Operation"
"15553",""
"15554","Self employed"
"15555","service à la clientèle"
"15556","-99"
"15557","Transportation"
"15558",""
"15559","Sales and marketing"
"15560","Customer service representative"
"15561","-99"
"15562","Electronics Tech in the RCAF"
"15563","Office Manager"
"15564","-99"
"15565","Manager"
"15566","RN"
"15567","Hospitality"
"15568","Esthetician"
"15569",""
"15570","retired legal secretary"
"15571","accountant"
"15572","chemist"
"15573",""
"15574","Homemaker"
"15575","-99"
"15576","Disabled"
"15577","Analyst"
"15578","auditor"
"15579","-99"
"15580","admin assistant"
"15581",""
"15582","Graphic Designer"
"15583",""
"15584","Nurse"
"15585","Student"
"15586","Clerical"
"15587",""
"15588",""
"15589",""
"15590","IT"
"15591",""
"15592","Traducteur-réviseur"
"15593","conseiller pédagogique"
"15594",""
"15595","retd"
"15596","real estate appraiser"
"15597","-99"
"15598","Administration"
"15599",""
"15600","Surgeon"
"15601","-99"
"15602","Policière"
"15603","Events Facilitator"
"15604","maintenance/healthcare"
"15605","bus operator"
"15606",""
"15607","arpenteur"
"15608",""
"15609","Nurse"
"15610","secrétaire de direction"
"15611",""
"15612","-99"
"15613",""
"15614","-99"
"15615","Print media"
"15616",""
"15617","-99"
"15618","Retired"
"15619","Travalleur tp"
"15620","Property mgmt"
"15621","Travaille dans un CHSLD"
"15622","Interior Designer"
"15623","administration"
"15624","Accountant"
"15625",""
"15626","Bank VP"
"15627","Pressier (Imprimerie)"
"15628","enseignante"
"15629","sales"
"15630",""
"15631",""
"15632",""
"15633","Health care"
"15634","Design"
"15635",""
"15636","health care"
"15637","teacher"
"15638","Clergyman"
"15639","Teacher"
"15640","BEAUTICIAN"
"15641",""
"15642","-99"
"15643",""
"15644","-99"
"15645","Enseignant"
"15646","-99"
"15647",""
"15648","consultant"
"15649",""
"15650","Registered Nurse"
"15651","-99"
"15652",""
"15653","government professional"
"15654",""
"15655","Winery Employee"
"15656",""
"15657","It analyst"
"15658","General labourer"
"15659","educator"
"15660","-99"
"15661",""
"15662","Information Systems Manager"
"15663","product management/telecommunications"
"15664","-99"
"15665","-99"
"15666","Homemaker"
"15667",""
"15668","-99"
"15669",""
"15670",""
"15671","Serveuse restauration"
"15672","Military officer"
"15673","Journalier"
"15674",""
"15675","Administrator"
"15676","Automotive"
"15677","Opérateur"
"15678","Homemaker"
"15679",""
"15680","Accountant"
"15681","Sales"
"15682",""
"15683",""
"15684",""
"15685","Temps plein"
"15686","-99"
"15687","maintenance"
"15688",""
"15689","Administration assistance"
"15690","Homemaker"
"15691","Administration in Provincial Public Service"
"15692",""
"15693","Nurse"
"15694","Self employed"
"15695","caissière"
"15696",""
"15697","Secrétaire"
"15698",""
"15699","computer security specialist"
"15700",""
"15701","Technicien en administration"
"15702","It supervisor"
"15703",""
"15704","Health Care"
"15705","-99"
"15706","-99"
"15707",""
"15708",""
"15709","Facteur"
"15710","travailleur autonome"
"15711","Plant maintenance planner"
"15712","commercial manager"
"15713",""
"15714","Customer service"
"15715","-99"
"15716","engineer"
"15717","Marketing"
"15718","Professional"
"15719","grain handeler"
"15720","education (administration)"
"15721",""
"15722","Chef cuisinier"
"15723",""
"15724","Nurse"
"15725",""
"15726","Business Owner"
"15727","-99"
"15728","Sales"
"15729","Employé à temps plein"
"15730","Restaurant manager"
"15731","Social worker"
"15732","farmer"
"15733","civil servant"
"15734","Retired"
"15735",""
"15736","Temps plein"
"15737",""
"15738",""
"15739","Homecare worker"
"15740","Étudiante"
"15741",""
"15742","Nurse"
"15743","militaire"
"15744",""
"15745","Agente administrative"
"15746"," caissière"
"15747","IT"
"15748","homemaker"
"15749","Professional Engineer"
"15750","Student"
"15751","Construction Supervisor"
"15752","-99"
"15753","Power lineman"
"15754","Full time employee"
"15755","Carpenter"
"15756","BANKING"
"15757",""
"15758",""
"15759","Engineering Technologist"
"15760",""
"15761","-99"
"15762",""
"15763","material handler"
"15764",""
"15765","Software Engineer"
"15766",""
"15767","Consulting"
"15768",""
"15769",""
"15770","Tutor"
"15771","travail autonome"
"15772","-99"
"15773",""
"15774",""
"15775","Conducteur de navette pour une compagnie de locattion d'auto"
"15776","Construction"
"15777","ins.agent"
"15778","warehouse worker"
"15779","Technicien en Éducation Spécialisé"
"15780",""
"15781","Salarié"
"15782","Sales"
"15783","Procurement"
"15784","policier"
"15785",""
"15786","-99"
"15787","Accountant"
"15788",""
"15789","Retired - Military"
"15790","Adjointe administrative"
"15791","business owner"
"15792","Homemaker"
"15793","Senior Management"
"15794","Customer care"
"15795","Analyste en informatique"
"15796",""
"15797",""
"15798",""
"15799","-99"
"15800","directeur adjoint"
"15801","C P A"
"15802","Homemaker"
"15803","Psychologue"
"15804","Retired"
"15805",""
"15806","Disabled/unable to work"
"15807","Bookkeeper"
"15808","Unemployment"
"15809","Government"
"15810",""
"15811",""
"15812",""
"15813","sales"
"15814","Contract negotiater"
"15815","guest services representative"
"15816",""
"15817","Engineer"
"15818",""
"15819","Student"
"15820","Retired"
"15821","Human resources"
"15822","Student"
"15823",""
"15824","militaire"
"15825","Freelancer"
"15826","Admin assistant"
"15827","-99"
"15828",""
"15829","Project Manager"
"15830","retraité"
"15831","restaurateur"
"15832","Medical Sales"
"15833","millwright"
"15834",""
"15835","Retirement"
"15836",""
"15837",""
"15838","School bus driver"
"15839","Travailleur temps plein technicien"
"15840","Teacher"
"15841",""
"15842",""
"15843",""
"15844",""
"15845",""
"15846","Représentant"
"15847","Teacher secondary school"
"15848",""
"15849","Administration"
"15850",""
"15851","FARMER"
"15852","Opératrice"
"15853","-99"
"15854","adjointe administrative"
"15855",""
"15856",""
"15857","-99"
"15858","Travailleur culturel"
"15859","Conseiller en RH"
"15860","Receptionist"
"15861","Sales"
"15862","Retail"
"15863","Airborne geophysicist processer"
"15864",""
"15865","Early Childhood Educator"
"15866","Infirmière"
"15867",""
"15868","-99"
"15869","Éducatrice"
"15870",""
"15871","Homemaker/parent"
"15872",""
"15873","Directeur régional"
"15874","Homemaker"
"15875",""
"15876",""
"15877",""
"15878",""
"15879","ne travaile pas"
"15880","Teacher"
"15881","commis"
"15882","Shipping and receiving"
"15883",""
"15884","Travailleur à temps partiel"
"15885","Student"
"15886",""
"15887",""
"15888","Clerk"
"15889","communications consultant"
"15890","Realtor"
"15891","conseillère en voyages"
"15892","-99"
"15893","Financial advisor"
"15894","Réceptionniste"
"15895","Fonctionnaire MSSS"
"15896",""
"15897","Homemaker"
"15898","truck driver"
"15899","clerk"
"15900","Military"
"15901","Homemade"
"15902",""
"15903","Teacher"
"15904","-99"
"15905",""
"15906","Chef d’équipe en ressources humaines"
"15907","Conservation Officer/ Land Manager"
"15908",""
"15909","-99"
"15910","Scientist"
"15911","Teacher"
"15912","sales"
"15913","-99"
"15914","bibliothécaire"
"15915","Employer"
"15916","Independent contractor"
"15917","Pharmacy assistant"
"15918","Nurse"
"15919",""
"15920","Étudiant"
"15921","Registered Nurse"
"15922","sales"
"15923","-99"
"15924","Office worker"
"15925","étudiante"
"15926","-99"
"15927",""
"15928","Systems Analyst"
"15929",""
"15930","Bookkeeping"
"15931","labour"
"15932","Trades"
"15933","-99"
"15934",""
"15935","Recherche d'emploi"
"15936",""
"15937",""
"15938","Talent agent"
"15939","Opérateur de fabrication"
"15940","-99"
"15941",""
"15942","-99"
"15943","-99"
"15944","Gestionnaire de Banque"
"15945","RETIRED"
"15946","Travail autonome"
"15947","Planificateur Média"
"15948","Enseignante au primaire"
"15949","Senior analyst"
"15950","-99"
"15951","-99"
"15952",""
"15953","Conseiller"
"15954","Portfolio manager"
"15955","Laborer"
"15956","Libraire"
"15957",""
"15958",""
"15959","Manutentionnaire"
"15960",""
"15961","-99"
"15962","Public servant"
"15963",""
"15964","Analyste"
"15965","CSW"
"15966","-99"
"15967","Social worker"
"15968",""
"15969","Assistante Infirmière Chef"
"15970","RN"
"15971","Rental Manager"
"15972","boss"
"15973","Educator"
"15974","-99"
"15975","OFFICE MANAGER"
"15976","-99"
"15977","Executive"
"15978","President"
"15979","-99"
"15980","-99"
"15981","Sales"
"15982","préposé à l'entretien ménager"
"15983","-99"
"15984","Programmer Analyst"
"15985","Banquier"
"15986","Welder/machinist/fabricator"
"15987",""
"15988","Office Worker"
"15989",""
"15990","Educatrice garderie"
"15991",""
"15992",""
"15993","-99"
"15994","Engineering"
"15995","Teacher"
"15996","Housewife"
"15997","Manufacturing engineering Technology"
"15998",""
"15999","Social worker"
"16000","Salesman"
"16001",""
"16002","journalier"
"16003","employed full time"
"16004","-99"
"16005","-99"
"16006",""
"16007",""
"16008","unemployed"
"16009","manager"
"16010","Teacher"
"16011",""
"16012","Small business partner"
"16013","Éducatrice a la petite enfance"
"16014",""
"16015",""
"16016",""
"16017","machinistre"
"16018",""
"16019","-99"
"16020","Machiniste"
"16021","cuisinière"
"16022","Retraite"
"16023","banker"
"16024","Registered nurse"
"16025","-99"
"16026","Manager"
"16027",""
"16028","-99"
"16029","Accounting"
"16030","saleman"
"16031","Student"
"16032","Lighting designer for Live entertainment"
"16033",""
"16034","travailleuse autonome"
"16035","MANAGER"
"16036","Directeur de comptes"
"16037","Veterinary Epidemiologist"
"16038",""
"16039","clerical"
"16040",""
"16041","Gestionnaire"
"16042","enseignante"
"16043","teacher"
"16044","Executive assistant"
"16045","Health care"
"16046","Bank teller"
"16047",""
"16048","Executive Organizer"
"16049","Clerk"
"16050",""
"16051","Adjointe"
"16052","retired"
"16053","-99"
"16054","-99"
"16055","magasinier"
"16056",""
"16057",""
"16058","CLERICAL"
"16059","Service Industry"
"16060","Conseiller immobilier"
"16061","nursing unit clerk"
"16062","labourer"
"16063","Electrician"
"16064","Bus Operator"
"16065","hjgi"
"16066","automotive worker"
"16067",""
"16068",""
"16069","Sales"
"16070","elementary teacher"
"16071","-99"
"16072",""
"16073","-99"
"16074","-99"
"16075","-99"
"16076",""
"16077","business owner"
"16078","eho"
"16079",""
"16080","-99"
"16081",""
"16082","-99"
"16083","Librarian"
"16084",""
"16085",""
"16086",""
"16087","Border Security"
"16088",""
"16089","postal"
"16090","Print Executive"
"16091","counselling therapist"
"16092","Homemaker"
"16093","Banker"
"16094",""
"16095","educational assistant"
"16096","product manager"
"16097",""
"16098","-99"
"16099","-99"
"16100","full time worker"
"16101","éducation"
"16102","Technical sales"
"16103",""
"16104","unemployed"
"16105",""
"16106",""
"16107","Retired"
"16108","Homemaker"
"16109",""
"16110",""
"16111","Unemployed"
"16112","Finance administration"
"16113","-99"
"16114","Administrator"
"16115",""
"16116","Administration"
"16117","Étudiante"
"16118","-99"
"16119","software design"
"16120","economist"
"16121","Fonctionnaire"
"16122","student"
"16123","-99"
"16124","Educator"
"16125","Homemaker"
"16126","Employé"
"16127","admistrative, office work"
"16128","self empoyed"
"16129","shipping/receiving"
"16130",""
"16131","-99"
"16132","-99"
"16133","housekeeper"
"16134",""
"16135","Customer service on the phone for a countertop company. I book appointments."
"16136","Accountant"
"16137","researcher"
"16138","Management consultant"
"16139","Registered nurse"
"16140",""
"16141","agriculture"
"16142","-99"
"16143","-99"
"16144","Étudiante"
"16145","Entretien ménager"
"16146",""
"16147","Teacher"
"16148",""
"16149","Public Health Dentist"
"16150","-99"
"16151",""
"16152","Comptable"
"16153","Étudiante"
"16154",""
"16155","policier"
"16156","-99"
"16157","Au foyer"
"16158","Minister of Religion, Author"
"16159","Accountant"
"16160","Au foyer"
"16161","hospitality"
"16162","Truck Driver"
"16163",""
"16164","technicien couleur"
"16165","Student"
"16166",""
"16167","fonctionnaire"
"16168","INSIDE SALES"
"16169",""
"16170",""
"16171",""
"16172",""
"16173","Adminstration"
"16174",""
"16175","Project Coordinator"
"16176","Social work, human justice & pastoral care"
"16177","Plombiere"
"16178","Cashier"
"16179",""
"16180","professeur"
"16181",""
"16182","Computer"
"16183","Public Servant"
"16184","Programmer Analyst"
"16185","Office work"
"16186","-99"
"16187","Professionnel"
"16188","Teacher"
"16189",""
"16190","Auditor"
"16191",""
"16192","-99"
"16193","Étudiante"
"16194","Management Consultant"
"16195",""
"16196","Property Manager"
"16197",""
"16198","postal clerk"
"16199","Homemaker"
"16200",""
"16201",""
"16202","Nurse"
"16203","asistant office"
"16204","Chauffeur d'autobus"
"16205","Education"
"16206","Disabled"
"16207","Fianacial Adviser"
"16208","Travailleur temps plein"
"16209","Manager"
"16210","registered nurse"
"16211",""
"16212","College Admissions Officer"
"16213","Lawyer"
"16214","Policier"
"16215","recherchiste"
"16216",""
"16217","Student"
"16218","Homemaker"
"16219",""
"16220","Underwriter"
"16221",""
"16222","Fonctionnaire"
"16223","Advisor"
"16224",""
"16225","-99"
"16226","engineer"
"16227","Étudiante"
"16228","technicienne en administration"
"16229",""
"16230","nurse"
"16231","Professor"
"16232","Employée du gouvernement"
"16233","Construction Inspector"
"16234",""
"16235",""
"16236","Office Manager"
"16237","Retired Autoworker"
"16238","Éducatrice en petite enfance"
"16239","food service catering"
"16240","Self-employed"
"16241","Temporarily unemployed"
"16242","actuary"
"16243",""
"16244",""
"16245","Federal Public Servant"
"16246",""
"16247","-99"
"16248","Responsable Crédit et Recouvrement"
"16249",""
"16250","Financial Analyst"
"16251","Long Hauler"
"16252",""
"16253",""
"16254","Infirmier auxiliaire"
"16255","rn"
"16256","Social worker"
"16257","Enumerator"
"16258","-99"
"16259","Mental Health Professional"
"16260","Camionneur"
"16261",""
"16262","-99"
"16263",""
"16264","Teacher"
"16265",""
"16266","Enseignant"
"16267","Public servant"
"16268",""
"16269","Permanently Disabled"
"16270",""
"16271","Budget Manager"
"16272","Hospital Director"
"16273","Investment Real Estate Broker"
"16274",""
"16275","Letter Carrier"
"16276","-99"
"16277",""
"16278",""
"16279",""
"16280","project manager"
"16281","adjointe administrative"
"16282","Hotel Manager"
"16283","Courier"
"16284",""
"16285","-99"
"16286","travel agency owner"
"16287",""
"16288","social work educator"
"16289",""
"16290",""
"16291",""
"16292","Enseignante"
"16293",""
"16294","Gestionnaire de projets"
"16295","technicien"
"16296",""
"16297",""
"16298","Étudiant"
"16299","Fonctionnaire"
"16300",""
"16301",""
"16302","adjointe administrative"
"16303",""
"16304","Editor"
"16305","Rrtired"
"16306","-99"
"16307",""
"16308",""
"16309","-99"
"16310","Unemployed"
"16311","Project manager"
"16312",""
"16313",""
"16314",""
"16315","Personal Shopper"
"16316","Service"
"16317","social work professor"
"16318","public servant"
"16319",""
"16320","-99"
"16321",""
"16322","Homemaker"
"16323","truck driver"
"16324","Salesperson"
"16325",""
"16326","accounting"
"16327","IT systems analyst"
"16328","-99"
"16329","Professor"
"16330",""
"16331","Mechanic"
"16332","Finance"
"16333","Letter Carrier"
"16334","Paramédic à temps plein"
"16335","Teacher"
"16336","chargé d'enseignement"
"16337","-99"
"16338","Nurse"
"16339",""
"16340","Compliance officer"
"16341","Admin Support"
"16342","commis d'entrepot"
"16343",""
"16344","MEDICAL LAB TECHNOLOGIST"
"16345","Casino Table Games Dealer"
"16346","Health Services"
"16347","Teacher"
"16348",""
"16349",""
"16350","-99"
"16351","-99"
"16352","Tire tech"
"16353",""
"16354","Printer"
"16355","Registered Nurse  retired"
"16356","Engineer"
"16357","consultant"
"16358","disabled"
"16359",""
"16360","Journalist"
"16361","RETIRED"
"16362","Educator"
"16363","Travail temps plein"
"16364","Sales"
"16365","university professor"
"16366","service worker"
"16367",""
"16368","Human services"
"16369","-99"
"16370",""
"16371","social work"
"16372",""
"16373","-99"
"16374","Manager"
"16375","comedien"
"16376","Assistant Healthcare Supervisor"
"16377","Security"
"16378","-99"
"16379","Geologist"
"16380","Logistics sales and service"
"16381"," banker"
"16382","Contract development and negotiator"
"16383",""
"16384",""
"16385","Miitaire"
"16386",""
"16387","office clerk"
"16388","-99"
"16389",""
"16390","Electricien"
"16391",""
"16392","Clerical"
"16393",""
"16394","Service trainer"
"16395","-99"
"16396",""
"16397",""
"16398",""
"16399","Artist"
"16400","-99"
"16401","Nursing supervisor"
"16402","Business owner"
"16403","physician"
"16404","-99"
"16405","Étudiant"
"16406","Conseiller en vente"
"16407","Administration"
"16408",""
"16409","travail de bureau"
"16410","Military"
"16411","Agriculture"
"16412",""
"16413",""
"16414","Adjointe administrative"
"16415","retired"
"16416",""
"16417","Manager"
"16418",""
"16419","Delivery driver"
"16420","insurnace"
"16421",""
"16422","Directeur général"
"16423","Sans emploi"
"16424","civil servant"
"16425","Engineering"
"16426",""
"16427","Model Maker"
"16428","-99"
"16429","Accountant"
"16430","Police officer"
"16431",""
"16432","Enseignante"
"16433","retired"
"16434","-99"
"16435","-99"
"16436","Student"
"16437",""
"16438",""
"16439","Conseillère principale rh"
"16440",""
"16441","Postal worker"
"16442","social worker"
"16443","realtor"
"16444","website manager"
"16445","Retired; former radio producer"
"16446","Accountant"
"16447",""
"16448",""
"16449","Homemaker"
"16450","Clergy"
"16451","Hospital administration"
"16452",""
"16453",""
"16454","Personal support worker"
"16455","Foreign Trade Fair Representative"
"16456","Éducatrice"
"16457",""
"16458","-99"
"16459",""
"16460","travailleur"
"16461","merchandising manager"
"16462","-99"
"16463",""
"16464","Mediator"
"16465","Accountant"
"16466","Livreur"
"16467",""
"16468","forestry"
"16469",""
"16470","Lawyers"
"16471","-99"
"16472","not employ"
"16473","professionnel"
"16474","On medical leave, formerly a coordinator for emergency services for a travel insurance"
"16475","Informaticien"
"16476",""
"16477",""
"16478","Service Representative"
"16479","Teacher"
"16480","nuclear power"
"16481",""
"16482","Agent de sécurité"
"16483",""
"16484","Occupational therapist"
"16485","Physiotherapist"
"16486","Software engineer"
"16487","papetier"
"16488","School aide"
"16489","Professor"
"16490","IT specialist"
"16491",""
"16492","clerical"
"16493","homemaker"
"16494","-99"
"16495","Ne travaille pas pour cause maladie"
"16496","-99"
"16497","Manager"
"16498",""
"16499","employée"
"16500","gestion"
"16501",""
"16502","Nine"
"16503",""
"16504",""
"16505",""
"16506","engineer"
"16507",""
"16508",""
"16509",""
"16510","Sales"
"16511","Administrative Assistant"
"16512","Unemployment"
"16513","-99"
"16514","Teacher"
"16515","travailleur"
"16516","education"
"16517","Chargée d’enseignement à l’université"
"16518",""
"16519","Teaching assistant"
"16520","-99"
"16521",""
"16522","Student"
"16523","teacher"
"16524","Advisor"
"16525","operator"
"16526","WAREHOUSEMAN"
"16527","Health"
"16528",""
"16529","Teacher"
"16530",""
"16531",""
"16532","Foodservice"
"16533",""
"16534","-99"
"16535",""
"16536","Retraité"
"16537","Accounting"
"16538","Educator"
"16539",""
"16540",""
"16541","Recreation"
"16542","Caregiver for senior parents"
"16543","Planificateur financier"
"16544","retail"
"16545",""
"16546","-99"
"16547","-99"
"16548",""
"16549","Nuclear Operator"
"16550",""
"16551","Manager"
"16552","-99"
"16553","customer service professional"
"16554",""
"16555","student"
"16556",""
"16557","music instructor"
"16558","Medical lab technologist"
"16559","Mecanicien Indutriel"
"16560","Transit Superintendent"
"16561","Acheteur"
"16562","remodeler"
"16563","-99"
"16564","Project control"
"16565",""
"16566","Manager, Food Services"
"16567","Accountant"
"16568","Physiotherapist"
"16569","Landscaper"
"16570","university professor"
"16571","Public health researcher"
"16572","Manager"
"16573","Work at a gas station"
"16574","personal trainer"
"16575",""
"16576",""
"16577","Digital marketing specialist"
"16578",""
"16579","Student"
"16580",""
"16581","Retail associate"
"16582","-99"
"16583","Teacher"
"16584","secrétaire médicale"
"16585","Admin"
"16586","Sales Manager"
"16587","Cook"
"16588","housekeeper"
"16589",""
"16590",""
"16591",""
"16592","-99"
"16593","admin assist"
"16594",""
"16595","unit coordinator"
"16596","Librarian"
"16597",""
"16598",""
"16599","Engineer"
"16600","employée"
"16601",""
"16602",""
"16603","-99"
"16604",""
"16605",""
"16606","Office worker"
"16607",""
"16608","French services coordinator"
"16609",""
"16610","Military"
"16611","Student"
"16612",""
"16613","Président"
"16614",""
"16615",""
"16616",""
"16617","Freelance"
"16618","lawyer"
"16619","Public Servant"
"16620",""
"16621","graphic designer"
"16622","ux designer"
"16623","sport"
"16624","Secrétaire"
"16625","Retail clerk"
"16626",""
"16627","-99"
"16628",""
"16629","Transit operator"
"16630",""
"16631","Financial Executive"
"16632","cash advisor"
"16633","investments"
"16634","Travail à temps plein"
"16635","Draftsman"
"16636","retail"
"16637","administration"
"16638","Engineer"
"16639","Air traffic operation specialist"
"16640",""
"16641","invalide à la maison"
"16642",""
"16643","Landscape Architect"
"16644",""
"16645","accountant"
"16646","Cleaning"
"16647","unemployed"
"16648","Manager"
"16649","education consultant"
"16650","-99"
"16651","-99"
"16652","sales manager"
"16653","fonctionnaire provinciale"
"16654","Student"
"16655","IT manager"
"16656","directrice générale d'OBNL"
"16657","Informaticien"
"16658","Public Sector"
"16659",""
"16660","Manager"
"16661","-99"
"16662","customer service"
"16663","Congé maternité"
"16664",""
"16665","AUTOMOTIVE"
"16666","-99"
"16667","Gestionnaire"
"16668","Support Worker"
"16669",""
"16670","-99"
"16671",""
"16672",""
"16673","Letter carrier"
"16674","Accountant"
"16675",""
"16676","Work"
"16677","Bookseller"
"16678","Nurse"
"16679",""
"16680",""
"16681",""
"16682","Developer"
"16683",""
"16684","-99"
"16685","Admin clerk"
"16686",""
"16687","self employed"
"16688","CSR Aide"
"16689",""
"16690","homemaker"
"16691",""
"16692","Systems Programmer"
"16693","Student"
"16694",""
"16695",""
"16696","Market research"
"16697","-99"
"16698","Government"
"16699","-99"
"16700","-99"
"16701","I was an educational assistant"
"16702","Gestionnaire de produits"
"16703",""
"16704","Consultant"
"16705","retired"
"16706","accountant"
"16707",""
"16708","Office Clerk"
"16709",""
"16710","Assistant to Regional VP"
"16711","general manager"
"16712",""
"16713",""
"16714","Dir services aux citoyens & projets speciaux"
"16715","Public servant"
"16716",""
"16717","law enforcement"
"16718","Public Accountant"
"16719","Professeur"
"16720",""
"16721","Full-time administrative assistant"
"16722","polymer chemist"
"16723","-99"
"16724","Bookkeeper"
"16725",""
"16726","Accountant"
"16727","painter"
"16728","Student"
"16729",""
"16730",""
"16731","travailleur à temps plein"
"16732",""
"16733","Paramedic"
"16734","-99"
"16735",""
"16736","Conseiller en relations du travail"
"16737",""
"16738","Croupier"
"16739","aucune"
"16740",""
"16741","Logistics"
"16742","-99"
"16743",""
"16744","-99"
"16745","Ironworkers"
"16746","Transportation Planner"
"16747",""
"16748","-99"
"16749",""
"16750","Inventory control specialist"
"16751","-99"
"16752","-99"
"16753","Brokwr"
"16754",""
"16755","Au travail"
"16756","Retired"
"16757","Retired"
"16758",""
"16759",""
"16760","p. eng."
"16761","Public Relations coordinator"
"16762","Magasinier fonction publique federale"
"16763","Educatrice cpe"
"16764",""
"16765",""
"16766",""
"16767","Homemaker"
"16768","Educator"
"16769","employé gouvernement"
"16770","Registered Early Childhood Educator"
"16771","accounyany"
"16772",""
"16773","Blue Collar"
"16774","-99"
"16775","Professional Engineer"
"16776","travail"
"16777",""
"16778",""
"16779","Manager"
"16780",""
"16781","accountant"
"16782",""
"16783","Social Worker"
"16784","Hospitality"
"16785","Chef"
"16786","Disabled"
"16787",""
"16788",""
"16789",""
"16790","photographer"
"16791","Insurance Agent"
"16792","-99"
"16793","-99"
"16794","Government employee"
"16795",""
"16796","Comptable"
"16797","Contractor"
"16798",""
"16799",""
"16800",""
"16801","Technicien"
"16802","Diet technician"
"16803",""
"16804",""
"16805","-99"
"16806","Enseignant"
"16807","-99"
"16808","Homemaker"
"16809",""
"16810",""
"16811",""
"16812",""
"16813",""
"16814","Avionics technician"
"16815",""
"16816","Clerk"
"16817","traductrice"
"16818","Travailleur temps plein"
"16819","Government"
"16820","-99"
"16821","Conseiller en gestion"
"16822","Professeur"
"16823","Business Analyst"
"16824","Fonctionnaire fédéral"
"16825","-99"
"16826","Student"
"16827","Machine operator"
"16828","-99"
"16829",""
"16830","Teacher"
"16831","office work"
"16832","Employé"
"16833","Educator and School librarian"
"16834",""
"16835","Air Traffic Controller"
"16836","Conseiller en communication"
"16837","system's specialist"
"16838",""
"16839",""
"16840","-99"
"16841","-99"
"16842","Office worker"
"16843",""
"16844","Accountant"
"16845","Urban planner"
"16846","rien"
"16847","Master Control Operator"
"16848","LPN"
"16849","Retired"
"16850","-99"
"16851","retired"
"16852","Travailleur salarié"
"16853","Housing worker"
"16854","IT /Business Consultant"
"16855",""
"16856","Journaliste"
"16857","Educational Assistant"
"16858","-99"
"16859","Service clientele"
"16860",""
"16861","Student"
"16862","House cleaning"
"16863","chef d'équipe administrative et service à la clientèle"
"16864",""
"16865","Unemployed"
"16866","lottery ticket sales"
"16867","MANAGER"
"16868","Specialist"
"16869","Electrician"
"16870","Bank fraud investigation"
"16871","Administrateur"
"16872","home security"
"16873",""
"16874","Nurse"
"16875","homemaker"
"16876","Santé"
"16877","Financial Advisor"
"16878",""
"16879","lawyer"
"16880","retired"
"16881","clerical office worker"
"16882","Homemaker"
"16883",""
"16884","MD"
"16885",""
"16886",""
"16887","Engineer"
"16888",""
"16889","-99"
"16890","Business owner"
"16891","Clerk"
"16892","-99"
"16893",""
"16894","consultante en santé sécurité"
"16895","Retired"
"16896","Shipper receiver"
"16897","Energy"
"16898","soft skills trainer/consultant"
"16899","Analyst"
"16900","analyst"
"16901",""
"16902",""
"16903","service"
"16904","Chairman"
"16905",""
"16906",""
"16907","-99"
"16908","Gardien"
"16909",""
"16910",""
"16911","Physician"
"16912","sales"
"16913","Sales"
"16914","Travailler à plein temps"
"16915","Office worker"
"16916",""
"16917","-99"
"16918","Assistant Director, HR in the Federal Government - CRA"
"16919","-99"
"16920","Coordonnatrice"
"16921",""
"16922","sociologist"
"16923","Accountant"
"16924",""
"16925","Physiotherapist"
"16926","Police provinciale"
"16927","business analyst"
"16928","Militaire"
"16929","hvac"
"16930","chef de reception"
"16931",""
"16932","-99"
"16933","transportation"
"16934","Business manager"
"16935",""
"16936","-99"
"16937","Management consultant"
"16938","-99"
"16939","retired"
"16940","Retired"
"16941","teacher"
"16942","messager"
"16943","Administration publique"
"16944","travailleur autonome"
"16945","Retail salesperson"
"16946","Homemaker"
"16947","agente administrative"
"16948","student"
"16949","-99"
"16950","Consulting"
"16951",""
"16952",""
"16953",""
"16954",""
"16955","instructor"
"16956","Fonctionnaire"
"16957","Business analyst"
"16958","Pharmacy Technician"
"16959","Sales and marketing"
"16960","Housekeeper"
"16961","Security"
"16962",""
"16963",""
"16964","Retired teacher"
"16965","Employé temps plein"
"16966","entrepreneur"
"16967","Receptionist"
"16968","teachers aid"
"16969",""
"16970","Residential care worker"
"16971",""
"16972",""
"16973",""
"16974","-99"
"16975",""
"16976","Student"
"16977",""
"16978",""
"16979",""
"16980",""
"16981","Printer"
"16982","Health field"
"16983","Clerk"
"16984","project manager"
"16985","Clerical"
"16986",""
"16987","Attachée d’admiration"
"16988",""
"16989","Physicien"
"16990",""
"16991","-99"
"16992",""
"16993","On disability"
"16994","Home maker"
"16995","Santé"
"16996","Web developer"
"16997","teacher"
"16998",""
"16999",""
"17000",""
"17001",""
"17002","Supervisor"
"17003","Education Assistant"
"17004","-99"
"17005",""
"17006","-99"
"17007",""
"17008","Vendeur"
"17009","Special Needs Support Worker but currently unable to work"
"17010",""
"17011","Police"
"17012","-99"
"17013",""
"17014","-99"
"17015","Financial Services Industry"
"17016","Police officer"
"17017","Congé de maternité"
"17018","Travailleur temps plein"
"17019","Supervisor"
"17020","-99"
"17021",""
"17022",""
"17023",""
"17024",""
"17025","Analyste"
"17026",""
"17027","-99"
"17028","Developer"
"17029",""
"17030","Engineer"
"17031","-99"
"17032",""
"17033","-99"
"17034","Office worker"
"17035",""
"17036",""
"17037",""
"17038","Technical Analyst"
"17039","Analyst"
"17040",""
"17041","PSW"
"17042","-99"
"17043","Art gallery manager"
"17044","Retraite"
"17045",""
"17046","Electrician"
"17047","Land Analyst Admnistrator"
"17048","cuissinier"
"17049","Éducation"
"17050","Education"
"17051",""
"17052","replenishment clerk"
"17053","Reg. Psych. Nurse"
"17054",""
"17055",""
"17056","sans emploi et bénévole dans le communautaire"
"17057","Registered Nurse"
"17058","debosselage"
"17059",""
"17060","Note-taker"
"17061",""
"17062",""
"17063","Invalidité"
"17064","Student"
"17065",""
"17066","dentist"
"17067","Public Safety"
"17068","Gestionnaire"
"17069","Accounting"
"17070","hostess"
"17071",""
"17072","Secrétaire réceptionniste"
"17073","rentier"
"17074","Professional Engineer"
"17075","coiffeuse"
"17076","Architecture"
"17077","retired"
"17078","Consultant, informatique"
"17079","INVALIDITÉ"
"17080",""
"17081","-99"
"17082",""
"17083","-99"
"17084","Federal gov adjudicator"
"17085","Infirmière"
"17086",""
"17087","Laid off second time thanks to all the government overreach closing everything down.!"
"17088","-99"
"17089","Développeur logiciel"
"17090",""
"17091",""
"17092","custodian"
"17093","Correspondence coordinator"
"17094",""
"17095","Realtor"
"17096","Full time employee"
"17097","Student"
"17098",""
"17099","admin asst"
"17100","Technician"
"17101","Banking"
"17102",""
"17103","Conseillère en affaires"
"17104","Grocery shopper"
"17105","Clerk"
"17106","Nurse"
"17107",""
"17108","office clerk"
"17109",""
"17110","Human Resources executive"
"17111","student"
"17112","ALARM TECHNICIAN"
"17113","Enseignant"
"17114",""
"17115","web developer"
"17116","Event Planner"
"17117","Nurse"
"17118",""
"17119",""
"17120","-99"
"17121","enseignant"
"17122","claim adjuster"
"17123",""
"17124","Administrative Assistant"
"17125","-99"
"17126","Admin"
"17127","Langage revisor"
"17128","Professor"
"17129","-99"
"17130","ingénieur"
"17131","Food Service"
"17132",""
"17133","bibliothécaire"
"17134",""
"17135",""
"17136","Educational Assistant"
"17137","specialized educator"
"17138",""
"17139","construction"
"17140",""
"17141","Student program advisor university"
"17142",""
"17143","Admin asst"
"17144","lawyer"
"17145",""
"17146","Trust Officer"
"17147","secrétaire"
"17148","Retraité"
"17149","Banker"
"17150","Enseignant"
"17151","éducatrice"
"17152","Delivery"
"17153",""
"17154","Commis à Postes Canada"
"17155","shipper/receiver"
"17156","federal public servant"
"17157",""
"17158","Disabled"
"17159","-99"
"17160","Retraité militaire"
"17161","Étudiant"
"17162","représentant"
"17163",""
"17164",""
"17165","management"
"17166",""
"17167","-99"
"17168","Distiller"
"17169","NIGHT STOCKER"
"17170",""
"17171",""
"17172","Coiffeuse"
"17173","Analyst"
"17174","Student"
"17175",""
"17176","musician/retired"
"17177",""
"17178","retired"
"17179","Library"
"17180","-99"
"17181","Program Manager"
"17182","Cpa"
"17183","Traducteur"
"17184","Working full time"
"17185","Student"
"17186","Retail auditor"
"17187","Human Resources Specialist (until Pandemic job loss)"
"17188","unemployed"
"17189",""
"17190","Analyst"
"17191","Lawyer"
"17192",""
"17193","-99"
"17194","Professor"
"17195","IT Strategic Planner"
"17196",""
"17197",""
"17198","Photographer"
"17199","-99"
"17200","agent de sécurité"
"17201",""
"17202","Retired"
"17203","Ventes"
"17204",""
"17205","Law clerk"
"17206","Planner"
"17207",""
"17208","Stay at home"
"17209",""
"17210","Clerical"
"17211",""
"17212",""
"17213",""
"17214","Retired"
"17215","secretary"
"17216","Business"
"17217","Administrative assistance"
"17218","Law enforcement support"
"17219","Management"
"17220",""
"17221","Student"
"17222","Janitor"
"17223","Health administration"
"17224","Insurance Broker"
"17225","Étudiante"
"17226","-99"
"17227","officier"
"17228","employé de bureau"
"17229","Manager"
"17230","Enseignante"
"17231","Hydrographic Surveyor"
"17232","Scientet"
"17233","construction"
"17234","Retraitee"
"17235","disabled"
"17236","General Labourer"
"17237",""
"17238","-99"
"17239",""
"17240","Intervenante en soutien aux élèves"
"17241",""
"17242","pharmacist"
"17243","Coordinator"
"17244","Selfemployed"
"17245",""
"17246","Sales engineer"
"17247","Sales person"
"17248","Enseignant"
"17249",""
"17250","Retraitée"
"17251","-99"
"17252",""
"17253","stay at home mom"
"17254",""
"17255",""
"17256","Marketing"
"17257","sales"
"17258",""
"17259",""
"17260",""
"17261","Administrative support"
"17262","Education"
"17263","Pharmacien"
"17264","Ingénieur"
"17265",""
"17266","c/s auditor"
"17267",""
"17268","-99"
"17269","Keyholder"
"17270","Fonctionnaire"
"17271","Homaker"
"17272","telecommunications technician"
"17273","-99"
"17274","-99"
"17275","Retired"
"17276","employé"
"17277","Postal Worker"
"17278","Employé"
"17279","retired"
"17280","Retired"
"17281","Managerial"
"17282","-99"
"17283",""
"17284","Retired Accountant"
"17285","Traductrice"
"17286","computer programmer"
"17287","data tech"
"17288",""
"17289","retired"
"17290","Student"
"17291","RMT"
"17292","SHIPPER-RECEIVER"
"17293",""
"17294","Hospitality"
"17295","office services"
"17296",""
"17297","Retired"
"17298","Toxicologist"
"17299","Vet tech"
"17300","Insurance broker support"
"17301","-99"
"17302",""
"17303","Secretary"
"17304","Employée à temps partiel"
"17305","Office worker"
"17306","health care worker"
"17307","-99"
"17308","Entrepreneur"
"17309",""
"17310",""
"17311","Employee"
"17312","Office admin"
"17313","Technical Consultant"
"17314","Developer"
"17315","professeur musique"
"17316",""
"17317",""
"17318","IT"
"17319",""
"17320","Educateur"
"17321","gestion"
"17322","Customer service/Cashier grocery store"
"17323",""
"17324","Civil Servant"
"17325","Contractor"
"17326",""
"17327","Writer"
"17328",""
"17329",""
"17330","Screening officer"
"17331","Fonctionnaire"
"17332","bookkeeper"
"17333",""
"17334",""
"17335",""
"17336",""
"17337",""
"17338","Sitter"
"17339","Anthropologist"
"17340",""
"17341",""
"17342","salarié"
"17343","Pharmacy Technician"
"17344","Administrator"
"17345",""
"17346","gerant des ventes"
"17347","Minister"
"17348","-99"
"17349","speech language pathologist"
"17350","Investments"
"17351",""
"17352","accountant"
"17353",""
"17354",""
"17355","youth councellor"
"17356","Unemployed"
"17357","Journalier"
"17358","Registered Nurse"
"17359","Technology consultant"
"17360","-99"
"17361",""
"17362","Food Co-ordinator/Admin.Assistant"
"17363",""
"17364","Computer technician"
"17365",""
"17366","mechanic"
"17367",""
"17368","Student"
"17369","-99"
"17370","Sales"
"17371","physician"
"17372","-99"
"17373","Administration"
"17374",""
"17375","public service"
"17376",""
"17377",""
"17378","Gérant"
"17379","business owner"
"17380","Educator"
"17381","Accounting office"
"17382","unabled to work due to a disability"
"17383","-99"
"17384","Labouror"
"17385","-99"
"17386","fundraising manager"
"17387","A la maison"
"17388","Accounting Clerk"
"17389",""
"17390","-99"
"17391","Conseiller en milieu universitaire"
"17392","Nurse"
"17393",""
"17394","-99"
"17395","Provincial Government employee"
"17396","retired. warehouse management"
"17397","Psychologue clinicien"
"17398","-99"
"17399","Flight Attendant"
"17400","Admin Assistant"
"17401","Manager"
"17402",""
"17403",""
"17404","-99"
"17405","Director of Nursing"
"17406","Sales"
"17407","IT"
"17408","Retraitée"
"17409","Government"
"17410","-99"
"17411","employé de bureu"
"17412","Retired"
"17413","-99"
"17414","Travail temps complet"
"17415","Information Technology"
"17416","teacher"
"17417",""
"17418","Account manager"
"17419","Retired"
"17420","HVAC"
"17421","Payroll"
"17422",""
"17423","destination consultant"
"17424",""
"17425","Enseignement supérieur"
"17426","Cashier"
"17427","General dogsbody"
"17428","Public servant"
"17429",""
"17430","Paralegal"
"17431","-99"
"17432",""
"17433",""
"17434","Agent administratif"
"17435",""
"17436",""
"17437","Policier"
"17438","General manager"
"17439","Maman a la maison"
"17440",""
"17441","Analyste dans le domaine digital"
"17442","-99"
"17443","gestionnaire cpa"
"17444","-99"
"17445",""
"17446",""
"17447","Publc Service Manager"
"17448",""
"17449","Policier"
"17450","cashier"
"17451","Acheteuse, et contrôle d'inventaire"
"17452","Healthcare"
"17453","university professor"
"17454","Office Manager"
"17455","IT"
"17456","Legal Assistant"
"17457","sales"
"17458",""
"17459","bookkeeper"
"17460",""
"17461","-99"
"17462","-99"
"17463","Restaurant BOH/server/cash"
"17464","-99"
"17465",""
"17466","Directeur de la formation"
"17467","student"
"17468","Analyste financier"
"17469","-99"
"17470","-99"
"17471","-99"
"17472",""
"17473","Fonctionnaire fédéral"
"17474","Manual laborer"
"17475","Coach/Consultant"
"17476","Accounting Clerk"
"17477","Retired"
"17478","Enseignante"
"17479","Senior management in public sector"
"17480","Student"
"17481","pme"
"17482","Nursing"
"17483","Economics and laborer"
"17484","clergy"
"17485",""
"17486",""
"17487","Healthcare worker"
"17488","photographer"
"17489","IT manager"
"17490","social worker"
"17491","SECRETARY/CASHIER"
"17492","Centre d'assistance dans centre d'appel de télécommunications"
"17493","Customer service"
"17494",""
"17495","Chef d'équipe gouvernement du Québec"
"17496","public servant"
"17497","dentist"
"17498","-99"
"17499","-99"
"17500","Independant media artist"
"17501","Sekf employed renovator"
"17502",""
"17503","Construction management"
"17504","accountant"
"17505",""
"17506",""
"17507",""
"17508","Accounting"
"17509","artist"
"17510",""
"17511","Financial Advisor"
"17512","garment industry grader/ marker maker"
"17513",""
"17514","Syndicaliste"
"17515","Engineering"
"17516",""
"17517",""
"17518","Sales manager"
"17519","Offset Pressman"
"17520",""
"17521","unemployed/travel tourism"
"17522","Postal worker"
"17523",""
"17524",""
"17525","Logistics coordinator"
"17526","Manager"
"17527",""
"17528",""
"17529","Secretary"
"17530",""
"17531","-99"
"17532",""
"17533","educational assistant"
"17534","Manager"
"17535","Food Service for an Elementary School"
"17536","PAB"
"17537","High school math teaching"
"17538","actor"
"17539","Accountant"
"17540","Executive Secretary"
"17541","Administrator"
"17542","Scientist"
"17543","Administration"
"17544","corrections officer"
"17545","-99"
"17546","Designer"
"17547","retail"
"17548","banking"
"17549","Eduction"
"17550","Air traffic controller"
"17551","Travailleuse sociale"
"17552","machiniste"
"17553","student"
"17554","Admin"
"17555","Superviseure"
"17556","Travailleur autonome - typographe"
"17557",""
"17558",""
"17559","-99"
"17560","unemployed, looking for work"
"17561","Teacher"
"17562","-99"
"17563","-99"
"17564",""
"17565",""
"17566",""
"17567","-99"
"17568",""
"17569","Compensation advisor"
"17570","retired high school teacher"
"17571","Pastoral"
"17572","Coordonnatrice organisme communautaire pour personnes handicapées"
"17573",""
"17574",""
"17575","assistant"
"17576",""
"17577","educator"
"17578","acheteur"
"17579","Insurance adjuster"
"17580",""
"17581","Pet sitter"
"17582","Enseignante"
"17583",""
"17584","Graphic Designer & Social Media Communication"
"17585","Consultant"
"17586","Business Analyst"
"17587",""
"17588","-99"
"17589","-99"
"17590",""
"17591","Alcohol salesman"
"17592","couturiere"
"17593",""
"17594",""
"17595","-99"
"17596",""
"17597",""
"17598",""
"17599","-99"
"17600","professional accountant"
"17601","-99"
"17602","telesales"
"17603","Unemployed currently, before COVID I was a cook."
"17604","rédacteur technique"
"17605",""
"17606","Travailleur temps plein"
"17607","Teacher"
"17608","Receptionist"
"17609","AUTOMOTIVE TECH"
"17610","Estimateur électrique"
"17611","Unemployed"
"17612",""
"17613","Professionnel"
"17614","Education assistant"
"17615","Student"
"17616","mechanical engineer"
"17617",""
"17618","Gestion d'inventaire"
"17619","Customer Service"
"17620","-99"
"17621","student"
"17622",""
"17623","producteur agricole"
"17624","Engineer"
"17625","inquest coordinator"
"17626","-99"
"17627",""
"17628","-99"
"17629","Nurse"
"17630","fonction publique"
"17631","Manager"
"17632",""
"17633","Management"
"17634","Teacher"
"17635",""
"17636","Collections rep"
"17637",""
"17638","taxi"
"17639","Counseling"
"17640",""
"17641",""
"17642","Je sais pas"
"17643",""
"17644",""
"17645","-99"
"17646",""
"17647","Manufacturing"
"17648","Electromecanicien"
"17649",""
"17650","Public affairs"
"17651","Pilote"
"17652","retired"
"17653","Employé temps partiel"
"17654","Travailleur autonome"
"17655","Construction sales"
"17656","Administrator"
"17657",""
"17658","management consultant"
"17659","-99"
"17660","self-employed business owner"
"17661","-99"
"17662","chartered accountant"
"17663","Student"
"17664",""
"17665",""
"17666","Enseignant"
"17667",""
"17668","Correctional officer"
"17669","Nurse"
"17670",""
"17671",""
"17672","self employed"
"17673","Agent de développement"
"17674","Retired"
"17675","Student"
"17676","-99"
"17677",""
"17678","provincial employee"
"17679","student"
"17680","sales/wholesale banking"
"17681","Education"
"17682","retired"
"17683","Technician"
"17684","Chartered professional - Human Resources"
"17685","-99"
"17686",""
"17687","Registered Nurse - Clinical Informatics"
"17688","corporate trainer"
"17689","Housewife"
"17690",""
"17691",""
"17692","Disabled"
"17693","Actor"
"17694","Invalidité"
"17695","Administrator"
"17696",""
"17697","Former Midwife, now Guest Services Rep"
"17698","Manager"
"17699",""
"17700","Employé"
"17701","Self employed"
"17702",""
"17703","-99"
"17704","Counsellor"
"17705","Artist"
"17706","Flight attendant"
"17707",""
"17708",""
"17709","Professional"
"17710",""
"17711","Informaticien"
"17712","Chemist"
"17713","Online affiliate"
"17714",""
"17715","-99"
"17716",""
"17717","travaileur autonaume en e comerce sur le web"
"17718","Homemaker"
"17719","Finance federal government"
"17720","Habitat restoration"
"17721","Homemaker"
"17722","Unable to work due to diaability"
"17723","-99"
"17724","Clerk"
"17725","educator"
"17726","Retired"
"17727",""
"17728","Technical Specialist"
"17729",""
"17730",""
"17731",""
"17732",""
"17733",""
"17734"," Vice President of large corporation"
"17735","Letter carrier"
"17736","teacher"
"17737","Traductrice"
"17738",""
"17739",""
"17740","Sales and marketing coordinator"
"17741","Travailleur temps plein"
"17742","Part time student and part time grocery merchandiser"
"17743","Education"
"17744","Administration"
"17745",""
"17746","Medical laboratory technologist"
"17747","I am disabled"
"17748","Manager"
"17749","-99"
"17750","Manager"
"17751","Administration"
"17752","unemployed"
"17753","accountant"
"17754",""
"17755",""
"17756",""
"17757","toolmaker"
"17758",""
"17759","infirmière"
"17760","Directeur général adjoint"
"17761","-99"
"17762",""
"17763",""
"17764",""
"17765","it specialist"
"17766","skillend"
"17767","Ingenieur"
"17768","firefighter"
"17769",""
"17770","-99"
"17771",""
"17772","Sales"
"17773","-99"
"17774",""
"17775",""
"17776",""
"17777","Nursing unit clerk"
"17778",""
"17779",""
"17780","Internal auditor"
"17781",""
"17782","engineer"
"17783","Technician"
"17784","Cariste"
"17785","Auditor"
"17786",""
"17787",""
"17788",""
"17789","-99"
"17790","retired"
"17791","investor"
"17792",""
"17793","service lclient"
"17794",""
"17795",""
"17796","Enseignante"
"17797","homestay"
"17798","Chargé d'enquête"
"17799","-99"
"17800","Gérante d'une boutique"
"17801","bus driver"
"17802","Technician"
"17803",""
"17804",""
"17805","Administrative Assistant"
"17806","Management Consultant"
"17807","Die maker"
"17808","public servant"
"17809","assistan gérant dépicerie"
"17810","Bid writer"
"17811","retired"
"17812","Homemaker"
"17813","-99"
"17814","Sales"
"17815","IT Analyst"
"17816","teacher"
"17817",""
"17818","Administrative assistant"
"17819",""
"17820","Chemist"
"17821","Manager"
"17822","Gov Empioy"
"17823","Na"
"17824","Nurse"
"17825","Accounting"
"17826","Engineer"
"17827","Enseignante"
"17828","-99"
"17829","Auditor"
"17830","Retail"
"17831","Représentante aux ventes"
"17832","-99"
"17833","EA"
"17834",""
"17835","Stay at home parent"
"17836",""
"17837","teacher"
"17838",""
"17839","Travail temps complet"
"17840","Customer service"
"17841",""
"17842",""
"17843","Administrative assistant"
"17844",""
"17845","Homemaker"
"17846","Nurse"
"17847","School crossing guard"
"17848",""
"17849",""
"17850",""
"17851",""
"17852","Admin"
"17853","Travail à tamps partiel"
"17854","Employee municipale bureau"
"17855","Banking Advisor"
"17856","contractor"
"17857","-99"
"17858","Office worker"
"17859","sales"
"17860","Student"
"17861",""
"17862","dessinateur"
"17863","controleur aérien"
"17864","Retail"
"17865","Office manager in a counselling office."
"17866","-99"
"17867",""
"17868","Self employed"
"17869","DIRECTEUR DES SERVICES ÉDUCATIFS"
"17870",""
"17871",""
"17872","Health care"
"17873",""
"17874",""
"17875",""
"17876","Vendeur"
"17877",""
"17878",""
"17879","Salariée temps plein"
"17880",""
"17881","Student"
"17882",""
"17883","Supervisor Canada Post"
"17884","teacher"
"17885","Pharmacist"
"17886","home maker"
"17887",""
"17888","Welder"
"17889",""
"17890","Sandwich delivery service"
"17891",""
"17892","Commercial real estate"
"17893","Registrar"
"17894",""
"17895","CSR"
"17896",""
"17897",""
"17898","-99"
"17899","-99"
"17900","PMO"
"17901",""
"17902","Heavy equipment operstor"
"17903","Translation senior manager at a national financial services company"
"17904","Writer"
"17905",""
"17906",""
"17907","Pension Analyst"
"17908","Représentante service à la clientèle senoir"
"17909","Gestionnaire"
"17910","Accountant"
"17911",""
"17912","Retired museum collection manager"
"17913","TRUCK DRIVER"
"17914","Homemaker"
"17915","Communications Specialist"
"17916","IT"
"17917","Chemist"
"17918","Educator"
"17919",""
"17920",""
"17921",""
"17922","Group home worker"
"17923","lawyer"
"17924","customer service"
"17925","Supervisor"
"17926","homemaker"
"17927","nurse"
"17928","Telephone operator"
"17929","psychologist"
"17930",""
"17931","Manager"
"17932","Bookkeeper"
"17933",""
"17934","homemaker"
"17935","accountant"
"17936","Professional"
"17937",""
"17938","Salariée"
"17939","officer"
"17940","vulcanisateur"
"17941","Simulations Engineering"
"17942","Ingénieur civil"
"17943","Educational assistant"
"17944","Pharmacist assistant"
"17945","-99"
"17946","fonctionnaire"
"17947","Student"
"17948","Gestionnaire de la sécurité"
"17949",""
"17950",""
"17951","Teacher"
"17952","fonctionnaire"
"17953","Director"
"17954","Livreur vendeur"
"17955",""
"17956","Ass. Tech. Pharmacie"
"17957","agent de prévention SST"
"17958","adj administrative"
"17959","Retired"
"17960",""
"17961",""
"17962",""
"17963",""
"17964","Homemaker"
"17965","Software engineer"
"17966","Technical Manager"
"17967","Partsman"
"17968","Software Consultant"
"17969",""
"17970","Administrative support"
"17971",""
"17972","Administration"
"17973","Registered Kinesiologist"
"17974","Administration"
"17975","technical analyst"
"17976","Nurse"
"17977","Civil administrator"
"17978","Warehouse manager"
"17979",""
"17980","Clerk"
"17981",""
"17982",""
"17983","Director Marketing"
"17984","Income tax clerk"
"17985","Healthcare worker"
"17986",""
"17987","IT Consultant"
"17988",""
"17989","Administration"
"17990","Registered nurse"
"17991",""
"17992","Homemaker"
"17993","Teacher"
"17994",""
"17995",""
"17996",""
"17997",""
"17998","Clerical"
"17999","Human Movement Scientists, Reg. Kinesiologists"
"18000","travailleur temps plein"
"18001","Teacher"
"18002","Adjointe"
"18003","Retraité"
"18004",""
"18005","Semi retired"
"18006","-99"
"18007","engineer"
"18008","Customer Service - Travel and Tourism"
"18009","Banquier retraité"
"18010","gis"
"18011","Travel Consultant"
"18012","-99"
"18013",""
"18014",""
"18015",""
"18016","CFO"
"18017","professionnel"
"18018","Retraite"
"18019",""
"18020","Sales clerk"
"18021","PR Communications"
"18022","Student"
"18023","Millwright"
"18024","Telecommunications"
"18025",""
"18026","Civil servant"
"18027",""
"18028","Représentante internes aux ventes"
"18029","Education assistant"
"18030","Administrative Assistant"
"18031","préposée la billetterie."
"18032","Public Servant"
"18033","sales manager"
"18034","Gestionnaire"
"18035","-99"
"18036","Coordonnateur"
"18037",""
"18038",""
"18039","enterpriser"
"18040","Program officer"
"18041","Aviseur technique"
"18042","-99"
"18043","Secondary School Teacher/Dept.Head"
"18044","Human Resources"
"18045","Conseiller juridique"
"18046","Enforcement/ Investigation"
"18047","Lab tech"
"18048","analyste economiste"
"18049","-99"
"18050","retired"
"18051","Dental assistant"
"18052","LIT"
"18053","Retraité"
"18054","Non-Profit Employee"
"18055","-99"
"18056",""
"18057","Geologist"
"18058","architect"
"18059","Purchasing Consultant"
"18060",""
"18061",""
"18062","administration"
"18063","Pastor"
"18064",""
"18065","-99"
"18066","emôyer municipaux"
"18067","Adjointe exécutive"
"18068","Pharmacy Tech. Book Keeper"
"18069","-99"
"18070","-99"
"18071","Software"
"18072","Lifecoach - Trainer/Mentor Coach"
"18073","Disabled"
"18074","-99"
"18075",""
"18076",""
"18077","Film Industry"
"18078","Retired"
"18079",""
"18080","WEHY"
"18081","Self employed"
"18082",""
"18083","retired RN"
"18084","Telemarketing"
"18085","admin assistant"
"18086","Non-profit executive"
"18087","commis comptable"
"18088","-99"
"18089","Financial advisor"
"18090","Conseiller financier"
"18091","Administrative Secretary"
"18092","Retired"
"18093","Radiation Therapist"
"18094","Retired"
"18095","Sales associate"
"18096","Finance Manager"
"18097","Chartered accountant"
"18098","Technicien en informations"
"18099",""
"18100","manager"
"18101","Bank teller"
"18102","surveillante d eleves"
"18103","Retirement"
"18104","Accountant"
"18105","Teacher"
"18106","Drafting designer"
"18107","Librarian"
"18108",""
"18109","lawyer"
"18110",""
"18111",""
"18112","-99"
"18113","-99"
"18114",""
"18115",""
"18116","-99"
"18117","Analyst"
"18118",""
"18119",""
"18120","serveuse dans les restaurant"
"18121","Au foyer"
"18122","IT professional"
"18123",""
"18124","Fonctionnaire"
"18125","Medical Laboratory Technologist"
"18126",""
"18127","-99"
"18128","Étudiant"
"18129","Retired"
"18130","concepteur web"
"18131","translator"
"18132",""
"18133",""
"18134",""
"18135","manager"
"18136","-99"
"18137","office worker"
"18138","Accountant"
"18139",""
"18140","Infirmiere"
"18141","homemaker"
"18142",""
"18143","Travailleuse temps plein"
"18144",""
"18145","Early childhood educator"
"18146","Femme au foyer"
"18147",""
"18148","homemaker"
"18149","Analyst"
"18150","Student"
"18151","Retail Sales"
"18152","Manager in social services"
"18153","consultant"
"18154","Janitorial services"
"18155",""
"18156","clerical"
"18157","Directrice école primaire"
"18158","Student"
"18159",""
"18160","Homemaker"
"18161",""
"18162","Chef projets"
"18163","Software developer"
"18164","Manufacturing"
"18165","Consultant"
"18166","Registered nurse, and small business operator"
"18167","Commerçant"
"18168","Cleaning service"
"18169",""
"18170","machine operator"
"18171","-99"
"18172",""
"18173",""
"18174","Accountant"
"18175","intervieure"
"18176",""
"18177","upper management"
"18178",""
"18179","Student"
"18180","Accountant"
"18181","-99"
"18182","student"
"18183",""
"18184",""
"18185",""
"18186","-99"
"18187","administrative"
"18188","Student"
"18189","Housewife"
"18190","Administration"
"18191","-99"
"18192",""
"18193",""
"18194","Nurse"
"18195","fundraiser trainer"
"18196","electrician"
"18197","Sales Support"
"18198","Mother"
"18199","Industrial Sales"
"18200",""
"18201",""
"18202","student"
"18203",""
"18204","Management"
"18205","Self employed"
"18206",""
"18207","Logistics"
"18208","Étudiante"
"18209",""
"18210",""
"18211","Educator"
"18212","Homemaker"
"18213","Gestionnaire de projets"
"18214",""
"18215","Engineer"
"18216","computer it"
"18217","Étudiant"
"18218","Admin/management"
"18219","Préposé aux communications d'urgence"
"18220",""
"18221","quality assurance"
"18222","-99"
"18223","responsable approvisionnement et service au gouvernement fédéral"
"18224",""
"18225","Office Clerk"
"18226","Security"
"18227","Freelance"
"18228","Technicien en informatique"
"18229",""
"18230",""
"18231","educator"
"18232","Arpenteur"
"18233","vendeuse"
"18234","Accounts Payable"
"18235",""
"18236",""
"18237","-99"
"18238","Technicienne"
"18239","Infirmière"
"18240",""
"18241","-99"
"18242","Retail sales"
"18243","Electronics Technician"
"18244","student"
"18245","Retired"
"18246","-99"
"18247",""
"18248","Student"
"18249","Bookkeeper"
"18250",""
"18251","Retired Utility Telecontrol Tech/Construction Officer"
"18252","accountant"
"18253","Market Research Interviewer"
"18254","Enseignant"
"18255","project manager"
"18256",""
"18257","-99"
"18258","-99"
"18259","business owner"
"18260","-99"
"18261","Business Owner"
"18262","Manager Consumer Affairs"
"18263",""
"18264",""
"18265",""
"18266",""
"18267","Secretary, clerk, receptionist"
"18268","Legal secretary"
"18269",""
"18270",""
"18271","Secrétaire de direction"
"18272","self employed"
"18273","retired"
"18274","Federal Employee"
"18275",""
"18276",""
"18277","Étudiante"
"18278",""
"18279","cashier"
"18280","-99"
"18281",""
"18282","Job"
"18283",""
"18284","Retired"
"18285",""
"18286","Étudiant"
"18287","driver"
"18288",""
"18289",""
"18290","Nurse"
"18291","Insurance Agent"
"18292",""
"18293","Chef de division"
"18294","Nurse"
"18295","Dentist"
"18296",""
"18297","Cook"
"18298",""
"18299","Invalidité"
"18300",""
"18301",""
"18302",""
"18303",""
"18304","retraité"
"18305","comptable professionnel agréé associé dans une firme comptable"
"18306","government"
"18307","Accountant"
"18308","government executive"
"18309","Chef"
"18310",""
"18311","Fonctionnaire"
"18312","Étudiante"
"18313",""
"18314",""
"18315","Executive manager"
"18316","Employed full-time"
"18317","Bus driver"
"18318","Project Manager"
"18319",""
"18320","behaviour therapist"
"18321",""
"18322","Clerical"
"18323","Early childhood educator"
"18324","Secrétaire temps partiel"
"18325","Bvg"
"18326","QA Consultant IT"
"18327","Clientele"
"18328","Fonctionnaire"
"18329","Administrative assistant"
"18330","Freelance designer"
"18331","educational consultant"
"18332",""
"18333",""
"18334","Nurse"
"18335","-99"
"18336","SENIOR HEALTH CARE"
"18337","Banking"
"18338","Lab technician"
"18339",""
"18340","-99"
"18341","Student"
"18342","-99"
"18343",""
"18344",""
"18345","Healthcare"
"18346","Teaching Assistant"
"18347","Industrial Electrician"
"18348","Vet tech"
"18349",""
"18350","-99"
"18351","Commis"
"18352",""
"18353","Zootherapeute"
"18354","Work full time"
"18355","technician"
"18356","Medical leave"
"18357","Student"
"18358","-99"
"18359","-99"
"18360",""
"18361","Retired"
"18362","-99"
"18363",""
"18364","Customer Care Triager"
"18365","Teacher"
"18366","-99"
"18367","Firefighter"
"18368","manager"
"18369","Business owner"
"18370","teacher"
"18371","XRAY tech"
"18372","fonctionnaire"
"18373","warehouseman"
"18374","Ventes"
"18375","secrétaire"
"18376",""
"18377","Technicienne comptable"
"18378","self-employed"
"18379",""
"18380","student"
"18381","Sales consultant"
"18382","retired"
"18383","-99"
"18384","millwright"
"18385",""
"18386","-99"
"18387","Ingénieur telecom"
"18388",""
"18389","TEACHING"
"18390","Customer service"
"18391","Sales associate"
"18392","Business owner"
"18393",""
"18394","interviewer"
"18395",""
"18396","Designer"
"18397","Accountant"
"18398","director of communications"
"18399",""
"18400","processing geophysicist"
"18401","opérateur"
"18402","Telecom manager"
"18403","Administrative Assistant"
"18404","Doctor"
"18405",""
"18406","Insurance Professional"
"18407","renovations"
"18408","retail"
"18409","Admin"
"18410",""
"18411","Spécialiste en marketing"
"18412","-99"
"18413","Policier"
"18414","Real estate consultant"
"18415",""
"18416","General manager"
"18417","law student"
"18418",""
"18419",""
"18420","-99"
"18421",""
"18422","graphic designer"
"18423","Adm. Assistant"
"18424",""
"18425","skilled worker"
"18426",""
"18427","Agente de bureau"
"18428","Team Leader"
"18429","-99"
"18430","Homemaker"
"18431","journalière"
"18432",""
"18433","Controller"
"18434","Administrative assistant"
"18435","Infirmier clinicien"
"18436","office clerk"
"18437","student"
"18438",""
"18439",""
"18440","category manager"
"18441","TRUCK DRIVER"
"18442",""
"18443","Consultant"
"18444","Associer"
"18445","Office Administrator"
"18446","Retail"
"18447","accountant"
"18448","Manager"
"18449",""
"18450","Planner"
"18451","Gestionnaire fonction publique"
"18452",""
"18453","self employed General Maintenance Technician"
"18454","-99"
"18455","Supervisor"
"18456","En congé de maternité"
"18457","Quality Control Inspector"
"18458",""
"18459","-99"
"18460",""
"18461",""
"18462",""
"18463","Public servant"
"18464",""
"18465","Lecturer"
"18466","Public health"
"18467",""
"18468",""
"18469","Administration"
"18470",""
"18471",""
"18472","-99"
"18473","Directrice de comptes - marketing"
"18474",""
"18475","teacher"
"18476","Enseignante"
"18477",""
"18478",""
"18479",""
"18480","-99"
"18481",""
"18482","Bookkeeper"
"18483","étudiante"
"18484","Secretary"
"18485","Railroad Engineer"
"18486","Registered Nurse"
"18487",""
"18488","Étudiant"
"18489","business owner"
"18490","-99"
"18491","Management"
"18492","Resource Coordinator Social Services"
"18493","-99"
"18494",""
"18495","Secretaire"
"18496",""
"18497",""
"18498",""
"18499",""
"18500",""
"18501","Auditor"
"18502",""
"18503","Santé"
"18504","-99"
"18505","Finance/Accounting"
"18506","-99"
"18507","Directeur"
"18508",""
"18509","Human Resources"
"18510",""
"18511","teacher"
"18512","Administrative Assistant"
"18513","Commis d'unitee"
"18514","broker"
"18515","Travailleur autonome"
"18516",""
"18517","Supervisor"
"18518","Engineer"
"18519",""
"18520",""
"18521","Accountant"
"18522","None"
"18523","worker"
"18524","Infirmière gestionnaire"
"18525","Sales"
"18526","Manager"
"18527","Planification universitaire"
"18528","Student"
"18529","-99"
"18530",""
"18531","Invalidité"
"18532","Conseiller en voyages"
"18533","administrative"
"18534",""
"18535","Gestion"
"18536","secretarial"
"18537","Bus Driver"
"18538","-99"
"18539",""
"18540",""
"18541","Sales"
"18542","-99"
"18543","lawyer"
"18544",""
"18545","Military"
"18546","enseignante primaire pré-scolaire"
"18547","-99"
"18548",""
"18549",""
"18550",""
"18551","Social worker"
"18552","Enseignante"
"18553","Policier"
"18554",""
"18555",""
"18556",""
"18557","Clerk"
"18558","IT"
"18559","Service manager of national company"
"18560","University teacher"
"18561","Manager"
"18562",""
"18563","student"
"18564","-99"
"18565","Relations de travail"
"18566","Postal worker"
"18567","travailleur autonome"
"18568","RETRAITEE"
"18569","Expert immobilier"
"18570",""
"18571",""
"18572","Teacher"
"18573","gestionnaire"
"18574","Manager"
"18575","coufrtier"
"18576","Office Administrator"
"18577","technical"
"18578",""
"18579","Retired- registered nurse"
"18580","fonctionnaire"
"18581","-99"
"18582","gerante de restaurant"
"18583","Wholesale"
"18584","technical writer"
"18585",""
"18586","Business owner"
"18587","Consultant"
"18588","nothing"
"18589","Clerical"
"18590","Software Engineer"
"18591","-99"
"18592","Investigator"
"18593","Associate"
"18594",""
"18595","Intern -Therapist"
"18596",""
"18597",""
"18598","Retired"
"18599","Welder"
"18600","Student"
"18601",""
"18602","homemaker"
"18603","infirmiere"
"18604",""
"18605","fitness"
"18606","Sales and contracts specialist"
"18607","Manages retail sales"
"18608","Ford employee"
"18609","Lawyer"
"18610","Special education"
"18611","-99"
"18612","Conseillère principale relations travail"
"18613",""
"18614","-99"
"18615",""
"18616","Pilote de ligne"
"18617","At home mommy!"
"18618","financial advisor"
"18619","none"
"18620","Server"
"18621","Chercheur"
"18622","-99"
"18623",""
"18624",""
"18625",""
"18626",""
"18627","Supervisor Constuction"
"18628",""
"18629","Technicienne en comptabilité"
"18630",""
"18631",""
"18632","Administrative"
"18633",""
"18634",""
"18635","education"
"18636","Nurse"
"18637","Researcher"
"18638","Home maker"
"18639","femme au foyer"
"18640","Manque argent"
"18641","-99"
"18642",""
"18643","-99"
"18644","artist, ballet teacher"
"18645","Health Inspector"
"18646","Enquêteur"
"18647","Federal executive"
"18648","Teacher"
"18649","ISD"
"18650","Advertising"
"18651",""
"18652","homemaker"
"18653","nurse"
"18654",""
"18655","-99"
"18656","Enseignante"
"18657","banking"
"18658",""
"18659","technicien"
"18660","Reseacher"
"18661",""
"18662","Conducteur de train"
"18663","infirmière clinicienne"
"18664","Casino Manager"
"18665","-99"
"18666","Manager"
"18667","-99"
"18668",""
"18669","Handicapée"
"18670",""
"18671",""
"18672","Webmaster, journaliste"
"18673",""
"18674","farmer"
"18675","Teacher"
"18676",""
"18677","Manager"
"18678","manual labor"
"18679","-99"
"18680",""
"18681","Directeur achats"
"18682",""
"18683","Manager"
"18684",""
"18685","Hotel Event Manager"
"18686",""
"18687","Biblothécaire"
"18688","Supervisor food department in store"
"18689","customer service"
"18690","sales associate"
"18691",""
"18692","Sales Representative"
"18693","Trainer"
"18694",""
"18695",""
"18696","CA"
"18697",""
"18698","Legal Assistant"
"18699","consultant"
"18700","Food manufacturing"
"18701","Administration"
"18702",""
"18703",""
"18704","analyst"
"18705","Hospitality"
"18706",""
"18707","Teacher"
"18708","Janitor"
"18709","Law Clerk"
"18710",""
"18711","Server"
"18712","Learning Advisor"
"18713","Air Traffic Controller"
"18714",""
"18715",""
"18716","immigration officer"
"18717",""
"18718",""
"18719","-99"
"18720","Counselor"
"18721","entretien menager"
"18722","office"
"18723","lab technician"
"18724","Secretary"
"18725","n/a"
"18726",""
"18727","general worker"
"18728","sans emploi"
"18729","Aide alimentaire"
"18730",""
"18731",""
"18732","Musician"
"18733","Ski Area Manager"
"18734",""
"18735","Government"
"18736","insurance"
"18737","School Liaison Facilitator"
"18738",""
"18739","Delivery driver"
"18740","sales"
"18741",""
"18742","-99"
"18743","Customer service"
"18744",""
"18745","-99"
"18746","enseignante"
"18747",""
"18748",""
"18749","Ccw"
"18750","Paralegal"
"18751","Analyst"
"18752","directeur"
"18753","Enseignant au collégial"
"18754","IT Support"
"18755","Management"
"18756",""
"18757","Traductrice"
"18758","RCMP"
"18759","Freelancer"
"18760","Salarié à temps plein"
"18761","SECRETARY"
"18762","Magasinier"
"18763","-99"
"18764","Agent de recouvrement"
"18765","Computer Programmer/Analyst"
"18766","Customer Service Agent"
"18767",""
"18768",""
"18769","House cleaner"
"18770","Educator"
"18771","-99"
"18772",""
"18773",""
"18774",""
"18775",""
"18776","Retired"
"18777","Registered Nurse"
"18778","adjointe"
"18779","Directeur général d'une ville"
"18780","Business owner"
"18781","Employé temps plein"
"18782","Procurement Officer"
"18783","health care"
"18784","executive administative assistant"
"18785","Sales manager"
"18786",""
"18787","Financial Analyst"
"18788","Étudiante"
"18789","Teacher"
"18790",""
"18791","Homemaker"
"18792","-99"
"18793",""
"18794","-99"
"18795","Project Manager"
"18796",""
"18797","retraité"
"18798","-99"
"18799",""
"18800",""
"18801",""
"18802","service  rep"
"18803","Military"
"18804","-99"
"18805","urbaniste"
"18806",""
"18807","-99"
"18808","Agent - SAT Department"
"18809",""
"18810",""
"18811","Agent d'assurances"
"18812","Homemaker"
"18813","early childhood educator"
"18814",""
"18815",""
"18816","Personal Support Worker"
"18817","home renovations, Construction"
"18818","Accounting"
"18819","Accompagnateur de groupes"
"18820",""
"18821","financial advisor"
"18822","Architect"
"18823","-99"
"18824",""
"18825","Travailleur"
"18826","-99"
"18827",""
"18828","informaticien"
"18829",""
"18830","Program Manager, Group Facilitator"
"18831","comptabilité"
"18832",""
"18833","Self employed"
"18834",""
"18835","Computer Programmer Analyst"
"18836","Banker"
"18837","retraitée"
"18838","Québec"
"18839","-99"
"18840",""
"18841",""
"18842",""
"18843","employée de bureau"
"18844",""
"18845","Landscaper"
"18846","Professor"
"18847","Accountant"
"18848",""
"18849","-99"
"18850","Full Time HomeMaker"
"18851",""
"18852","consultant"
"18853","Nurse"
"18854","IT"
"18855","-99"
"18856","Clerk"
"18857",""
"18858","regulatory"
"18859","manager"
"18860",""
"18861",""
"18862",""
"18863","Directeur du marketing"
"18864","Power engineer"
"18865","Health care"
"18866",""
"18867",""
"18868","-99"
"18869",""
"18870","Line cook"
"18871","military"
"18872","Exec. Dir -Org."
"18873",""
"18874",""
"18875","IT"
"18876",""
"18877","manual labor"
"18878","Agente administrative"
"18879",""
"18880",""
"18881","SALES MANAGER"
"18882","Public servant"
"18883","-99"
"18884","Retired"
"18885","-99"
"18886","Service à la clientèle"
"18887","Dispatch/Warehouse"
"18888","Heavy Duty Cleaner"
"18889","Unemployed"
"18890","Construction"
"18891","RN"
"18892","Home Nurse"
"18893","Psw"
"18894",""
"18895","Enseignante (Psychoéducatrice de formation)"
"18896","Merchandise"
"18897","comptable"
"18898",""
"18899","-99"
"18900","Finance clerk"
"18901","-99"
"18902","IT specialist"
"18903",""
"18904","-99"
"18905","Computer tech"
"18906","Employée temps plein"
"18907","License Practical Nurse"
"18908","dental assistant"
"18909",""
"18910","Web Dev"
"18911",""
"18912","Social Worker"
"18913",""
"18914","-99"
"18915","Directeur de secteur"
"18916","Teaching"
"18917",""
"18918","Engineer"
"18919","-99"
"18920","analyst"
"18921","-99"
"18922","Directeur général"
"18923","Chômage"
"18924",""
"18925","Merchandiser"
"18926",""
"18927",""
"18928",""
"18929",""
"18930","IT Support"
"18931",""
"18932","Surveillance"
"18933","Mining surface"
"18934","Avocat et enseignant"
"18935","It"
"18936","Marketing Executive"
"18937","Agente administrative"
"18938","Policy Analyst"
"18939",""
"18940","Accountant"
"18941","home maker"
"18942","Pharmacist"
"18943",""
"18944",""
"18945","Coo"
"18946",""
"18947","nothing"
"18948","Poste Canada technicien"
"18949",""
"18950","Accountant"
"18951","programmeur"
"18952","Employé à temps plein"
"18953","mechanics"
"18954","Corporate Consultant"
"18955","ACCOUNTANT"
"18956",""
"18957",""
"18958","-99"
"18959",""
"18960","Photo Editor"
"18961",""
"18962",""
"18963",""
"18964","retraitée"
"18965","Editor"
"18966","-99"
"18967","-99"
"18968","Senior management"
"18969",""
"18970","Adjointe administrative"
"18971","enseignement"
"18972","Consultant in public relations"
"18973","Army Officer"
"18974","Directrice des ressources humaines"
"18975",""
"18976",""
"18977","library"
"18978","vendeur"
"18979","Unemployed"
"18980","-99"
"18981","-99"
"18982",""
"18983","-99"
"18984",""
"18985","Student"
"18986","-99"
"18987",""
"18988",""
"18989","retraité"
"18990","-99"
"18991","Receptionist"
"18992","superviseure"
"18993","Education"
"18994",""
"18995",""
"18996",""
"18997",""
"18998","Civil engineer"
"18999",""
"19000","-99"
"19001","-99"
"19002","Paramédic"
"19003","Employé à temps plein"
"19004","Real Estate management"
"19005",""
"19006","Teacher"
"19007",""
"19008","-99"
"19009","animal rescue"
"19010","informatique"
"19011","-99"
"19012",""
"19013","Engineer"
"19014",""
"19015","Pharmacy assistant"
"19016","Muséologue"
"19017",""
"19018",""
"19019","educator"
"19020","-99"
"19021",""
"19022","cariste"
"19023",""
"19024",""
"19025","Geophysicist"
"19026","artisane brodeuse"
"19027","Avocat"
"19028","Mechanic"
"19029","Banker"
"19030",""
"19031",""
"19032","-99"
"19033","BUSINESS OWNER"
"19034",""
"19035","Customer Service"
"19036","Manager"
"19037","Intake Officer"
"19038","-99"
"19039","Physician"
"19040","Retired"
"19041",""
"19042",""
"19043","Security guard"
"19044","Shipping"
"19045","Caretaker"
"19046",""
"19047","Homemaker"
"19048",""
"19049","technicien"
"19050","retired"
"19051","-99"
"19052","student"
"19053",""
"19054","préposé aux bénéficiaires"
"19055","Judicial assistant"
"19056","Software developer"
"19057","Retired"
"19058","INGÉNIEUR"
"19059","retraité"
"19060","Customer service"
"19061","-99"
"19062","Lutheran Pastor"
"19063","employé manuel"
"19064","Social Worker"
"19065",""
"19066","Mechanic"
"19067","Graphic Designer"
"19068","Business consultant"
"19069","Retired"
"19070","Business Manager"
"19071",""
"19072","agente service au membre (Desjardins)"
"19073","Policy analyst"
"19074","-99"
"19075","customer service"
"19076","Sans emploi"
"19077","labour"
"19078","Physiotherapist"
"19079","teacher"
"19080",""
"19081","Financial analyst"
"19082","-99"
"19083","-99"
"19084",""
"19085","-99"
"19086","Facteur"
"19087",""
"19088",""
"19089",""
"19090","clerical"
"19091","Sales"
"19092","President"
"19093","Conseillère aux ressources humaines"
"19094",""
"19095","Technicienne administrative"
"19096","-99"
"19097","Grocery clerk"
"19098","-99"
"19099","technicien"
"19100",""
"19101","Conseillère en communication"
"19102","business owner"
"19103",""
"19104","manager in educational/health"
"19105",""
"19106",""
"19107","Commercial financing"
"19108","Teacher"
"19109","Etsy shop owner"
"19110",""
"19111","office work"
"19112","Software designer"
"19113","camionneur"
"19114",""
"19115",""
"19116",""
"19117","Plumbing sales"
"19118","Administrative"
"19119",""
"19120","Gestionnaire RH"
"19121","preposé hygiene et salubrité"
"19122","Travel Agent"
"19123",""
"19124",""
"19125","Admin assistant with Bell Canada"
"19126","CNR"
"19127","Data Clerk"
"19128","Admin"
"19129","directrice generale"
"19130",""
"19131","-99"
"19132","Business analyst"
"19133",""
"19134","Accounting"
"19135","Business owner"
"19136","Small business owner"
"19137","Small Business management"
"19138",""
"19139",""
"19140",""
"19141",""
"19142",""
"19143","Sales person"
"19144","-99"
"19145","Propriétaire d'une boutique de jouets"
"19146",""
"19147","-99"
"19148",""
"19149","Enseignant"
"19150","-99"
"19151","Agente services financieres"
"19152",""
"19153","Consultant"
"19154","-99"
"19155",""
"19156","Phd student"
"19157","Admin"
"19158","Retired RN"
"19159","Unemployed"
"19160","secretary"
"19161",""
"19162","child care"
"19163",""
"19164",""
"19165","admin assistant"
"19166","Teacher"
"19167","Agent décisionnel"
"19168","-99"
"19169","Science Research tech."
"19170","IT Support"
"19171",""
"19172","-99"
"19173",""
"19174","-99"
"19175","Customer Service"
"19176","Concrete finisher"
"19177",""
"19178","Retired"
"19179","Administrateur"
"19180",""
"19181","Chimiste(professionnelle au gouvernement provincial)"
"19182","Writer"
"19183","Banker"
"19184",""
"19185","School support staff"
"19186","enseignant"
"19187","temps plein"
"19188","étudiante"
"19189","Développeur"
"19190","Office MAnager"
"19191","Midwife"
"19192","Logistics"
"19193","gestionnaire"
"19194","Driver"
"19195",""
"19196","Police Officer"
"19197","acute care aide"
"19198","Responsable de la conformité"
"19199","-99"
"19200",""
"19201","-99"
"19202","-99"
"19203","Sales"
"19204",""
"19205",""
"19206","-99"
"19207","teacher"
"19208",""
"19209","entrepreneur"
"19210","pab"
"19211",""
"19212","general worker"
"19213",""
"19214","Clerk"
"19215","Supervisor"
"19216","broker"
"19217",""
"19218","Quality assurance"
"19219","recouvrement"
"19220","Electronic technician"
"19221","human resorces in construction"
"19222",""
"19223","-99"
"19224","cuisinier chef"
"19225","Refinisher"
"19226",""
"19227","Civil servant"
"19228","Surveyer"
"19229","-99"
"19230","Employé"
"19231","golf course worker"
"19232","Student"
"19233",""
"19234","Travailleur autonome"
"19235","-99"
"19236","technician"
"19237","admin"
"19238","Comptable"
"19239",""
"19240","Tetail"
"19241",""
"19242","television producer"
"19243",""
"19244","TRAVAIL PARTIEL"
"19245","Post Office"
"19246",""
"19247","-99"
"19248",""
"19249","Engineer"
"19250","Inventory clerk"
"19251",""
"19252",""
"19253",""
"19254","Educational Services"
"19255","admin"
"19256","Researcher"
"19257","Technicienne en administration"
"19258","Business Analyst"
"19259","Administration"
"19260","Labourer"
"19261","Travailleur salarié"
"19262",""
"19263","Retraité"
"19264","gestionnaire"
"19265","Research Analyst"
"19266",""
"19267","Engineer"
"19268","Bellman"
"19269","Admissions Coordinator"
"19270","informaticien"
"19271","waiter"
"19272","Banquier"
"19273","retired"
"19274","druiver"
"19275","-99"
"19276",""
"19277","Emploi"
"19278",""
"19279","Insurance Broker"
"19280","purchasing"
"19281","Enseignant"
"19282","Consultant"
"19283","technician"
"19284","-99"
"19285","Mère a la maison"
"19286",""
"19287","Student"
"19288","customer service"
"19289","Pharmacist"
"19290",""
"19291",""
"19292","Transit operator"
"19293",""
"19294",""
"19295","administration"
"19296","Student"
"19297","Technicienne"
"19298",""
"19299",""
"19300","MARKETING"
"19301","Fonctionnaire municipal"
"19302",""
"19303","Mould designer"
"19304","retail"
"19305","Retired"
"19306","-99"
"19307","Secretary"
"19308","-99"
"19309","-99"
"19310","-99"
"19311",""
"19312",""
"19313","Enseignant"
"19314",""
"19315","Social Services Manager"
"19316",""
"19317","Banquier"
"19318","Infirmière auxiliaire"
"19319",""
"19320","adm"
"19321","Property Developer"
"19322","Financial advisor"
"19323","Paramedic"
"19324","Teacher"
"19325","student"
"19326",""
"19327",""
"19328","Artist"
"19329","-99"
"19330",""
"19331","Directrice de. Crédit"
"19332","-99"
"19333",""
"19334","disabled/retired"
"19335","-99"
"19336","Library Aide Volunteer"
"19337","Clerical/Administrative"
"19338","Truck driver"
"19339",""
"19340","sales"
"19341","Répartitrice"
"19342","Chauffeure de bus"
"19343",""
"19344",""
"19345","Dental assistant"
"19346",""
"19347","-99"
"19348","hotellerie"
"19349","Teacher"
"19350",""
"19351","Avocat"
"19352",""
"19353",""
"19354","planificateur financier"
"19355","self employed"
"19356","analyst"
"19357","-99"
"19358","-99"
"19359",""
"19360",""
"19361","Grant Analyst"
"19362","Manager"
"19363","-99"
"19364","grocery supervisor"
"19365","Teacher"
"19366","Retired"
"19367","Homemaker/stay at home parent"
"19368","Nurse"
"19369","Agente administrative"
"19370","Gestionnaire"
"19371","Police Officer"
"19372","Infirmier"
"19373","inspecteur en environnement"
"19374","Agent protocole"
"19375","customer service rep"
"19376","Représentante"
"19377","Owner manager"
"19378",""
"19379",""
"19380",""
"19381",""
"19382","Enseignante"
"19383","Fermier"
"19384","coordonnateur"
"19385","Directeur général"
"19386","driver"
"19387","letter carrier"
"19388",""
"19389","Social worker"
"19390",""
"19391","-99"
"19392",""
"19393","adjointe administrative"
"19394",""
"19395","TRUCK DRIVER"
"19396","-99"
"19397","Libraire"
"19398","-99"
"19399","Travailleur temps plein"
"19400",""
"19401","-99"
"19402","Enseignante en éducation physique au primaire"
"19403","-99"
"19404","-99"
"19405",""
"19406",""
"19407",""
"19408","-99"
"19409","occupational therapist"
"19410","Home maker and work part time in retail"
"19411","seasonal harvester/picker at a local farm"
"19412","Computer scientist"
"19413","framer and small business owner"
"19414","Congé maternité"
"19415","Directrice marketing"
"19416",""
"19417","General Maintenance Worker"
"19418","Social worker"
"19419",""
"19420",""
"19421","-99"
"19422",""
"19423","Employé temps plein"
"19424",""
"19425",""
"19426","."
"19427","-99"
"19428","Driver"
"19429","Letter carrier"
"19430","Executive assistant"
"19431","clerk"
"19432","-99"
"19433","Government"
"19434","Handy Man - Fixer"
"19435","Nurse"
"19436","Étudiant"
"19437","Ingénieur"
"19438","Étude et emploi"
"19439",""
"19440",""
"19441","Social Worker"
"19442",""
"19443","Lawyer"
"19444","Project Manager"
"19445","Machine operator"
"19446",""
"19447","Childcare provider"
"19448","retired"
"19449",""
"19450","CONTRACTOR"
"19451","MILITAIRE"
"19452","Adjoint"
"19453",""
"19454",""
"19455","-99"
"19456","-99"
"19457",""
"19458","desgner"
"19459","mechanic"
"19460",""
"19461","Fiscaliste"
"19462","Étudiant"
"19463","Registered nurse"
"19464","Surveillante aérienne"
"19465",""
"19466",""
"19467","engineer"
"19468","-99"
"19469","professional"
"19470","DEPARTMENT MANAGER"
"19471","-99"
"19472","IT Manager"
"19473","driver"
"19474",""
"19475","HVAC Engineer"
"19476","IT Professional"
"19477",""
"19478",""
"19479","Technicien en recherche"
"19480",""
"19481","Fundraiser"
"19482","Étudiant"
"19483",""
"19484","special education assistant"
"19485",""
"19486","accounting"
"19487",""
"19488","Éducateur en santé menntale"
"19489","cpp"
"19490","Secretaire de direction"
"19491","manager of a veterinary clinic"
"19492","Retired from Bell"
"19493",""
"19494","Foncitonnaite"
"19495","conseiller en gestion"
"19496",""
"19497","good"
"19498",""
"19499","Médical"
"19500","-99"
"19501","retired"
"19502","Foreman"
"19503","Client Service Specialist"
"19504","-99"
"19505",""
"19506","-99"
"19507",""
"19508","Administration"
"19509",""
"19510","retired"
"19511","army officer"
"19512",""
"19513","librarian"
"19514",""
"19515","Administration"
"19516","Realtor"
"19517","-99"
"19518","Retired"
"19519","teacher"
"19520","Trades"
"19521","Agent service client"
"19522","Financial Rep"
"19523","-99"
"19524","Sécurité"
"19525","educator"
"19526","Hospitality"
"19527","Parking cashier"
"19528","retired"
"19529","Retired"
"19530","education srvices"
"19531","Fonctionnaire federal"
"19532",""
"19533","Éducatrice Spécialisée"
"19534","HR"
"19535","Teacher"
"19536","Reg Nurse"
"19537",""
"19538","-99"
"19539","Finance"
"19540","Bookkeeper"
"19541",""
"19542","Student"
"19543",""
"19544",""
"19545","Caretaker"
"19546","ESL Teacher"
"19547",""
"19548","Custodian"
"19549",""
"19550","Military/Health Care"
"19551","homemaker"
"19552","Educator"
"19553","-99"
"19554",""
"19555","étudiante"
"19556","-99"
"19557","Laboratoryjne technolodist"
"19558",""
"19559",""
"19560",""
"19561","Accidenté du travail"
"19562",""
"19563",""
"19564","Disabled"
"19565","consultant"
"19566","Foreur"
"19567","-99"
"19568","Administrative"
"19569","T.V. reporter/anchor"
"19570","agriculteur"
"19571","Security Services"
"19572","facility manager"
"19573",""
"19574","Hr manager"
"19575",""
"19576","retraite"
"19577",""
"19578","Office Clerk"
"19579","Teacher"
"19580","Legal assistant"
"19581",""
"19582","Enseignante"
"19583",""
"19584","chauffeur"
"19585",""
"19586","Teacher"
"19587","retired"
"19588","travailleur"
"19589","Préposés aux bénéficiaires"
"19590",""
"19591","-99"
"19592","Civil Servant"
"19593","Ingénieur"
"19594","Dangerous Goods Specialist"
"19595","HR ADVISOR"
"19596","Hospital Clerk"
"19597","-99"
"19598","School psychologist"
"19599",""
"19600","Quality Assurance Manager - High Tech Industry"
"19601",""
"19602","Employé temps plein"
"19603",""
"19604","Dunno"
"19605","Landscaper"
"19606","Employé a temps plein"
"19607","teacher"
"19608","Computer tech"
"19609","administrative manager"
"19610","-99"
"19611",""
"19612","Unskilled labour"
"19613","Chiropractic receptionist"
"19614","accountant"
"19615","Machine shop worker"
"19616","retired"
"19617","Music"
"19618","Risk Manager"
"19619","Administrator"
"19620",""
"19621","Retraité"
"19622","AV coordinator"
"19623","Disabled"
"19624","j'étais Directeur Financier"
"19625","-99"
"19626",""
"19627","Operations"
"19628","Government"
"19629",""
"19630",""
"19631","Admin Assistant"
"19632","plumber"
"19633","Student"
"19634","IT Manager"
"19635",""
"19636","grocery store manager"
"19637","Conseiller vendeur"
"19638",""
"19639","General Manager of big box retailer"
"19640","retired"
"19641","infirmière"
"19642",""
"19643",""
"19644","-99"
"19645",""
"19646","Fast food manager"
"19647","Coordinator"
"19648","-99"
"19649",""
"19650","-99"
"19651","Homemaker"
"19652","-99"
"19653","Real estate sales"
"19654","Travailleur autonome"
"19655","administrative"
"19656","Student"
"19657","-99"
"19658",""
"19659","Director"
"19660","Librarian"
"19661",""
"19662","Student"
"19663",""
"19664",""
"19665",""
"19666",""
"19667","Casino dealer"
"19668","Associate"
"19669",""
"19670","Home health aid"
"19671","retired"
"19672","Ultrasound"
"19673","Directeur IT"
"19674",""
"19675",""
"19676",""
"19677",""
"19678","-99"
"19679","opp"
"19680","-99"
"19681",""
"19682","Transit operator"
"19683","Manager"
"19684",""
"19685","-99"
"19686","Engineer"
"19687",""
"19688","Student"
"19689","-99"
"19690",""
"19691","Agente administrative"
"19692","retired - former office clerical"
"19693","Manufacturing"
"19694","-99"
"19695","Financially abused and oppressed"
"19696","Sales marketing executive"
"19697","Machine Operator"
"19698",""
"19699","Telecommunications Planner"
"19700","Essw"
"19701","Meteorology"
"19702",""
"19703","kinesiologist"
"19704",""
"19705",""
"19706","Service c;lientèle"
"19707","tech"
"19708","(retraite) cultivateur"
"19709","Ajusteur de règlement d’assurance"
"19710","Manager"
"19711",""
"19712",""
"19713",""
"19714","Delivery Coordinator"
"19715","pilot"
"19716","-99"
"19717","Administration"
"19718","EXPÉDITEUR"
"19719",""
"19720",""
"19721","-99"
"19722","transit driver"
"19723","Library Technician"
"19724","VP Market Research"
"19725","Ingénieur au chômage"
"19726","retired"
"19727","-99"
"19728",""
"19729","administrateur public"
"19730","Transport"
"19731","Mechanical engineer"
"19732","Conseillère en gestion des ressources humaines"
"19733",""
"19734",""
"19735",""
"19736",""
"19737","Oul and gas"
"19738",""
"19739",""
"19740",""
"19741","Nurse"
"19742","Construction"
"19743","Assistante a la gestion de projets"
"19744","adjointe administrative"
"19745",""
"19746","retired"
"19747","Financial Advisor"
"19748","Travailleur temps plein fonction publique"
"19749",""
"19750","student"
"19751","Retraitée"
"19752","Executive"
"19753","Financial analyst"
"19754",""
"19755",""
"19756","-99"
"19757",""
"19758","petrolium technologist"
"19759",""
"19760","Travail à temps plein"
"19761",""
"19762","PDG"
"19763","forced-retired steel producer & heavy equipment operator"
"19764","government worker"
"19765","IT Manager"
"19766","-99"
"19767",""
"19768","Invalide/a la maison"
"19769",""
"19770","Manager"
"19771","-99"
"19772",""
"19773","security"
"19774",""
"19775","retired"
"19776","Directrice des relations gouvernementales"
"19777","Informaticien"
"19778","Safety inspection"
"19779",""
"19780","construction"
"19781","Education Consultant"
"19782","educator"
"19783",""
"19784","-99"
"19785","-99"
"19786","Conseillère aux ventes"
"19787","-99"
"19788","-99"
"19789","Conseiller gestion de patrimoine"
"19790","Manager"
"19791","-99"
"19792","Architect"
"19793",""
"19794","Accountant"
"19795","Organizational Development Consultant"
"19796","-99"
"19797","Secrétaire"
"19798","Homemaker"
"19799",""
"19800","office worker"
"19801","Surgeon"
"19802","Homemaker"
"19803","union rep"
"19804",""
"19805","Admin assistant"
"19806",""
"19807",""
"19808",""
"19809","Freelancer"
"19810","driver"
"19811","Teacher"
"19812",""
"19813",""
"19814",""
"19815",""
"19816",""
"19817","Sales administration"
"19818",""
"19819","Director of Sales"
"19820","Medical Lab Scientist"
"19821","Travailleur autonome"
"19822",""
"19823","Fonctionnaire"
"19824","Agente d’assurance"
"19825","Accountant"
"19826","foreman"
"19827",""
"19828","Disabled"
"19829","rédactrice et correctrice"
"19830","Technicienne en administration"
"19831",""
"19832","Clerical"
"19833","Clerical"
"19834","Marketing"
"19835","Director HR"
"19836","Airline employee"
"19837","Homemaker"
"19838","Teacher"
"19839","Proffesional"
"19840","travailleur autonome"
"19841","conseillère rh"
"19842","Travailleur à temps plein"
"19843",""
"19844","-99"
"19845",""
"19846",""
"19847","Engineer/Thermographer"
"19848","Welder"
"19849",""
"19850","admin."
"19851","Accounting"
"19852","recieving"
"19853","Bookkeeper"
"19854","Home maker"
"19855","-99"
"19856","Retrairé"
"19857",""
"19858","consultant re: Customs"
"19859","Manager"
"19860","Project Manager"
"19861","analyst"
"19862","Office Administrator"
"19863","Crisis Responder"
"19864","Business owner"
"19865","computer consulant"
"19866",""
"19867","office work"
"19868","Fonctionnaire"
"19869","Casting Associate"
"19870",""
"19871",""
"19872","Librarian"
"19873","Administration"
"19874","admin"
"19875","Education"
"19876","-99"
"19877","Éducatrice spécialisée"
"19878","Analyst"
"19879",""
"19880","Clerk"
"19881","Chemist"
"19882","Audit"
"19883",""
"19884","administrator"
"19885",""
"19886","Janitor"
"19887","informaticien"
"19888",""
"19889","manager"
"19890","Infirmière"
"19891","office"
"19892","-99"
"19893","Réseau de la santé"
"19894","Nurse"
"19895",""
"19896","Editor"
"19897",""
"19898","-99"
"19899","retired"
"19900",""
"19901",""
"19902","Government"
"19903","Comms"
"19904","Administrative assistant"
"19905",""
"19906",""
"19907",""
"19908","student"
"19909",""
"19910",""
"19911","parts"
"19912",""
"19913","Accountant"
"19914","Préfet"
"19915","cashier"
"19916","-99"
"19917","Lender"
"19918","COMMUNAUTAIRE"
"19919","Human Resources"
"19920","Certified Public Accountant"
"19921","Admin Assistant"
"19922","travel agent"
"19923","-99"
"19924",""
"19925","-99"
"19926","Administrative Assistant"
"19927",""
"19928","Sales / Owner"
"19929","Sales Rep"
"19930",""
"19931","student"
"19932","Registered Nurse"
"19933","Transportation"
"19934","-99"
"19935","teaching"
"19936",""
"19937","Consultant"
"19938","quality engineer"
"19939","Benefits officer"
"19940","Planner"
"19941","Occupational Therapist"
"19942","school counsellor"
"19943","Government employee"
"19944",""
"19945","teacher"
"19946","Gardien de sécurité"
"19947","Business owner"
"19948",""
"19949","-99"
"19950","Human Resource Manager"
"19951","Administration Clerk"
"19952",""
"19953",""
"19954",""
"19955",""
"19956","sales"
"19957",""
"19958",""
"19959","Enseignant"
"19960","Warehouse reciever"
"19961","Employé à temps plein"
"19962",""
"19963","secrétaire"
"19964","Real Estate Agent"
"19965","IT Manager"
"19966",""
"19967","convention planner"
"19968",""
"19969","Skills Translation Coordinator"
"19970","-99"
"19971","Customer service rep"
"19972","-99"
"19973","Secretary"
"19974","retail"
"19975","Office Administrator"
"19976",""
"19977",""
"19978","Accountant"
"19979","Automotive industry Technician"
"19980","HSE Manager"
"19981","real estate"
"19982","Law enforcement"
"19983","Property manager"
"19984",""
"19985","Mother"
"19986","office manager"
"19987",""
"19988","Employé à temps plein"
"19989","-99"
"19990","Clerical"
"19991",""
"19992","retraité et travail partiel"
"19993",""
"19994",""
"19995",""
"19996","Consultant"
"19997","Full-time student working part-time"
"19998","-99"
"19999","-99"
"20000","Engineer"
"20001",""
"20002","accountant"
"20003","Builder"
"20004","Student"
"20005","Educator"
"20006","informaticien"
"20007",""
"20008","recreationist"
"20009","-99"
"20010","Etudiant"
"20011","Civil Engineering"
"20012","Cadre UdeM"
"20013","militaire"
"20014","Secrétaire"
"20015","Administration"
"20016","Journalier"
"20017",""
"20018","Italian language instructor"
"20019","Ingénieur"
"20020","Librarian"
"20021","Gestionnaire"
"20022","Financial Advisor / Contact center support"
"20023","-99"
"20024",""
"20025",""
"20026","Ouvrier d’entretien"
"20027","Retraite"
"20028","-99"
"20029","Professional in education"
"20030","Draftsman"
"20031",""
"20032",""
"20033","Executive assistant"
"20034","Peace officer"
"20035","-99"
"20036",""
"20037","Government employee"
"20038","-99"
"20039","Etudiant"
"20040","Comptable"
"20041","Professionnel santé"
"20042","Sales"
"20043","Estimator"
"20044",""
"20045","Service clientèle"
"20046","gestionnaire"
"20047",""
"20048","PSE"
"20049","Vidéojournaliste retraité"
"20050","Office worker"
"20051",""
"20052",""
"20053","Travail temp plein"
"20054",""
"20055",""
"20056","Teacher"
"20057","-99"
"20058","secrétaire"
"20059","Event Planner / Property Manager"
"20060",""
"20061",""
"20062","dishwasher"
"20063","reporter"
"20064","Office manager"
"20065",""
"20066","Professeure de français"
"20067","Finance Analyst"
"20068","-99"
"20069","journalier"
"20070",""
"20071","Student"
"20072","Administration"
"20073","-99"
"20074","Gestionnaire"
"20075",""
"20076","Warehousing"
"20077","Cons Sup"
"20078","Professor/owner"
"20079","-99"
"20080","Receptioniste"
"20081",""
"20082","electrician"
"20083","student"
"20084",""
"20085","RN"
"20086","Inside sales"
"20087","Chargée de cours"
"20088","scientifique"
"20089",""
"20090",""
"20091",""
"20092","Emploi temps plein"
"20093","Financial Advisor"
"20094",""
"20095",""
"20096","Nurse"
"20097",""
"20098","transport service sales"
"20099","Enseignante"
"20100","Travailleur social"
"20101","Informaticien"
"20102",""
"20103","Professionnel travail de bureau"
"20104",""
"20105","Executive"
"20106","-99"
"20107","Senior Public Affairs Advisor"
"20108","Policy analyst"
"20109","travail autonome"
"20110","CsR"
"20111","Psychiatric Nurse"
"20112","associate"
"20113","Student"
"20114","retraite"
"20115","Warehouse Supervisor"
"20116","Infirmière"
"20117",""
"20118","Manufacturing"
"20119","Accounts Manager"
"20120",""
"20121","Law Clerk"
"20122","accounting"
"20123",""
"20124","Admistration"
"20125","Healthcare aide"
"20126",""
"20127","Marketing Manager"
"20128","Travail enseignement"
"20129","exec director home care"
"20130",""
"20131","Pension Officer at FSRA"
"20132","scientist"
"20133","systems analyst"
"20134","Engineer"
"20135","Insurance executive"
"20136","Music teacher"
"20137","Adaptation scolaire"
"20138",""
"20139","radiation therapist"
"20140","educator"
"20141",""
"20142",""
"20143","Admin"
"20144","Teacher"
"20145","Invalide"
"20146",""
"20147",""
"20148","Administrator"
"20149","-99"
"20150",""
"20151","French teacher"
"20152","Self - Employed"
"20153","Retired"
"20154","Organizer"
"20155","hotelier"
"20156","Student"
"20157",""
"20158","Teacher/Hairstylist"
"20159",""
"20160",""
"20161","Production Manager"
"20162","customer service"
"20163","Inspecteur douane"
"20164","auto/truck technician"
"20165",""
"20166",""
"20167",""
"20168",""
"20169","MGR"
"20170","-99"
"20171","analyste"
"20172","homemaker"
"20173","Businessman"
"20174","police constable"
"20175","fonctionnaire"
"20176",""
"20177","Réviseure linguistique"
"20178",""
"20179","superviseur des opérations"
"20180","professeur"
"20181","Television production"
"20182","Gardienne"
"20183","Trainer"
"20184","Communications and Matketing"
"20185","Student"
"20186","retired"
"20187","sales"
"20188",""
"20189","Police officer"
"20190","data engineer"
"20191","-99"
"20192",""
"20193","Student Currently, Retail previously"
"20194",""
"20195",""
"20196","professor"
"20197","ritired"
"20198","midwife"
"20199","Accountant"
"20200","Full Time"
"20201","Business owner"
"20202",""
"20203","welder"
"20204","Teacher"
"20205","Superintendent"
"20206","Caissière"
"20207","Retired"
"20208",""
"20209",""
"20210","Telephony"
"20211","Advisor"
"20212",""
"20213","mechanic"
"20214","construction"
"20215","-99"
"20216","Sales"
"20217","-99"
"20218",""
"20219",""
"20220",""
"20221","Legal assistant"
"20222","gestion entreprise"
"20223",""
"20224","travail"
"20225",""
"20226","-99"
"20227",""
"20228",""
"20229","Entrepreneur"
"20230",""
"20231","retired"
"20232",""
"20233",""
"20234","Accountant"
"20235","Clerical"
"20236","underwriter"
"20237","-99"
"20238","commis"
"20239","Owner/Partner"
"20240","agent de prévention sst"
"20241","Financial Service Manager"
"20242","HR construction"
"20243","Executive assistant"
"20244","-99"
"20245",""
"20246","Responsable de services environnementaux"
"20247","Retired"
"20248","gestionnaire"
"20249","Directrice habitation"
"20250","-99"
"20251","technicienne"
"20252","Gestionnaire"
"20253","economist"
"20254",""
"20255","Gestionnaire"
"20256","retail"
"20257","Adjointe administrative"
"20258","Chargé de projet"
"20259","Lawyer"
"20260","Social worker"
"20261","Security Guard"
"20262","Accounting Clerk"
"20263","Mariner"
"20264","-99"
"20265","Registered nurse"
"20266",""
"20267",""
"20268","Direction d’un établissement de restauration et résidence de tourisme"
"20269","Tech de la santé"
"20270",""
"20271",""
"20272","Clerical"
"20273","retail sales"
"20274","electrical engineering"
"20275",""
"20276","Informaticienne"
"20277",""
"20278",""
"20279","Business Analyst"
"20280","Retired."
"20281",""
"20282","homemaker"
"20283",""
"20284","famille d'accueil pour personnes handicapées"
"20285","Tech"
"20286","College Administrator"
"20287","Front end debpvelopment"
"20288","Teacher"
"20289","Home Inspector"
"20290",""
"20291",""
"20292","Gestionnaire"
"20293","INSURANCE"
"20294",""
"20295","-99"
"20296","-99"
"20297","Directeur administratif"
"20298",""
"20299","-99"
"20300","Electrician"
"20301",""
"20302",""
"20303","-99"
"20304","Letter csrrier"
"20305",""
"20306","MD"
"20307","graphiste"
"20308","agente indemnisation"
"20309",""
"20310","office worker"
"20311","Homemaker"
"20312",""
"20313","-99"
"20314","Project Manager"
"20315","SANS EMPLOI"
"20316","Director of Communications"
"20317",""
"20318","Clerical staff"
"20319",""
"20320",""
"20321","Payroll and Benefits Administrator"
"20322",""
"20323","Retired Nurse"
"20324","Stay at home mom"
"20325","Consultant"
"20326","manager"
"20327",""
"20328",""
"20329","Aircraft Maintenance Tech"
"20330","Esthetician"
"20331",""
"20332",""
"20333","Travail dans une épicerie temps llein"
"20334","-99"
"20335","Employée"
"20336","Gestionnaire"
"20337","Directeur d'un organisme communautaire"
"20338","Pharmacy Assistant"
"20339","Employé de bureau"
"20340",""
"20341","unemployed"
"20342",""
"20343",""
"20344","customer service agent"
"20345","infirmière"
"20346","Investor Relations"
"20347","Accountant"
"20348",""
"20349",""
"20350","Self employment"
"20351",""
"20352",""
"20353",""
"20354","Étudiant"
"20355","Preschool teacher"
"20356","Data entry"
"20357","manager"
"20358","Administrator"
"20359","Banker"
"20360","-99"
"20361","Fitter"
"20362","self employed landscaper/yard owrk"
"20363","Manager McDonalds"
"20364","Infirmière"
"20365","Conseillère en implantation service paie et rh"
"20366"," banker"
"20367","Sales"
"20368",""
"20369","CEO"
"20370",""
"20371","Technicienne en pain"
"20372","clinical neuro psychologist"
"20373","Secretary and cashier"
"20374","Musician"
"20375","student support worker"
"20376","chargé de projet"
"20377","HR"
"20378",""
"20379",""
"20380","retired"
"20381",""
"20382",""
"20383",""
"20384","retired/ disabled"
"20385","none"
"20386","consultant"
"20387",""
"20388","Architect"
"20389","Consultant"
"20390","-99"
"20391","Nurse"
"20392","Technologue"
"20393",""
"20394",""
"20395","Student"
"20396",""
"20397","Technology Manager"
"20398",""
"20399",""
"20400","Mental health worker"
"20401","director"
"20402","garbage"
"20403","Boucher"
"20404","retraité"
"20405",""
"20406","IT professional"
"20407","-99"
"20408",""
"20409",""
"20410","federal public servant"
"20411","journalier"
"20412","IT software analyst"
"20413","Blacksmith"
"20414","-99"
"20415","healthcare"
"20416",""
"20417","-99"
"20418",""
"20419","Finance"
"20420","Artist"
"20421","-99"
"20422","Wastewater treatment operator"
"20423","Cleaner"
"20424",""
"20425","Préposée aux bénéficiaires"
"20426",""
"20427","Engineer"
"20428","Event Planner"
"20429","Government employee"
"20430","Massotherapeute"
"20431",""
"20432","Kinesiologist"
"20433",""
"20434",""
"20435","Teacher"
"20436","Pressier"
"20437","Agente administrative"
"20438","-99"
"20439",""
"20440",""
"20441","Home maker"
"20442","IT"
"20443",""
"20444","Analyst"
"20445","cariste"
"20446","employé"
"20447","Student. Grocery store employee."
"20448","Water well driller"
"20449",""
"20450","Financial Services"
"20451","educator"
"20452","Enseignant"
"20453","X-ray Technologist"
"20454",""
"20455","Manager"
"20456","retired"
"20457","Technician"
"20458",""
"20459","-99"
"20460",""
"20461",""
"20462","Manager"
"20463","Étudiante"
"20464","sales adviser"
"20465",""
"20466","Vétéran Retraiter médical"
"20467","Analyst"
"20468",""
"20469",""
"20470","Chef cuisinière"
"20471","PSW"
"20472","mecanicien"
"20473","Comptable"
"20474","retraitée"
"20475","Salesperson"
"20476","Credit and Finance"
"20477","commis de magasin"
"20478",""
"20479",""
"20480","Education Administration"
"20481",""
"20482","criminologist"
"20483","Physiothérapeute"
"20484","Childcare provider"
"20485","-99"
"20486","cuisiniere et service"
"20487",""
"20488","Human resources"
"20489","Financial Analyst"
"20490",""
"20491","Conducteur"
"20492","-99"
"20493",""
"20494","Health care"
"20495","Manager"
"20496","Retired"
"20497","Teacher"
"20498","Restaurateur"
"20499","Financial Analyst"
"20500","Avocat"
"20501","-99"
"20502",""
"20503",""
"20504","homemaker"
"20505","Étudiants"
"20506","Chief Financial Officer"
"20507","-99"
"20508","-99"
"20509","Administrative clerk"
"20510","Sales"
"20511",""
"20512","engineer"
"20513","Manager/ Accountant"
"20514","Sales Agent"
"20515",""
"20516","IT PM"
"20517",""
"20518","Screening officer"
"20519",""
"20520","-99"
"20521","Self-employed consultant"
"20522","caissière banque"
"20523","Directeure"
"20524","-99"
"20525","Waitress"
"20526",""
"20527","Executive"
"20528","Disabled"
"20529","travailleur"
"20530",""
"20531","Accountant"
"20532",""
"20533",""
"20534","Student right now"
"20535",""
"20536",""
"20537","-99"
"20538",""
"20539","-99"
"20540",""
"20541","Self-employed part-time"
"20542","-99"
"20543","Employée à temps plein"
"20544","Technicienne administrative"
"20545","office Admin"
"20546","Travailleur social"
"20547","Foster Parent"
"20548","Homemaker"
"20549",""
"20550",""
"20551","Care aide"
"20552",""
"20553","technician"
"20554","directeur établissement scolaire"
"20555","clerical/secretary-reception"
"20556",""
"20557",""
"20558","Retired"
"20559"," Contract manager"
"20560","Scientifique"
"20561","Ecart salarial"
"20562","-99"
"20563","System administrator"
"20564",""
"20565",""
"20566","Unemployed"
"20567","Clerk"
"20568","Security"
"20569","-99"
"20570",""
"20571","Engineer"
"20572",""
"20573",""
"20574","educator"
"20575","Accountant"
"20576","Coordo"
"20577","-99"
"20578",""
"20579","lab tech"
"20580","electrician"
"20581","Photographer"
"20582","conseillère principale en ressources humaines"
"20583",""
"20584","-99"
"20585","Analyst"
"20586",""
"20587","Administrator"
"20588","Imprimerie"
"20589",""
"20590","shipper"
"20591","Project Manager"
"20592","sales manager"
"20593",""
"20594",""
"20595","retired"
"20596","College teacher"
"20597","-99"
"20598","Technicienne en architecture"
"20599","etudiante"
"20600","ECE"
"20601","-99"
"20602",""
"20603",""
"20604","Homemaker"
"20605","Microscopist"
"20606",""
"20607","Social Worker"
"20608","Sustainability Consultant"
"20609","Leased operator"
"20610",""
"20611","avocat"
"20612","Représentante"
"20613","Employé temps plein"
"20614","Travail"
"20615","Cyber security"
"20616","Public Servant"
"20617","-99"
"20618",""
"20619","Homemaker"
"20620","Retail"
"20621","Instructor"
"20622","retired"
"20623","Urbaniste"
"20624","Research Analyst"
"20625","Analysts"
"20626","Administrator"
"20627","accounting"
"20628",""
"20629","-99"
"20630",""
"20631","-99"
"20632","chomage"
"20633",""
"20634",""
"20635","Finance"
"20636",""
"20637","Machine operators helper"
"20638","Healthcare director"
"20639","Civil service"
"20640","aircraft maintenance"
"20641","Retraite travail pharmacie"
"20642",""
"20643","Au foyer"
"20644",""
"20645","sales rep"
"20646","-99"
"20647","IT"
"20648","-99"
"20649","technicien"
"20650","Secrétaire"
"20651",""
"20652","-99"
"20653","Teacher"
"20654",""
"20655",""
"20656","office worker"
"20657","Food production operations manager"
"20658","customer service rep"
"20659",""
"20660",""
"20661",""
"20662","-99"
"20663",""
"20664","-99"
"20665",""
"20666","Maintenance"
"20667","Music teacher"
"20668","Service de garde en milieu famillial"
"20669",""
"20670",""
"20671","acheteur"
"20672",""
"20673","sales rep"
"20674",""
"20675","Retired"
"20676","RCMP civilian member"
"20677",""
"20678","Childcare supervisor"
"20679","Admin"
"20680","Customer service"
"20681",""
"20682","extruder operator"
"20683","Locksmith"
"20684","real estate development"
"20685","electrical"
"20686",""
"20687","Tax Advisor"
"20688",""
"20689","Public Servant"
"20690","Graphic Design"
"20691","Retired"
"20692","student"
"20693",""
"20694","Traductrice/enseignante"
"20695","Administrative Assistant"
"20696","Health educator"
"20697","Sous-ministre adjoint"
"20698","Civil servant for Federal Govt"
"20699","economist"
"20700",""
"20701","-99"
"20702","AP Admin"
"20703","Congé de maternité"
"20704","-99"
"20705","Accountant"
"20706","Psw"
"20707","Fonctionnaire"
"20708",""
"20709","communications/retail"
"20710",""
"20711",""
"20712","Electrician"
"20713","Enseignante"
"20714","Secondary Teacher"
"20715",""
"20716",""
"20717",""
"20718","Analysts"
"20719","Retraité"
"20720","Full Time Student"
"20721","Writer"
"20722","-99"
"20723",""
"20724","retail rep"
"20725","-99"
"20726",""
"20727","Banking"
"20728","photographe / caméraman"
"20729","Analyste"
"20730","admin"
"20731",""
"20732","Technicienne en ingenierie"
"20733","Machine Operator"
"20734","Small business owner"
"20735","Skilled Professional"
"20736","Professeur"
"20737","Psychoéducateur"
"20738","-99"
"20739","-99"
"20740","Professeur"
"20741","Travailleur"
"20742","Technicien"
"20743","Student"
"20744","Educator"
"20745","Professional"
"20746","-99"
"20747","-99"
"20748","Customer service"
"20749","Software engineer"
"20750",""
"20751",""
"20752","Director"
"20753",""
"20754",""
"20755",""
"20756","Electrician"
"20757",""
"20758","computer programmer"
"20759","Optician"
"20760","Cashier"
"20761","Au foyer"
"20762","retired"
"20763","-99"
"20764","Finance"
"20765","education"
"20766","sommelier"
"20767","Biosafety Officer"
"20768","fonctionnaire"
"20769","Customer service"
"20770","director"
"20771","Manager"
"20772",""
"20773","Professional Accountant"
"20774","retraiter"
"20775","Propriétaire d'entreprise"
"20776","Superviseur"
"20777","IT Specialist"
"20778","Bookkeeper"
"20779",""
"20780","Food service"
"20781",""
"20782","Étudiante"
"20783","Teacher"
"20784",""
"20785","-99"
"20786","Mechanic"
"20787","-99"
"20788","Education-Special Ed."
"20789","Merchandiser"
"20790","étudiante"
"20791","journaliet"
"20792","professor"
"20793",""
"20794","Accountant"
"20795","Travail de bureau"
"20796","Customer service"
"20797","Ade sociale incapacite severe"
"20798",""
"20799","Small business owner"
"20800","Concierge"
"20801",""
"20802","Sales Rep."
"20803",""
"20804","ENGINEER"
"20805","-99"
"20806","Student"
"20807","Teacher"
"20808",""
"20809","-99"
"20810","travail temps plein"
"20811",""
"20812","Retired"
"20813","Research"
"20814",""
"20815",""
"20816","CPA"
"20817","Chemist"
"20818",""
"20819","Manager"
"20820","-99"
"20821","Teacher"
"20822","Facteur"
"20823","Receptionist"
"20824","Banquier"
"20825",""
"20826","Manager"
"20827","Retired with small farm"
"20828",""
"20829","Dental Tech"
"20830","INCAPACITÉ À TRAVAILLER"
"20831","doctor"
"20832",""
"20833","Management"
"20834","Engineering"
"20835","farmer"
"20836","Registered Nurse"
"20837","insurance"
"20838",""
"20839",""
"20840","poet"
"20841","Technicien en documentation"
"20842","Préposer au bénéficiaire"
"20843","Estimator"
"20844","Cn rail information systems"
"20845",""
"20846","Teacher"
"20847","Student"
"20848","Technicienne de bureau"
"20849","Server"
"20850",""
"20851",""
"20852","Customer service representative trainor"
"20853","-99"
"20854","Secrétaire"
"20855","DBA / System Analyst"
"20856","Sales manager"
"20857","Disabled"
"20858","LPN"
"20859","Enseignement"
"20860","student"
"20861","accountant"
"20862","Temp partiel"
"20863",""
"20864","Computer analyst"
"20865","Chief Clerk"
"20866",""
"20867",""
"20868",""
"20869","accountant"
"20870","electrician"
"20871",""
"20872",""
"20873",""
"20874","-99"
"20875","Tim Hortons employee"
"20876","-99"
"20877","-99"
"20878","Adjointe administrative"
"20879","Healthcare assistant"
"20880","-99"
"20881","Employé"
"20882",""
"20883","military"
"20884","Government"
"20885","Researcher"
"20886","Technicien RF"
"20887","Homemaker"
"20888","Wholesale distributor"
"20889","Consultant"
"20890","accountant"
"20891",""
"20892","Telecommunications"
"20893","Account Analyst"
"20894","Homemaker"
"20895","-99"
"20896",""
"20897",""
"20898",""
"20899","Maud"
"20900",""
"20901","Middle Management"
"20902","Gouvernement fédéral"
"20903",""
"20904",""
"20905","Civil engineer"
"20906","Accountant"
"20907",""
"20908","Administrative"
"20909","Opérateur de machineries lourdes"
"20910","operateur"
"20911","Entretien ménager"
"20912","Employee"
"20913","Directrice magasin"
"20914",""
"20915","student"
"20916","real estate"
"20917","education admin"
"20918","Management position"
"20919","management"
"20920",""
"20921",""
"20922","-99"
"20923","Series Animation Director"
"20924","Oil & Gas"
"20925",""
"20926","éducatrice"
"20927","Directrice de Cpe"
"20928",""
"20929",""
"20930","Étudiante"
"20931",""
"20932","Maman à la maison"
"20933","Government Official"
"20934","Real estate broker"
"20935",""
"20936","Sales"
"20937","Teacher"
"20938","-99"
"20939","Lawyer"
"20940","Retraite"
"20941","correctional peace officer"
"20942","-99"
"20943","Nurse"
"20944","Travailleur à temps plein"
"20945","facteur"
"20946","-99"
"20947","full time caregiver to disabled daughter - homemaker"
"20948","supply chain"
"20949",""
"20950","executive assistant"
"20951",""
"20952","Coordinator"
"20953",""
"20954",""
"20955",""
"20956","Engineer"
"20957","Secretary"
"20958","Jsne"
"20959","Emploi"
"20960",""
"20961","Étudiante"
"20962","Travailleur autonome"
"20963","Unemployed"
"20964","-99"
"20965",""
"20966","Airline customer and service agent"
"20967","Représente service clientèle"
"20968","-99"
"20969","educator"
"20970","-99"
"20971","Public service"
"20972",""
"20973","Unemployed"
"20974","Client service administrator"
"20975",""
"20976","Self employed"
"20977","Senior advisor"
"20978",""
"20979","QA Deployment Manager"
"20980",""
"20981","College Instructor"
"20982","Retail"
"20983","Laborer"
"20984","Graphic Designer"
"20985","Infirmière clinicienne"
"20986",""
"20987",""
"20988","Etudiant temps plein et travailleur autonome temps partiel"
"20989",""
"20990",""
"20991","Representant"
"20992","office worker"
"20993","gestionnaire de comptes"
"20994",""
"20995","Enseignant"
"20996",""
"20997",""
"20998","property manager"
"20999",""
"21000","educator"
"21001","Banking"
"21002","Assistante en Service de garde"
"21003",""
"21004",""
"21005","banker"
"21006","Computer analyst"
"21007","Bank Manager"
"21008","-99"
"21009",""
"21010","Chief Executive Officer"
"21011",""
"21012",""
"21013","Social worker"
"21014","Retraite"
"21015","-99"
"21016","manager"
"21017",""
"21018","service a la clientèle"
"21019","Homemaker"
"21020","Analyst"
"21021","Comptable professionel agréé"
"21022",""
"21023","Physiothérapeute"
"21024","livreur"
"21025","Géomaticienne"
"21026","Technologiste médicale"
"21027","-99"
"21028","mécanicien"
"21029","Banker"
"21030","Property owner"
"21031",""
"21032","-99"
"21033","SSW"
"21034","Education"
"21035","Mechanic"
"21036","banker"
"21037",""
"21038","ECE"
"21039","-99"
"21040","Directrice service clientèle"
"21041","Admin"
"21042",""
"21043","Probation Officer"
"21044","Research scientist"
"21045",""
"21046","Unemployed"
"21047","commis-achat"
"21048","Courtier assurance"
"21049","Factory worker"
"21050","Humanresource"
"21051","health care senior management"
"21052","Social Services program supervisor"
"21053",""
"21054","Dietary Aide"
"21055","Senior manager"
"21056","Middle Management"
"21057","commis à la réception des marchandises"
"21058",""
"21059",""
"21060","clergy person"
"21061","Canadian Armed Forces"
"21062",""
"21063","Physiothérapeute"
"21064","Supervisor"
"21065",""
"21066","-99"
"21067","Salarié à temps plein"
"21068",""
"21069",""
"21070",". Mecanicien auto"
"21071","fonctionnaire"
"21072","-99"
"21073",""
"21074",""
"21075","-99"
"21076","Auteur, musicien, assureur, et +"
"21077","Caseworker"
"21078","electrician"
"21079","QA inspector and payroll"
"21080",""
"21081","Retraite"
"21082","customer service"
"21083","Principal of school"
"21084","Infirmier"
"21085","Temps plein"
"21086",""
"21087","Infirmiere"
"21088",""
"21089","Accounting"
"21090",""
"21091","Managerial"
"21092","Computer analyst"
"21093","Avionics technician"
"21094","Chauffeur"
"21095","Teacher"
"21096",""
"21097",""
"21098",""
"21099","Coordonnatrice de recherche"
"21100","Auditor"
"21101",""
"21102",""
"21103","économiste retraité"
"21104",""
"21105","Executive"
"21106","Monteur de ligne"
"21107","Registered nurse"
"21108",""
"21109",""
"21110","good"
"21111","Professor"
"21112",""
"21113",""
"21114","Consulting"
"21115","Sales management"
"21116",""
"21117","Administrator"
"21118",""
"21119",""
"21120",""
"21121",""
"21122","graphic artist, photographer, web designer"
"21123","Librarian"
"21124","administrative assistant"
"21125","Educator"
"21126",""
"21127","Retraitée"
"21128",""
"21129","lab tech, optical"
"21130","Regional business manager"
"21131","military"
"21132","-99"
"21133",""
"21134","directeur de comptes Entreprise"
"21135","Clerical"
"21136",""
"21137",""
"21138",""
"21139","étudiante"
"21140","Employe à templ plein"
"21141","-99"
"21142","Transportaion"
"21143","Fonctionnaire"
"21144","-99"
"21145","Fiscaliste"
"21146",""
"21147",""
"21148","Community Planner"
"21149","-99"
"21150",""
"21151","professeur"
"21152",""
"21153",""
"21154","Hr advisor"
"21155","Retail sales"
"21156",""
"21157","Superviseur"
"21158",""
"21159","-99"
"21160",""
"21161","Welder"
"21162","Teacher"
"21163",""
"21164","Management"
"21165",""
"21166","DISABILITY"
"21167",""
"21168",""
"21169","-99"
"21170","Directeur télécommunication"
"21171",""
"21172",""
"21173",""
"21174","Employé"
"21175","Retail"
"21176",""
"21177",""
"21178","CHARTERED ACCOUNTANT"
"21179",""
"21180","Administration"
"21181",""
"21182","-99"
"21183",""
"21184","Étudiante"
"21185",""
"21186",""
"21187",""
"21188",""
"21189","IT Solution Architect"
"21190","civil servant"
"21191","-99"
"21192","Freelance"
"21193",""
"21194","-99"
"21195","-99"
"21196","Service a la clientele"
"21197","Pianiste"
"21198","Legal secretary"
"21199","Pharmacist"
"21200","Therapist"
"21201","Research and development quality management"
"21202","Retired RN"
"21203","Senior consultant"
"21204",""
"21205","disabled"
"21206","Sales"
"21207",""
"21208",""
"21209","Marketing"
"21210","Professeur"
"21211","Admin"
"21212",""
"21213",""
"21214","Professional"
"21215",""
"21216","fonctionnaire"
"21217",""
"21218","Uvuvyftgjt"
"21219",""
"21220","-99"
"21221",""
"21222","Design"
"21223","management"
"21224","Carpenter"
"21225","physician"
"21226","Insurance broker"
"21227","-99"
"21228","retail"
"21229",""
"21230","IT Director"
"21231","etudiant"
"21232","Accountant"
"21233","Operations Coordinator"
"21234","Infirmière"
"21235","chercheure"
"21236","Inspection"
"21237",""
"21238",""
"21239","University Professor"
"21240","teacher"
"21241","Income tax analyst"
"21242","Equipment operator"
"21243",""
"21244","Computer Systems Analyst"
"21245","Programmeur"
"21246","Overnight fulfillment"
"21247","Bibliothécaire"
"21248","-99"
"21249","restaurant supervisor"
"21250",""
"21251",""
"21252","Travailleur autonome"
"21253","Retraité"
"21254","Secretary"
"21255","aide-bibliothécaire"
"21256","Uber driver"
"21257","IT Consultant"
"21258","Human resources"
"21259","Directrice des promotions et marketing en milieu radiophonique"
"21260","administrative assistant"
"21261",""
"21262","Gestionnaire"
"21263","Conseillère en risques opérationnels"
"21264","Peintre"
"21265",""
"21266",""
"21267","Études"
"21268","-99"
"21269","Business Manager High Tech"
"21270","informaticien"
"21271","Superviseur"
"21272","Enseignante"
"21273","Advocate"
"21274",""
"21275",""
"21276",""
"21277","Secrétaire"
"21278",""
"21279","Cadre au gouvernement"
"21280","Sorter logistics"
"21281","customer service"
"21282","Senior management"
"21283","-99"
"21284","Invalide"
"21285",""
"21286","-99"
"21287","-99"
"21288","-99"
"21289","-99"
"21290","-99"
"21291","Fonctionnaire"
"21292","Bookkeeper"
"21293","Executive"
"21294",""
"21295",""
"21296","-99"
"21297","Management Consultant"
"21298","Registered Nurse"
"21299","nursing"
"21300","Retired"
"21301","Self employed book keeper"
"21302","Administrator"
"21303","Accountant"
"21304","Icqa"
"21305","pharmacy technician"
"21306","Retraité"
"21307",""
"21308",""
"21309","student"
"21310","Educational Assistant"
"21311","-99"
"21312","Animator"
"21313",""
"21314","Unemployed"
"21315",""
"21316",""
"21317","Cook"
"21318","-99"
"21319","IT specialist"
"21320","Campground owner"
"21321","Retired"
"21322",""
"21323","Massothérapeute"
"21324","Post Master"
"21325","-99"
"21326","Bibliothécaire"
"21327","-99"
"21328","Underwriter"
"21329",""
"21330","Child care worker"
"21331","journalier"
"21332",""
"21333",""
"21334","-99"
"21335",""
"21336",""
"21337","Dessinateur industriel"
"21338","Restauration et hôtellerie"
"21339",""
"21340","Policière"
"21341","accompagnement"
"21342",""
"21343",""
"21344",""
"21345",""
"21346","acheteur informatique"
"21347",""
"21348","data warehouse developer"
"21349",""
"21350",""
"21351","-99"
"21352","-99"
"21353","Gestionnaire, cadre"
"21354",""
"21355","Teacher"
"21356",""
"21357",""
"21358","Youtubeuse"
"21359","travel agent"
"21360","General Contractor"
"21361","Student/ Teaching Assistant"
"21362","Unemployed"
"21363","Public service"
"21364","Blue collar"
"21365","Lettreur commercial"
"21366","Home maker"
"21367","mere a la maison"
"21368","healthcare"
"21369","SALES"
"21370","Technicienne agricole"
"21371","public servant"
"21372","agent d'administration"
"21373","Resource counselled in a junior high school"
"21374","Computer operator"
"21375","-99"
"21376","-99"
"21377","Retired"
"21378","-99"
"21379","Barista"
"21380","Administrative"
"21381",""
"21382","Operations manager"
"21383",""
"21384",""
"21385",""
"21386",""
"21387","Admin. Assistant"
"21388","Computer Programmer"
"21389","medical secretary"
"21390","Lab tech"
"21391","Receptionniste"
"21392","nothing"
"21393",""
"21394",""
"21395","directeur général"
"21396","Wtech"
"21397","COMMIS COMPTABLE"
"21398",""
"21399","Executive Assistant"
"21400","Teacher"
"21401","-99"
"21402","Services bancaires représentante"
"21403","Technologist"
"21404",""
"21405","Homemaker"
"21406","Électromécanicien"
"21407","Nurse"
"21408","homemaker"
"21409","Program Director"
"21410","En affaires"
"21411","Nurse practitioner"
"21412","Custodian"
"21413","IT"
"21414","-99"
"21415","Sales"
"21416","retired"
"21417","-99"
"21418","Finance"
"21419","Chauffeur"
"21420","-99"
"21421","Inhalotherapeute"
"21422","accountant"
"21423","analyste programmeur"
"21424","Student"
"21425","Technicien de service"
"21426",""
"21427","Civil Servant"
"21428",""
"21429","Fonctionnaire provincial"
"21430",""
"21431",""
"21432",""
"21433","cashier"
"21434",""
"21435",""
"21436","-99"
"21437",""
"21438","Travail"
"21439","retired"
"21440","Civil servant"
"21441","Directeur usine"
"21442","technitien"
"21443",""
"21444","Négociatrice"
"21445","Météorologiste"
"21446",""
"21447","Mechanic"
"21448",""
"21449","Accountant"
"21450",""
"21451","Retraiteé"
"21452","-99"
"21453","Homemaker"
"21454","Manager"
"21455",""
"21456",""
"21457","Team Lead"
"21458","LPN"
"21459",""
"21460",""
"21461","RN"
"21462","Don't know"
"21463","Community peace officer"
"21464","General handyman"
"21465","-99"
"21466",""
"21467","Business Owner"
"21468","education"
"21469","Mécanicien"
"21470","-99"
"21471","Technologue en électrophysiologies médicales"
"21472","librarian"
"21473","Accounting"
"21474","administration"
"21475","ECE"
"21476","Military"
"21477","-99"
"21478",""
"21479","librarian"
"21480","Electrician"
"21481","Programmer"
"21482","programmer"
"21483","Director"
"21484",""
"21485",""
"21486","teacher"
"21487","Student"
"21488","Manufacturing"
"21489","transportation director"
"21490",""
"21491",""
"21492",""
"21493","Militaire"
"21494","Pharmacist"
"21495","Entrepreneur"
"21496","admin"
"21497",""
"21498","Principal"
"21499","-99"
"21500","Teacher/retired"
"21501",""
"21502","Maman à la maison"
"21503","Nonprofit sector management"
"21504","Statistician"
"21505","-99"
"21506","Mechanic"
"21507","Strategic advisor"
"21508",""
"21509","Accountant"
"21510","Cadre supérieur direction générale"
"21511","IT"
"21512","ANALYST"
"21513","Travailleur a temps plein"
"21514","home support worker"
"21515",""
"21516","secretary"
"21517","-99"
"21518","Director IT/IS/MIS"
"21519","Travaille à temps plein"
"21520",""
"21521","Comptable"
"21522",""
"21523","Armed Forces"
"21524","Cashier"
"21525","Retraité"
"21526","research scientist"
"21527",""
"21528",""
"21529","-99"
"21530","Manager"
"21531","clerk for city department"
"21532",""
"21533",""
"21534",""
"21535","Commis"
"21536","Étudiante"
"21537","Firefighter"
"21538","Nursing"
"21539","Clerk"
"21540","HR Manager"
"21541","Accountant"
"21542",""
"21543","-99"
"21544",""
"21545","Chercheure"
"21546",""
"21547",""
"21548","aviseur"
"21549","-99"
"21550","vp communications"
"21551","educator"
"21552","community support worker"
"21553","Owner"
"21554","Early childhood educator"
"21555",""
"21556",""
"21557","Administration"
"21558","Employée"
"21559",""
"21560","CEO Financial Sevices"
"21561","Gestionnaire de projets informatiques"
"21562","-99"
"21563","-99"
"21564",""
"21565",""
"21566",""
"21567",""
"21568","Manager"
"21569","retrirer"
"21570",""
"21571","office manager"
"21572","AUTO MECHANIC"
"21573","-99"
"21574","Sales Manager"
"21575","Inapte a l’emploi temporaire"
"21576","Étudiant"
"21577","Bus driver"
"21578","property manager"
"21579","Accountant"
"21580",""
"21581","unemployed"
"21582","Information technology specialist"
"21583","Healthcare manager"
"21584","tech informatique"
"21585","Officier de navigation pour la Garde côtière canadienne - fonctionnaire fédéral"
"21586",""
"21587",""
"21588","Executive Assistant"
"21589",""
"21590","material handler"
"21591","entretien"
"21592","teacher"
"21593","Comptabilité"
"21594","Réflexions personnelles"
"21595",""
"21596",""
"21597","Engineering Designer"
"21598","-99"
"21599","météorologue"
"21600",""
"21601","Airline crew"
"21602","Public servant"
"21603",""
"21604","-99"
"21605",""
"21606","Security guard"
"21607","Security"
"21608","food delivery (cyclist)"
"21609","Technicien en administration"
"21610","Library technician"
"21611","Finance"
"21612",""
"21613","-99"
"21614","Emploi temps plein"
"21615","Retired"
"21616","Student"
"21617","étudiant"
"21618",""
"21619","Transportation"
"21620","conseillère en gestion"
"21621",""
"21622","Customer service"
"21623","Custodian"
"21624",""
"21625","commis de bureau"
"21626",""
"21627","-99"
"21628","MLT"
"21629","TRA"
"21630","retired"
"21631","Retraite et auparavant camionneur"
"21632",""
"21633","manager"
"21634","Prosecutor"
"21635","Aviation"
"21636","-99"
"21637","Analyste-Programmeur"
"21638","Agronome"
"21639","Landscaper"
"21640",""
"21641","Sales and Customer Service"
"21642",""
"21643","Retail clerk"
"21644","Chemist"
"21645",""
"21646","supervisor"
"21647","-99"
"21648",""
"21649","-99"
"21650",""
"21651","Nursing"
"21652",""
"21653","cleaner"
"21654",""
"21655","Payroll Administrator"
"21656","Management Consultant"
"21657",""
"21658","Vocational services"
"21659","educator"
"21660",""
"21661","geophysicist"
"21662","Management Consultant"
"21663","caseworker within court system"
"21664","Technologiste médicale"
"21665","Admin Asst"
"21666","-99"
"21667",""
"21668","Agent de communication"
"21669",""
"21670",""
"21671",""
"21672","Accountant"
"21673","conseillère en communication"
"21674","Homemaker"
"21675","-99"
"21676","etait aux communications avec le citoyen"
"21677","Environmental enforcement"
"21678","Opticienne"
"21679","-99"
"21680","Oilfield supply"
"21681","Teacher"
"21682","Purchasing Agent"
"21683","Retired"
"21684","Therapist"
"21685","Teacher"
"21686",""
"21687","employée professionnelle à temps plein"
"21688","Administration"
"21689","Maternity leave"
"21690","Étudiante"
"21691",""
"21692","student"
"21693","Financial Executive"
"21694","Student"
"21695",""
"21696",""
"21697","attachée de direction"
"21698","dog breeder"
"21699","-99"
"21700",""
"21701",""
"21702",""
"21703",""
"21704","Production Manager"
"21705","Nurse"
"21706",""
"21707",""
"21708","-99"
"21709","manuel worker"
"21710",""
"21711","land use planner"
"21712","Representant"
"21713","ingénieur"
"21714",""
"21715",""
"21716",""
"21717",""
"21718","Recreation Officer"
"21719",""
"21720",""
"21721","Operations"
"21722","transit operator"
"21723","Avocate"
"21724",""
"21725",""
"21726","employer"
"21727","-99"
"21728","directrice adjointe cpe"
"21729",""
"21730","civic employee"
"21731","Ingénieur forestier"
"21732",""
"21733","Teacher"
"21734",""
"21735",""
"21736","Administration"
"21737","Enseignant"
"21738","Postier"
"21739","Professor"
"21740","Chef"
"21741","traffic control"
"21742",""
"21743","Full time employee"
"21744","-99"
"21745","-99"
"21746",""
"21747","Network Marketing"
"21748","health promotion consultant"
"21749","-99"
"21750",""
"21751","office manager"
"21752","Business Owner"
"21753","-99"
"21754","-99"
"21755",""
"21756","-99"
"21757",""
"21758","sales"
"21759","Post master"
"21760","Urban Planner"
"21761",""
"21762",""
"21763","Corporate Video Production"
"21764","Office work"
"21765",""
"21766",""
"21767","government"
"21768","Management"
"21769",""
"21770",""
"21771","Account manager"
"21772","Retraite"
"21773",""
"21774","Architecte"
"21775","Laborer"
"21776","Pharmacy"
"21777",""
"21778","Hospital Clerk"
"21779","Purchaser"
"21780","-99"
"21781","environment tech"
"21782","Educational Assistant"
"21783",""
"21784",""
"21785","Labour manufacturing"
"21786","City Parks Landscaper"
"21787","AGENTE PRINCIPALE"
"21788","-99"
"21789",""
"21790","Education assistant"
"21791","system analyst"
"21792","Student"
"21793","Éducatrice"
"21794","Secrétaire"
"21795","-99"
"21796","Teacher"
"21797","Manager"
"21798","Project Manager"
"21799","Business sales"
"21800",""
"21801","préposé aux bénéficiaires"
"21802","-99"
"21803",""
"21804","-99"
"21805",""
"21806",""
"21807",""
"21808","shipper"
"21809","Law Enforcement"
"21810","Telecommunications"
"21811","Administrative"
"21812",""
"21813",""
"21814","Enseignante"
"21815","Homemaker"
"21816",""
"21817","Responsable de groupe"
"21818","Crown Prosecutor"
"21819","-99"
"21820","retired"
"21821","Educatrice"
"21822","Agent administratif"
"21823","Forklift operator"
"21824",""
"21825","Retired"
"21826","-99"
"21827","professeure de musique au privé"
"21828","gestionnaire services administratifs"
"21829","-99"
"21830","courtier en assurances"
"21831",""
"21832","Commis"
"21833",""
"21834","secretarial (executive)"
"21835","Gestionnaire"
"21836","Civil service"
"21837","Receptionist"
"21838","PROJECT MANAGEMENT"
"21839","analyste financier"
"21840","Labour relations specialist"
"21841",""
"21842","Adjoint direction"
"21843","-99"
"21844","medical laboratory technologist"
"21845","Administration"
"21846","Government"
"21847","Student"
"21848",""
"21849","Mathematical researcher"
"21850","Agent gestion de changement"
"21851","Cop"
"21852",""
"21853","Educator"
"21854","HR"
"21855","-99"
"21856","Manager Systems & Software"
"21857","-99"
"21858","Manager"
"21859","commerçante"
"21860","Admin supervisor"
"21861","-99"
"21862","consultant"
"21863","Administrative"
"21864","-99"
"21865","Engineer"
"21866",""
"21867",""
"21868","Client Service Representative"
"21869","customer service manager"
"21870",""
"21871","Gestionnaire"
"21872","Physiotherapist"
"21873","Postdoctoral Fellow"
"21874","Homemaker"
"21875","chauffeur"
"21876",""
"21877",""
"21878","CEO/ Partner"
"21879","-99"
"21880","agente administrative"
"21881",""
"21882",""
"21883","Telemarketing"
"21884",""
"21885","Actuary"
"21886","retraité"
"21887",""
"21888",""
"21889","Enseignant"
"21890","Clerical support"
"21891","-99"
"21892","Fonctionnaire"
"21893",""
"21894","-99"
"21895","Finisseuse de meubles"
"21896","-99"
"21897","insurance"
"21898","Housewife"
"21899",""
"21900","retraité"
"21901","contractor o/o"
"21902","-99"
"21903","Business owner"
"21904",""
"21905","Teacher"
"21906","teacher"
"21907","Développement territorial"
"21908",""
"21909","Agronomist"
"21910",""
"21911","Directeur général"
"21912","Financial Advisor"
"21913","Adjointe administrative"
"21914","-99"
"21915","Public Servant"
"21916",""
"21917",""
"21918","Enseignant"
"21919","sales manager"
"21920",""
"21921","-99"
"21922","ESL teacher"
"21923","Designer"
"21924",""
"21925","-99"
"21926","-99"
"21927","owner of advertising agency"
"21928","City Employee"
"21929","Enseignant"
"21930",""
"21931","Homemaker"
"21932",""
"21933","Professeur"
"21934",""
"21935","Management consultant"
"21936","Business owner"
"21937","Social worker"
"21938","Technicienne en service de garde milieu scolaire"
"21939","homemaker"
"21940","Represantant des ventes"
"21941","inventory technician"
"21942","Analyst Programmer"
"21943","military, finance"
"21944","TECH ADM"
"21945","retraitée"
"21946","self employed"
"21947","clergyman"
"21948","retired"
"21949","Aquatics Director"
"21950","barista"
"21951","Retired"
"21952",""
"21953","Adjoint ressources humaines fonction publique fédérale"
"21954","Childcare"
"21955","-99"
"21956","Customer service representative"
"21957","Federal government executive"
"21958","Étudiant"
"21959","Retraite"
"21960",""
"21961","engineer"
"21962","-99"
"21963","PUBLIC SERVANT"
"21964",""
"21965","Comptabilité"
"21966","Driver"
"21967","Financial Controller"
"21968","-99"
"21969","Executive Director"
"21970","-99"
"21971","Conseiller communications"
"21972",""
"21973","Aerospace Buyer"
"21974","Retired"
"21975","Driver"
"21976","Accountant"
"21977","Data analyst"
"21978",""
"21979","Technicien"
"21980","Analyst"
"21981",""
"21982",""
"21983","Unemployed"
"21984","municipal government general manager"
"21985","self employed"
"21986","retired"
"21987","Comptable agréé"
"21988","professor"
"21989",""
"21990","seamstress"
"21991",""
"21992","-99"
"21993","Services financiers"
"21994",""
"21995","electrition"
"21996","Manager"
"21997",""
"21998","Disabled"
"21999","teacher"
"22000","News reporter"
"22001",""
"22002","Human Resources"
"22003","-99"
"22004","-99"
"22005","engineer"
"22006","-99"
"22007","-99"
"22008","self-employed"
"22009","Engineer"
"22010","-99"
"22011",""
"22012","Freelance Writer and Editor"
"22013","Retired"
"22014",""
"22015",""
"22016","ENSEIGNANTE"
"22017","-99"
"22018","Artist"
"22019","Office administrator"
"22020","office administration"
"22021","Retail"
"22022",""
"22023","Administration"
"22024","-99"
"22025","Software Developer"
"22026","-99"
"22027","agente de bord"
"22028","-99"
"22029","Retired"
"22030","-99"
"22031","security guard with police"
"22032","Travail social"
"22033",""
"22034","-99"
"22035",""
"22036",""
"22037","technicienne en travaux pratique"
"22038","vendeur"
"22039","Non-profit specialist"
"22040",""
"22041","Oilfield"
"22042","operation manager"
"22043","Accountant"
"22044","Teacher"
"22045","Senior Software Engineer"
"22046","Pharmacienne"
"22047","commis"
"22048","Educator"
"22049","-99"
"22050",""
"22051",""
"22052","Conseillère principale en innovation"
"22053","Intervenante sociale"
"22054","Analyst"
"22055",""
"22056","Receptionist"
"22057","Bartender"
"22058","Govt. Auditor"
"22059",""
"22060",""
"22061","Insurance"
"22062","Gestionnaire"
"22063","-99"
"22064","Conseillère en communication"
"22065","Teacher"
"22066","-99"
"22067","Student"
"22068",""
"22069","Guitar tutor"
"22070",""
"22071","-99"
"22072",""
"22073","professional"
"22074","Planner"
"22075",""
"22076","Director"
"22077",""
"22078","public service"
"22079","IT specialist"
"22080","military"
"22081","Dental"
"22082","Farmer"
"22083","Stay-at-home mom"
"22084",""
"22085","Directeur d'école"
"22086",""
"22087","-99"
"22088","Military"
"22089",""
"22090","Nurse"
"22091","Restaurant General Manager"
"22092",""
"22093","Laboratory technician"
"22094",""
"22095",""
"22096","Electronic assembler"
"22097","Retired"
"22098","Banquier (directeur succ)"
"22099",""
"22100",""
"22101","-99"
"22102","Spécialiste de central de surveillance/alarme"
"22103","CUSTOMER SERVICES"
"22104","Chief Executive Officer"
"22105","Publuc Servant"
"22106","Analyste économique"
"22107","Office administrator"
"22108",""
"22109",""
"22110","Research scientist"
"22111","Manager"
"22112",""
"22113","-99"
"22114",""
"22115","gestionnaire"
"22116","Teacher"
"22117","Educator"
"22118","Librarian"
"22119","Academic, researcher"
"22120","Physiothérapeute"
"22121",""
"22122","Retired"
"22123","Météorologue"
"22124","Percepteur des amendes"
"22125","registered nurse"
"22126","engineer"
"22127","Book seller"
"22128","High school teacher"
"22129",""
"22130","Disabled"
"22131","-99"
"22132",""
"22133","banking"
"22134","banker"
"22135","Project manager"
"22136","Pharma rep"
"22137",""
"22138","Customer service"
"22139",""
"22140",""
"22141",""
"22142","Travail"
"22143","-99"
"22144","Student"
"22145","oss"
"22146","administration"
"22147","Supervisor"
"22148",""
"22149","Accounting Clerk"
"22150","security"
"22151","Mécanicien camions lourds"
"22152",""
"22153","travaille"
"22154",""
"22155","self employed"
"22156","Sexologue"
"22157","Public health specialist"
"22158","-99"
"22159","Graphiste"
"22160",""
"22161","Directeur"
"22162","Resaler"
"22163",""
"22164","Teacher"
"22165","bookkeeping"
"22166",""
"22167",""
"22168",""
"22169","Doctor"
"22170","installer"
"22171","IT"
"22172","Professeur universitaire"
"22173",""
"22174","-99"
"22175","homme d.affaires"
"22176",""
"22177",""
"22178","Military"
"22179","-99"
"22180",""
"22181",""
"22182","Manager"
"22183","-99"
"22184","-99"
"22185",""
"22186","-99"
"22187","Programmeur"
"22188","Nurse"
"22189","Student"
"22190","Tech"
"22191","Real Estate Broker"
"22192",""
"22193","Administrative support"
"22194",""
"22195",""
"22196","agent administratif"
"22197","Project manager"
"22198","Clerical"
"22199","Student"
"22200","Nurse"
"22201",""
"22202","business manager"
"22203","Management"
"22204","Fireproofer"
"22205","Travailleur autonome"
"22206",""
"22207","Customerservice"
"22208","student"
"22209","-99"
"22210",""
"22211","Software analyst"
"22212",""
"22213","Teacher"
"22214","Fish Processing"
"22215",""
"22216",""
"22217","administration"
"22218","Secretary"
"22219","Éducatrice à l'enfance"
"22220","Office worker"
"22221","millwright"
"22222","Construction"
"22223","Bus driver"
"22224","Retired pharmacist"
"22225","HR Manager"
"22226","student"
"22227","Resturant Cook"
"22228","Medical Office Manager"
"22229","artist"
"22230","Clerical"
"22231","Advertising"
"22232","-99"
"22233","Self-Employed"
"22234","Homemaker"
"22235","Stage"
"22236",""
"22237","Document Control Manager"
"22238",""
"22239","Receiver"
"22240","Student"
"22241",""
"22242","Journalier"
"22243","Physician"
"22244","-99"
"22245",""
"22246","-99"
"22247","Étudiant"
"22248",""
"22249","Executive Producer"
"22250",""
"22251","conceptrice pédagogique"
"22252","Au foyer"
"22253","Clinical Liaison"
"22254","Gestionnaire"
"22255","-99"
"22256","Clerk"
"22257","Retail sales"
"22258",""
"22259","-99"
"22260","-99"
"22261","Enseignant"
"22262","Technicien"
"22263","Partner - Accounting"
"22264","finance"
"22265",""
"22266","Éducatrice"
"22267",""
"22268","travail temp plein"
"22269",""
"22270","réparations"
"22271","retired"
"22272",""
"22273","Computer engineer"
"22274","Educutor"
"22275","Librarian"
"22276",""
"22277","Pipeliner"
"22278",""
"22279","Government administrator"
"22280",""
"22281","Tax Analyst"
"22282",""
"22283","Student"
"22284","military"
"22285",""
"22286","Teacher"
"22287",""
"22288",""
"22289","-99"
"22290","-99"
"22291","agent  de service"
"22292","managetr"
"22293","-99"
"22294",""
"22295",""
"22296","Lobbyist."
"22297",""
"22298",""
"22299","Student"
"22300","Information & privacy specialist"
"22301","Teacher"
"22302","Génie biomédical"
"22303","Contracting Officer"
"22304",""
"22305","clerical"
"22306","Document Controller"
"22307","Salvation Army community services worker"
"22308","Dental Assistant"
"22309",""
"22310",""
"22311",""
"22312","Fonctionnaire"
"22313","Ménagère"
"22314","Recruiter"
"22315","Travailleur à temps plein et entrepreneur en immobilier"
"22316","bookkeeper"
"22317","Customer service agent"
"22318","teacher"
"22319","Manufacturing"
"22320",""
"22321","lawyer"
"22322",""
"22323","architect"
"22324",""
"22325","Chief Information Officer"
"22326","CAF/Pubic Service"
"22327","Unemployed"
"22328","Graphic design"
