"","x"
"1","gestionnaire dans le domaine funéraire"
"2",""
"3","analyste"
"4","etudiant"
"5","architecte de solution"
"6","camionneur courte distance"
"7","sales rep & musician"
"8","renovateur apres sinistre"
"9","retraitée"
"10","etudiant a temps plein et service a la clientele"
"11","traductrice"
"12","banque"
"13","educatrice cpe"
"14","ressource humaine"
"15","charpentier-menuisier"
"16","technicien"
"17","signaleur routier"
"18","comptable"
"19","gestion"
"20","secrétaire comptable"
"21","nurse"
"22","gestionnaire"
"23","esthéticienne"
"24","avocat"
"25","autonome"
"26","retraité"
"27","enseignante"
"28","electromécanicienne"
"29","technician technology"
"30","educatrice"
"31","administrateur informatique"
"32","développement durable"
"33","aucun"
"34","marchandiseur"
"35","coordonnateur de production"
"36","prefer not to say"
"37","teacher"
"38","fonctionnaire"
"39","conseillere amélioration processus"
"40","responsable de service de garde en milieu familial subventionné"
"41","planificateur financier"
"42","full time student"
"43","agent administratif pour ciusss"
"44","mécanicien"
"45","mécanicien industriel"
"46","assistante technicienne en laboratoire"
"47","représentante"
"48","gouvernement du canada"
"49","planificateur de réseaux extérieurs en télécommunication"
"50","judge"
"51","designer (manage) president of a company"
"52","computer programmer"
"53","sales rep"
"54","marketing manager"
"55","businessman"
"56","actuary"
"57","social housing"
"58","server at a restaurant"
"59","public servant"
"60","healthcare"
"61","lawyer"
"62","electrician"
"63","police"
"64","sales"
"65","construction training coordinator"
"66","government policy"
"67","student"
"68","administration"
"69","operations manager"
"70","contract worker"
"71","retired contractor"
"72","retired, now consulting in it."
"73","marketing and communications"
"74","dental hygienist"
"75","it programmer"
"76","business manager"
"77","customers service"
"78","toolmaker"
"79","tax auditor"
"80","program coordinator - refugee/immigration"
"81","in construction"
"82","non-profit lobbyist"
"83","accountant"
"84","designer"
"85","resource management"
"86","vice president contractor"
"87","investment professional"
"88","paralegal"
"89","environmental, technician"
"90","parts advisor for car dealership"
"91","engineer"
"92","dept of national defence"
"93","millwright"
"94","architect"
"95","software engineer"
"96","planning and project manager"
"97","project manager"
"98","program assistant"
"99","retired"
"100","construction worker"
"101","archivist"
"102","construction estimater"
"103","security guard"
"104","occupational therapist"
"105","banker"
"106","book-keeper"
"107","client service"
"108","doctor of medicine"
"109","digital media editor and statistician"
"110","research assistant"
"111","cad operator draftsman"
"112","artist"
"113","constable----works for the government"
"114","zomboni driver, shift duty engineer"
"115","taxi driver, full time and english tutor, part-time"
"116","office manager"
"117","lumber industry - mill worker"
"118","medical technician"
"119","registered nurse"
"120","professional engineer"
"121","flight attendant"
"122","military"
"123","retail sales manager"
"124","service industry"
"125","self employed"
"126","self-employed"
"127","human resource analyst"
"128","carpenter"
"129","investment assistant"
"130","technical engineer"
"131","aircraft maintenance engineer apprentice"
"132","service technician"
"133","construction top man"
"134","mechanic"
"135","communications manager"
"136","truck driver"
"137","illustrator"
"138","consultant - financial"
"139","contractor - construction - window"
"140","taper"
"141","station attendant"
"142","senior project manager of international development projects"
"143","quality laboratory affairs manager"
"144","carperter/scappler"
"145","highway maintenance worker"
"146","it"
"147","chief technology officer"
"148","instrument mechanic"
"149","employee of the federal government"
"150","retail"
"151","trades trainer"
"152","biologist"
"153","retired teacher"
"154","biomedical engineering technologist"
"155","semi retired teacher"
"156","technician"
"157","international tax accountant"
"158","social worker"
"159","real estate assessor"
"160","md"
"161","graphic designer"
"162","customer service representative at bank of nova scotia"
"163","flager"
"164","customer service manager"
"165","hospitality manager"
"166","provincial govt"
"167","working at a nursing home- student"
"168","manager in retail store"
"169","supply technician for the military"
"170","carpentar"
"171","ocean technician"
"172","security officer"
"173","youth care worker"
"174","accounts payable"
"175","student and care aid"
"176","agriculture labourer"
"177","plumber"
"178","safety professional"
"179","environmental services consultant"
"180","peace officer - rcmp"
"181","électricien"
"182","school teacher"
"183","merchandiser in retail"
"184","stay at home mom"
"185","heavy equipment operator and self employed"
"186","retired builder"
"187","administrative"
"188","agriculture assistant"
"189","management"
"190","self employed - farm/agriculture specialist"
"191","electrical engineer"
"192","law enforcement"
"193","health care coordinator"
"194","business transformation architect"
"195","forestry"
"196","farm, teach riding horses"
"197","waste water operator"
"198","alcohol and drug worker"
"199","real estate sales rep."
"200","scheduler at a university"
"201","mail carrier"
"202","realtor"
"203","insurance"
"204","maintenance man in a flour manufacturer"
"205","ordained minister of evangelical lutheran church in canada"
"206","canada post"
"207","clergy (church minister)"
"208","administrator"
"209","school bus driver"
"210","welder"
"211","office admin"
"212","papetier"
"213","chauffeur d'autobus"
"214","technicien comptable"
"215","agricultrice"
"216","vendeuse dans un commerce"
"217","consultant a mon compte"
"218","professionnel"
"219","infirmière"
"220","entrepreneur dans la construction"
"221","enseignant au secondaire"
"222","policier ðÿ‘®"
"223","directrice des achats"
"224","retail manager"
"225","enseignante au primaire"
"226","animatrice de vie spirituelle et d'engagement communautaire"
"227","professeur"
"228","agente administrative"
"229","économiste"
"230","intervenant sociale"
"231","chief engineer"
"232","medical administrator"
"233","aeroplane pilot"
"234","installer"
"235","class3 driver, heavy equipment"
"236","directional driller"
"237","director research and innovation"
"238","contruction foreman"
"239","landscaping"
"240","bank consultant"
"241","tech startup"
"242","financial advisor"
"243","self employed minister"
"244","respiratory therapist"
"245","retired, casual worker"
"246","call business in telecom"
"247","grocery /retail"
"248","machinist"
"249","chemist"
"250","milwright"
"251","dentiste"
"252","psychologue en pratique privée"
"253","aide ã  domicile"
"254","adjointe juridique"
"255","superviseur ville de laval"
"256","systems administrator"
"257","""girl friday"" for a small business"
"258","rtf  (ressources de type familiale)"
"259","jounalier en alimentation"
"260","technicien informatique"
"261","professeur d'université"
"262","préposé en entretien ménager"
"263","carrosier"
"264","dock worker"
"265","artiste"
"266","étudiant"
"267","directeur de commerce électronique"
"268","développeur logiciel"
"269","secteur manufacturier"
"270","travailleure autonome en administration, comptabilité"
"271","project coordinator for consulting firm"
"272","éducatrice"
"273","enseignant au collégial"
"274","étudiante"
"275","chargée de projet"
"276","directeur général"
"277","chargé de projet dans une compagnie biomédicale"
"278","technicienne en santé animale"
"279","services financiers"
"280","analyste programmeur en informatique au gouvernement provincial."
"281","développeur web"
"282","engineering manager"
"283","enseignante éducation des adultes"
"284","musician"
"285","health and safety consultant"
"286","hvac and control technician"
"287","regional sales manager"
"288","shop supervisor"
"289","medical lad tech"
"290","business owner"
"291","scientist"
"292","information technology"
"293","medical radiation technologist"
"294","ceo"
"295","teaching"
"296","retired4"
"297","paramedic"
"298","sofware developper"
"299","work in customer service"
"300","in management"
"301","budget coordinator"
"302","tool and die maker"
"303","teaching children programming codes"
"304","physiotherapist"
"305","senior director of finance"
"306","it project coordinator"
"307","custodial services"
"308","manager at a cemetary + night security"
"309","professor"
"310","truckdriver"
"311","semi-retired"
"312","credit card associate"
"313","sales postion"
"314","don't know"
"315","university professor"
"316","vice president of operations for an international company"
"317","medical office assistant"
"318","groundskeeper"
"319","hairdresser"
"320","manger residential support"
"321","branch manager at a financial institution"
"322","lawier"
"323","bylaw officer"
"324","editor"
"325","private contractor"
"326","engineering"
"327","professional"
"328","real estate appraiser"
"329","car tech with railroad"
"330","restoration sales specialist"
"331","maintenance superintendent - sawmill"
"332","small business owners .(body removers)"
"333","gm of a hotel. teacher."
"334","sign language interpreter"
"335","architectural technologist line cook"
"336","metallurgist"
"337","creative director"
"338","economist"
"339","senior project manager"
"340","tradesman construction"
"341","administrative clerk"
"342","resident physician"
"343","consultant in oil & gaz"
"344","risk analyst"
"345","unemployed"
"346","physician"
"347","tile setter"
"348","health, safety and environmental manager"
"349","data analyst"
"350","social work"
"351","oilfield operator"
"352","logging"
"353","utilities"
"354","retail management"
"355","housekeeper"
"356","agriculture"
"357","class 1 driver"
"358","contractor sales"
"359","occupational health and safety"
"360","medical device sales"
"361","licensed practical nurse"
"362","administration assistant"
"363","consultant - unexploded bombs."
"364","school"
"365","psychologist"
"366","music therapist"
"367","manager"
"368","student that works"
"369","manager of a medical clinic"
"370","it system engeneer"
"371","mill operator"
"372","ex- pipeline laborer"
"373","professional services"
"374","business broker"
"375","vice principal"
"376","security manager"
"377","financial manager"
"378","sales (agricultural)"
"379","cattle rancher full time canadian national railways."
"380","retail store manager"
"381","city planner"
"382","sales person"
"383","office managwr"
"384","family physician"
"385","able seaman on a lake freigh8"
"386","computer technician"
"387","home care worker"
"388","program facilitator at a family resource centre"
"389","i work in the governemtn"
"390","sales representatives"
"391","registered nurse and a oyster-fisherman as well"
"392","civil servant with dept of agriculture"
"393","cashier"
"394","custodian"
"395","officemanager/bookkeeper"
"396","policy analyst"
"397","labrador"
"398","special needs on school bus"
"399","sales associate"
"400","financial advisor to business owners"
"401","investigation"
"402","medical secretary"
"403","customer service"
"404","electronics technician"
"405","administrative assistant"
"406","consumer service technician"
"407","retired lawyer"
"408","semi - retired and drive a cab"
"409","carpentry"
"410","financial services officer"
"411","iron worker"
"412","custodial"
"413","veterinarian"
"414","technicienne en pharmacie"
"415","bus driver"
"416","forklift driver"
"417","survey engineer"
"418","construction worker. truck driver, musician"
"419","it admin"
"420","deckhand"
"421","government senior manager"
"422","visual art and communication"
"423","quality assurance manager"
"424","mechanical designer engineering"
"425","customer service rep"
"426","educator"
"427","national account manager in sales"
"428","self-employed and university research assistant"
"429","commercial building owner"
"430","human resources admin"
"431","higher education, post secondary adminstartion"
"432","pharmacist"
"433","disclosure facilitator - government"
"434","host at restaurant"
"435","doctor"
"436","education assistant"
"437","sr. b2b inside sales"
"438","medical doctor"
"439","real estate agent"
"440","welder (entrepreneur)"
"441","legal assistant"
"442","analyst"
"443","government admin"
"444","semi retired"
"445","laborer"
"446","retail sales"
"447","program manager"
"448","homecare provider"
"449","management in retail"
"450","union research representative"
"451","residential support worker"
"452","occupational health and safety team leader"
"453","accounts payable officer"
"454","security guard."
"455","insurance adjuster"
"456","management - engineering"
"457","pipe fitter"
"458","federal government employee"
"459","cahier"
"460","heavy equipment operator"
"461","warehouse attendant"
"462","work for the government"
"463","executive assistant for non-profit"
"464","general manager of finance"
"465","college student"
"466","textile worker"
"467","journeyman ironworker"
"468","boilermaker"
"469","consultant"
"470","university student"
"471","medical sales"
"472","director of community economic deveopment"
"473","radiology technologist"
"474","ece"
"475","potato farmer"
"476","small business owner"
"477","eeg/emg technologist"
"478","it developer"
"479","engine inspector"
"480","it team lead"
"481","retired school principal"
"482","marketing"
"483","film technician"
"484","retired, teaching in 2nd career"
"485","finance"
"486","farmer"
"487","steelworker"
"488","technology"
"489","instructor"
"490","education assistant."
"491","tweed tender"
"492","long distance truck driver"
"493","management, business owner."
"494","work for the gov't"
"495","geologist"
"496","construction manager"
"497","process safety manager"
"498","geotechnical engineer"
"499","student/junior policy analyst"
"500","administration, accountant"
"501","construction company owner"
"502","construction foreman"
"503","stay at home dad"
"504","service manager"
"505","government manager"
"506","car sales person"
"507","power engineer"
"508","homeshare provider/caregiver"
"509","stage hand"
"510","operations cordinator"
"511","retired, farming, and par-time rural mail delivery"
"512","speech and language pathologist"
"513","secrétaire"
"514","fundraiser"
"515","member of civil service"
"516","mechanical technician"
"517","consultant health professional"
"518","driving instructor"
"519","teacher's assistant and homemaker"
"520","owner"
"521","agricultural sales"
"522","farmer cattles"
"523","human resources"
"524","janitor"
"525","merchandiser"
"526","software developer"
"527","educational consultant"
"528","seafood worker"
"529","bibliothequere"
"530","preposée aux beneficiaires"
"531","massothérapeute"
"532","travail de production dans une usine de pate et papier"
"533","retraité/ chauffeur"
"534","technicienne en laboratoire"
"535","enseignante au secondaire"
"536","enseignant"
"537","commis comptable"
"538","cuisinière"
"539","technicien en génie électrique"
"540","avocate"
"541","femme ã  la maison"
"542","sales worker at ikea"
"543","travailleuse sociale"
"544","cuisinier"
"545","plombier"
"546","healthcare administration"
"547","financial planner"
"548","trades person"
"549","house cleaner"
"550","health care aide"
"551","college professor"
"552","settlement worker and linc instructor"
"553","ship's captain"
"554","store clerk"
"555","secretary"
"556","labour"
"557","goldsmith"
"558","medical office manager"
"559","biologist business owner"
"560","professional accountant"
"561","legal bookeeper"
"562","housewife"
"563","emergency manager"
"564","claims administrator"
"565","database administrator"
"566","labourer"
"567","sports retail owner"
"568","retired."
"569","registrer"
"570","fork lift operator"
"571","construction"
"572","clergy"
"573","engineering technologist"
"574","union representative"
"575","work in a welding fabrication shop"
"576","customer service representative"
"577","labourer /construction"
"578","work for government"
"579","clerk"
"580","programmer"
"581","technical analyst"
"582","policier"
"583","retired educator"
"584","teacher - elementary and secondary"
"585","supervisor"
"586","painter / artist"
"587","clerical"
"588","account service representative"
"589","equipment operator"
"590","administration part time retired from full time work"
"591","fisherman"
"592","post secondary education"
"593","librarian"
"594","grocery store"
"595","federal employee"
"596","health records clerk"
"597","self employed - human resources, training &development"
"598","frunace oil delivery driver"
"599","work at home depot"
"600","pre-school teacher"
"601","communications"
"602","it specialist"
"603","self-employed (arts)"
"604","software product manager"
"605","portfolio manager"
"606","nurse rn"
"607","educational assistant"
"608","primary support staff with community living"
"609","r&d - software development engineer"
"610","journaliste a la pige , retraité"
"611","message therapist"
"612","puppetier - do puppet shows"
"613","housekeeper in a long term care"
"614","skilled trade/manufacturing"
"615","letter courrier for canada post"
"616","farmers"
"617","administrative department"
"618","software manager"
"619","manager at a financial services company."
"620","amazon warehouse associate"
"621","consultant human resources"
"622","security consultant"
"623","communication"
"624","public"
"625","packaging technician"
"626","porfessor associates = university"
"627","correctional officer"
"628","supervisor maintenance"
"629","maintenance"
"630","counsellor"
"631","health clerk"
"632","opérateur machinerie lourde"
"633","estimateur en construction"
"634","graphiste et postière"
"635","gestionnaire en alimentation"
"636","travailleuse.sociale"
"637","vente au details"
"638","producteur agricole"
"639","analyste en informatique"
"640","consultant en informatique"
"641","camionneur et agriculteur"
"642","préposée aux personnes agées"
"643","intervenant"
"644","spécialiste contrôle qualité"
"645","techniciennes en verification"
"646","adjointe-administrative"
"647","ouvrier de production dans une usine de maison pré-fabriquée"
"648","agente de planification programmation recherche"
"649","superviseur des opérations"
"650","agente de centre d'appels dans le ministere de la defense"
"651","électrotechnicienne"
"652","ingénieur aéronautique"
"653","travailleur autonome et retraitée du secteur de l'éducation"
"654","jardinière horticultriste paysagiste ecologique"
"655","manoeuvre spésialisé"
"656","independant business owner"
"657","chauffeur de poid lourd"
"658","chef de cuisine"
"659","consultant fiabiliste"
"660","évaluateur agréé (immeuble)"
"661","technicienne comptable"
"662","conceptrice de reseau"
"663","représentant medical"
"664","it manager"
"665","demographe"
"666","preneur de son"
"667","préposé aux bénificiaires"
"668","daycare educator"
"669","chauffeur routier"
"670","gestionnaire en tourisme"
"671","travailleur social"
"672","enseignante secondaire"
"673","faire des cercueuil"
"674","formation dans mon entreprise pour devenir imprimeure"
"675","agente au développement des affaires le groupe bocage"
"676","directeur régionale"
"677","freelance violinist/education associate for the national arts center of canada"
"678","commis aux achats"
"679","directeur des ventes"
"680","remote survey interviewer"
"681","farming - basicly retired"
"682","postal clerk"
"683","miner"
"684","i work for a banker. personal banker"
"685","full time foster parent & part time businesses owner"
"686","oil and gas industry"
"687","semi-retired: work a very few hours part-time and do volunteer work."
"688","self employed bookkeeper"
"689","chemical distributor supervisor"
"690","procurement sales"
"691","graduate student, social worker"
"692","courrier"
"693","plumber - self employed"
"694","cafe and cafeteria worker"
"695","civil service"
"696","canada post employee"
"697","sales manager"
"698","film and tv producer"
"699","construction inspector"
"700","retail and student"
"701","modular technician"
"702","cnc mastercam programmer"
"703","assistant manager"
"704","process server deliver document for the court"
"705","salesperson - sales manager/wholesaler for a liquour company"
"706","interior designer"
"707","vice president"
"708","supervisor for heavy civil construction"
"709","works in a grocery store"
"710","early childhood educator 12 weeks old to 12 years old."
"711","freelance, sales rep, stay at mom, advertising"
"712","financial services"
"713","911 operator"
"714","university student/security officer"
"715","human resource professiona;"
"716","technology consultant"
"717","gestionnaire d'équipe dans le domaine de la santé"
"718","delivery driver"
"719","certified professional accountant"
"720","professional driver"
"721","program coordinator"
"722","driver"
"723","writer"
"724","firefighter/paramedic"
"725","insurance adjuster and retired military"
"726","telephone interviewer - research"
"727","operational training specialist"
"728","educational assistant in a high school."
"729","contractor"
"730","information systems and software (computer science)"
"731","work at insurance"
"732","instrumentation technologist"
"733","student full time working part time in an hospital"
"734","visitor experience coordinator"
"735","social worker & operate a small business"
"736","retail - warehouse"
"737","community development"
"738","business man"
"739","journeyman welder"
"740","report writer"
"741","transportation of foodstuffs"
"742","systems manager"
"743","resident attendant"
"744","chef"
"745","travailleur autonome, fabrication de bijoux"
"746","health care"
"747","investment advisor"
"748","medecin"
"749","tradesman - electrical"
"750","work for population growth office"
"751","manager of operations"
"752","trainer for representatives in a call center"
"753","retired and working"
"754","buyer"
"755","support worker"
"756","building contractor"
"757","retired and investor"
"758","welding/farming"
"759","construction trading laser"
"760","debt collection agent"
"761","i quit my job 2 days ago"
"762","manger of pharmaceutical company"
"763","painting"
"764","bookseller"
"765","peace officer"
"766","electrican"
"767","human resources coordinator"
"768","customer services on the phone"
"769","business owner insurance"
"770","public servant (provincial)"
"771","care worker high school"
"772","rv tech"
"773","gas technician"
"774","run an onlie company, i m president of that company"
"775","self employed healthcare provider"
"776","software tester"
"777","journalist"
"778","property manager"
"779","music teacher, office administrator"
"780","mental healthcare program supervisor"
"781","acupuncturist and i work on medial cannabis farm"
"782","inhome care giver"
"783","health care manager"
"784","business man, truck driver, farmer"
"785","floor covering"
"786","stevador"
"787","government worker"
"788","self-employed, general contractor"
"789","public sector administration"
"790","carpenter's apprentice"
"791","fuel truck driver"
"792","telecommunications technologist"
"793","administrations"
"794","landscape consultant"
"795","instructional assistant"
"796","mechanical engineer"
"797","shipyard"
"798","real estate development manager"
"799","real estate developer"
"800","trucker"
"801","building technologist"
"802","intern excursive director of a museum gallery"
"803","environmental consultant"
"804","accounting coordinator"
"805","salesman"
"806","director of health care company"
"807","driver for a trucking company"
"808","hat design"
"809","telecommunications rigger"
"810","payroll administrator"
"811","general manager - paper mill"
"812","self employed programmer"
"813","forest technician"
"814","academic"
"815","student, however, i work with the federal government part time"
"816","computer engineer"
"817","surgeon"
"818","retired but teaching part time."
"819","dental assistant with provincial government"
"820","fracker"
"821","operations management"
"822","community support worker"
"823","student marker"
"824","student federal employee"
"825","food service"
"826","automotive technician"
"827","golf course maintenance"
"828","insurance broker"
"829","fabrication"
"830","admin assistant"
"831","cook, student"
"832","investment advisor & business owner"
"833","senior policy analyst"
"834","film maker"
"835","offshore crane operator"
"836","home support worker working with seniors and disabled"
"837","border services officer"
"838","house keeper"
"839","account payable clerk"
"840","retired military"
"841","cook in a long term care facility for seniors"
"842","air traffic specialist"
"843","vp - global operations"
"844","doctoral candidate in medical science"
"845","electronics"
"846","aviation -account manager"
"847","civil engineering tech"
"848","office administrator"
"849","municipal government worker"
"850","labourer, fish plant worker"
"851","self employeed - steam cleaning"
"852","human rights adviser (civil servant)"
"853","freight forwarder"
"854","purchaser"
"855","sales of electrical products"
"856","library technician"
"857","management consultant"
"858","federal public servant"
"859","information terchnology"
"860","film editor/movie editor (freelance)"
"861","self employed in human resources"
"862","policy adviser, public administration"
"863","student and federal employee"
"864","high school teacher"
"865","teacher catholic"
"866","electronics technologist"
"867","arpenteur"
"868","part time student, part time sales associate"
"869","construction/ estimating"
"870","production manager"
"871","warehouse manager"
"872","high performance adviser"
"873","retired law clerk"
"874","controle in a construction company"
"875","aircraft maintenance engineer"
"876","self employed - tv and media - co-owner of a tv channel"
"877","business development"
"878","senior management in advertising"
"879","manager insurance industry"
"880","massage therapist"
"881","maintenance supervisor"
"882","diabetes educator"
"883","account manager"
"884","graduate student"
"885","grocery clerk"
"886","dairy farmer"
"887","computer consultant"
"888","vice president of a coorporation"
"889","radio technologist"
"890","financial coach"
"891","automotive sales"
"892","business owner (private college)"
"893","fitness instructor and personal training"
"894","accountant cpa"
"895","musician/ reator"
"896","contractor renovator"
"897","general manager, media corporation"
"898","forensic accountant"
"899","client manager"
"900","office clerk"
"901","work for a bank"
"902","it consultant"
"903","consultant, retired from federal government."
"904","ceo of a library"
"905","accounting"
"906","clerical assistant"
"907","student, youth care worker"
"908","unit clerk in a hospital"
"909","client service administration."
"910","911"
"911","director ngo"
"912","school receptionist"
"913","laser operator"
"914","salesperson"
"915","director of operations"
"916","disability"
"917","screening officer"
"918","plumber pipe fitter"
"919","gas station supervisor"
"920","rcmp"
"921","personal support worker"
"922","teacher (private)"
"923","inventory analyst"
"924","executive assistant to cao"
"925","dental therapist"
"926","project coordinator"
"927","plane operator"
"928","coach"
"929","construction worker - residential"
"930","financial analyst / accountant"
"931","software"
"932","administrative officer"
"933","oil field worker"
"934","barber"
"935","organic farmer"
"936","weldering or trades"
"937","technicien en mecanique de batiment"
"938","entrepreneur en construction"
"939","travailleur autonome : comptable-fiscaliste"
"940","commis d'entrepot"
"941","courtier immobilier"
"942","auxiliaire familiale"
"943","opticienne"
"944","camionneur courte distance, locale"
"945","gestionnaire aéronautique"
"946","élagueur"
"947","programmeur machine outils"
"948","travail de bureau"
"949","criminal investigator"
"950","conseiller en voyage"
"951","technicienne en administration réseau de la santé"
"952","electrical contractor"
"953","administration éducation"
"954","manager at air canada"
"955","conseiller en santé et sécurité du travail"
"956","applicateur cimentier"
"957","layout"
"958","coordonnatrice administration"
"959","enseignante au collégial"
"960","aircraft mechanic"
"961","agriculteur"
"962","représentante pour une compagnie d,assurance"
"963","agente administrative classe ii"
"964","entrepreneur"
"965","advocat"
"966","human resources business partner"
"967","enseignant secondaire"
"968","infirmière en psychiatrie"
"969","chef d'entreprise, dans la traduction ou correction d'épreuves"
"970","surintendant"
"971","col bleu"
"972","technicien service en soin de snté"
"973","travailleur autonome et aussi avec les enfants"
"974","propriétaire d'entreprise"
"975","conseillère en acquisition de talent"
"976","chef d'entreprise d'investissement immobilier"
"977","directrice d'un département"
"978","négociateur sur les marchés financiers"
"979","ingénieur aérospatial"
"980","fonction publique"
"981","magasignier/ventes internes"
"982","technicien en mécanique"
"983","mecanien industriel construction"
"984","preposé d'entretien"
"985","banquière"
"986","homme de cour"
"987","infirmière auxiliaire"
"988","publicitaire"
"989","représentant"
"990","inspecteur en environnement pour le ministère de l'environnement et de la lutte aux changements climatiques du québec."
"991","peintre"
"992","cadre dans la fonction publique fédérale, directeur adjoint"
"993","administration. réseau de la santé"
"994","représentant d'agence"
"995","suppléante enseignement primaire"
"996","employé municipal"
"997","directrice des opérations accessoires auto"
"998","mecanicien automobile"
"999","travailleuse autonome"
"1000","palfrenier"
"1001","environmental and geo non profit"
"1002","travailleur autonome dans le domaine événementiel"
"1003","éducatrice ã  l'enfance"
"1004","dans le domaine de ladministration et medias sociaux"
"1005","verificatrice"
"1006","commis de bureau"
"1007","mecanicien,"
"1008","travailleur autonome"
"1009","formateur et leader en assurance qualité"
"1010","conseiller financier"
"1011","senior manager, marketing communications"
"1012","représentante service client"
"1013","employé du gouvernement provincial"
"1014","comptable agrée"
"1015","ingénieur"
"1016","analyste, recherchiste"
"1017","frigoriste"
"1018","biologiste"
"1019","technicien en génie civile"
"1020","prepose hygiene salubrite hopital"
"1021","préposée aux bénéficiaires"
"1022","lobeiste"
"1023","programmeur analyste en géomatique"
"1024","i work at the gas station"
"1025","logger"
"1026","work in health care"
"1027","rancher"
"1028","nurse practionner"
"1029","lawyer mediator"
"1030","construction labor"
"1031","legal translator"
"1032","self employed - management and small business owner"
"1033","stay at home mom/rancher"
"1034","funeral director"
"1035","work in the oil industry"
"1036","materials handler"
"1037","farming forage"
"1038","commercial fisherman"
"1039","casual teacher"
"1040","wild fire"
"1041","retired but currently working full time in customer service, home improvement and telecommunications"
"1042","retired/consulting"
"1043","mortgage broker"
"1044","regional manager"
"1045","hr manager"
"1046","reciver"
"1047","power lineman"
"1048","career counsellor"
"1049","frontline worker, educator"
"1050","real estate sales"
"1051","selfemploed"
"1052","government clerk"
"1053","real estate development"
"1054","hr"
"1055","machine operator"
"1056","car-manufacturer (labourer)"
"1057","aquaculturalist"
"1058","environnement"
"1059","operateur de machine fixe, decoupage au laser"
"1060","conseillère d'orientation et aide pédagogique individuelle"
"1061","camionneur"
"1062","gestionnaires dans un cabinet d'assurance"
"1063","chimiste"
"1064","brigadière scolaire"
"1065","vendeuse"
"1066","operateur dèextrudeuse"
"1067","part time office worker"
"1068","surintendant aux opérations"
"1069","technicienne en organisation scolaire"
"1070","physique"
"1071","product manager"
"1072","retial"
"1073","cca activity director"
"1074","library assistant"
"1075","health care provider"
"1076","administrative manager for a university"
"1077","underground miner"
"1078","sales engineer"
"1079","counselor"
"1080","college instructor"
"1081","student (university undergraduate)"
"1082","laboratory assitant"
"1083","foreman"
"1084","health and safety"
"1085","faculty developer"
"1086","student teacher"
"1087","financial planning"
"1088","clinical counselor"
"1089","refrigeration worker"
"1090","municipal govnt worker"
"1091","retail clerk"
"1092","real estate"
"1093","display carpenter"
"1094","mill worker"
"1095","social work/counsellor"
"1096","business development. sales business"
"1097","opérateur"
"1098","éducatrice en service de garde"
"1099","technicien en traitement des eaux"
"1100","contremaître de production"
"1101","directrice en cpe"
"1102","commis d'épicerie"
"1103","systems engineer"
"1104","pour le ménage"
"1105","software developper"
"1106","professsional"
"1107","coordonnatrice aux opérations"
"1108","informaticien"
"1109","technicien en télécommunication   â«cable guyâ»"
"1110","tim"
"1111","fonctionnaire fédéral"
"1112","ingénieur en automatisation"
"1113","médecin"
"1114","retraite"
"1115","travailleur autonome dans le domaine artistique"
"1116","work in retail"
"1117","mecanicien"
"1118","designer industriel"
"1119","paramédic"
"1120","éducation - niveau collégial"
"1121","technitien aux travaux pratiques"
"1122","thérapeute en réadaptation physique (temps plein) enseignant collégial (chargé de cours temps partiel)"
"1123","agente de bureau"
"1124","conseillère pédagogique"
"1125","ressources humaines"
"1126","photographe"
"1127","chef de division du système d'information"
"1128","technicien en informatique"
"1129","directeur general"
"1130","travailleur autonome dans le domaine agricole"
"1131","travaille en phsycologie"
"1132","commis aux pièces"
"1133","technicien ã  la fabrication de c'blage"
"1134","cariste"
"1135","agent de bureau au gouvernement du québec."
"1136","dans le domaine de la santé"
"1137","technologue en génie biomédical"
"1138","secrétaire administrative"
"1139","professeure université"
"1140","hospital staff"
"1141","marketing leader"
"1142","accredited music therapist"
"1143","plant implementation manager"
"1144","middle management"
"1145","government employee in it"
"1146","student/ part time worker"
"1147","registered practical nurse"
"1148","real estate broker"
"1149","fast food restaurant manager"
"1150","administration assistant in health care ( hospital)"
"1151","piper fitter super attendant"
"1152","marketing director"
"1153","dietrist"
"1154","rcaf"
"1155","teacher's aid"
"1156","labourer."
"1157","psychotherapist, high school teacher"
"1158","communications officer"
"1159","labour work"
"1160","payment officer"
"1161","buyer / production coordinator"
"1162","prépose ã  l'entretien ménager"
"1163","auto mechanic"
"1164","jounalisme"
"1165","president and coo"
"1166","manager, data management company"
"1167","aerospace engineer"
"1168","brewer"
"1169","aquatics recreation"
"1170","department manager"
"1171","special education assistant"
"1172","physiotherapy assistant"
"1173","technologist télécomunication"
"1174","cybersecurity analyst"
"1175","telecommunications operator"
"1176","homecare worker"
"1177","sw"
"1178","retailexecutive"
"1179","kinesiology"
"1180","rn"
"1181","computer developer"
"1182","assembler"
"1183","mtt"
"1184","sales clerk"
"1185","public service"
"1186","police officer"
"1187","international trade"
"1188","stock"
"1189","teacher/sessional instructor at university"
"1190","part time maintenance"
"1191","petroleum exploration"
"1192","bank teller"
"1193","self employed farmer"
"1194","quality analyst"
"1195","plant operator"
"1196","education-principal"
"1197","ea"
"1198","programmer/analyst"
"1199","administrative manager"
"1200","transportation"
"1201","bank executive"
"1202","dentist & teacher"
"1203","painter"
"1204","associate"
"1205","disabled"
"1206","film animator"
"1207","nursr"
"1208","business analyst"
"1209","bookkeeper"
"1210","naval officer"
"1211","clergy/mimister"
"1212","admin"
"1213","automotive"
"1214","security"
"1215","lottery ticket sales contractor"
"1216","manufacturing"
"1217","roofing laborer"
"1218","other"
"1219","hospital ward clerk"
"1220","i.t."
"1221","csr"
"1222","real estate management"
"1223","owner of a construction company"
"1224","marketing ,corporate relations"
"1225","office work"
"1226","registered nursing assistant,"
"1227","diplomat"
"1228","systems analyst"
"1229","bank clerk"
"1230","caissiere"
"1231","help desk"
"1232","early children educator"
"1233","actor"
"1234","information technology manager"
"1235","buying clerk and guality control."
"1236","law clerk"
"1237","tourism"
"1238","building maintenance"
"1239","financial adviser"
"1240","fitness professional"
"1241","accountant/auditor"
"1242","it professional"
"1243","canadian forces"
"1244","it support"
"1245","telephone operator"
"1246","health"
"1247","project manager for an insurance company"
"1248","urology surgical booking clerk"
"1249","early childhood educator"
"1250","material handler"
"1251","long-term disability"
"1252","researcher"
"1253","education"
"1254","evp"
"1255","chemical sales"
"1256","provincial civil servant"
"1257","construction,home improvement"
"1258","residential renovation"
"1259","software quality assurance manager"
"1260","government"
"1261","civil engineer"
"1262","facility operator 2"
"1263","janitorial services"
"1264","civil servant"
"1265","homemaker"
"1266","labour relations economist"
"1267","postal worker["
"1268","media relations"
"1269","director of sales and marketing for an office automation dealership with 1800 employees"
"1270","travel consultant"
"1271","temps plein"
"1272","homemake"
"1273","retail worker"
"1274","cook"
"1275","it tech"
"1276","executive"
"1277","aviation consultant"
"1278","courier"
"1279","retail services"
"1280","banking"
"1281","allied health"
"1282","store manager"
"1283","dispatcher"
"1284","lawn maintenance"
"1285","association executive"
"1286","pharmacist & pharmacy systems specialist"
"1287","admim"
"1288","licensed nuclear operator"
"1289","special education technician"
"1290","public relations"
"1291","slot attendant"
"1292","conservationist"
"1293","surg assist"
"1294","disablity"
"1295","home maker"
"1296","law clerk."
"1297","malade a temps plein"
"1298","travel counsellor"
"1299","mgr purchasing"
"1300","letter carrier"
"1301","national sales manager"
"1302","personnel manager"
"1303","wholesale sales"
"1304","it/ clerical"
"1305","hospitality worker"
"1306","famille d'accueil pour personnes handicapées"
"1307","telecommunications"
"1308","manager purchasing"
"1309","museum curator"
"1310","agronomist"
"1311","customer service /secretary"
"1312","data manager"
"1313","dentist"
"1314","financial consultant"
"1315","stationary engineer"
"1316","administration/office support"
"1317","retired college professor"
"1318","directo of operations"
"1319","research associate"
"1320","cleaner"
"1321","mother and house slave to my family"
"1322","special care counsellor"
"1323","adjudicator"
"1324","customs"
"1325","ford auto manufacturing"
"1326","labour-manufacturing"
"1327","lab technologist"
"1328","customers service manager"
"1329","office"
"1330","professional artist"
"1331","process operator"
"1332","healthcare consultant"
"1333","provincial manager"
"1334","porgram manager"
"1335","director financial planning"
"1336","dsw"
"1337","auto worker"
"1338","it services manager"
"1339","contract marker/tutor at a college"
"1340","communications professional"
"1341","lab technician"
"1342","taxi driver"
"1343","automotive machinist"
"1344","data imluy clerk"
"1345","fact6"
"1346","ventes"
"1347","purchasing manager"
"1348","shipping"
"1349","geospatial technician"
"1350","zoological/animal caregive pet care"
"1351","household manager"
"1352","financial"
"1353","freelancer"
"1354","former radio producer; now retired"
"1355","commercial mortgage specialist"
"1356","h d mechanic"
"1357","pipefitter"
"1358","unskilled labourer"
"1359","consrtuction"
"1360","financially abused and oppressed"
"1361","navy"
"1362","h.r. secretary"
"1363","self employed landscaper yard work other odd sesonal work"
"1364","restaurant server"
"1365","public health nurse"
"1366","n/a"
"1367","disability support worker"
"1368","customer service  rep"
"1369","front desk supervisor"
"1370","office worker"
"1371","stay at home parent"
"1372","sales excutive,"
"1373","school principal"
"1374","hairstylist"
"1375","auto mecanic"
"1376","replenishment clerk"
"1377","business consultant"
"1378","district manager - agricltural organization"
"1379","private investigator"
"1380","computer analyst"
"1381","retailer (owner)"
"1382","aircraft engineer"
"1383","insurance underwriter"
"1384","controller"
"1385","medical techologist"
"1386","bank employee"
"1387","housewife / homemaker"
"1388","laboratory manager"
"1389","accounting clerk"
"1390","journeyman scaffalder"
"1391","lpn"
"1392","entertainment"
"1393","back problem dont work"
"1394","system analyst"
"1395","postal worker"
"1396","national manager"
"1397","consulting"
"1398","it security"
"1399","transit instructor"
"1400","tradesman- painter"
"1401","welfare caseworker"
"1402","payroll"
"1403","cfo"
"1404","self employed administrator"
"1405","customer service / accounts receivable"
"1406","parenting family literacy facilitator"
"1407","librarian on disability"
"1408","corporate training manager"
"1409","chartered accountant"
"1410","oil refinery engineer"
"1411","middle manager"
"1412","logistics"
"1413","goof"
"1414","subatomic physicist"
"1415","slave"
"1416","millitary"
"1417","lab tech"
"1418","customs brokers"
"1419","psychiatric social worker"
"1420","design"
"1421","fitness instructor"
"1422","house wife & farm wife"
"1423","senior financial associate"
"1424","purchasing /material management executive"
"1425","études"
"1426","facility coordinator"
"1427","retired industrial mechanic"
"1428","pro photographer"
"1429","mechanical designer"
"1430","university academic/researcher/administrator, phd in psychology"
"1431","mental health worker"
"1432","systems architect"
"1433","holistic nutritionist"
"1434","retired engineer"
"1435","tradesman"
"1436","business analysis"
"1437","military nurse"
"1438","warehouse supervisor"
"1439","computer person and farmer"
"1440","superintendent of schools"
"1441","travel agent"
"1442","railroad"
"1443","telecommunications associate"
"1444","qa mgr"
"1445","event manager"
"1446","operations controller"
"1447","elementary resource teacher"
"1448","self employed consultant"
"1449","sales company owner, mba"
"1450","hr consultant"
"1451","worked internal/computer security for cra"
"1452","auditor"
"1453","retired from iinformation technology"
"1454","co. secretary"
"1455","nothing"
"1456","public relations co-ordinator"
"1457","qa lead/software tester"
"1458","web and digital specialist"
"1459","on federal disability"
"1460","childcare"
"1461","director, it"
"1462","medical technologist"
"1463","claims adjuster"
"1464","field manager"
"1465","large venue security & licensed cannabis retailer"
"1466","r.n"
"1467","military officer"
"1468","transit operator"
"1469","municipal contracts manager"
"1470","tradesman machinist/millwright"
"1471","okn"
"1472","gas fitter"
"1473","procurement specialist"
"1474","structural engineer"
"1475","transcriptionist"
"1476","business owner president general manager"
"1477","analytics professional"
"1478","retired city councillor"
"1479","military airforce"
"1480","scheduler"
"1481","municipal finance"
"1482","accounting/customer service"
"1483","public servant/university teacher"
"1484","retired educational assistant"
"1485","kinesiologist"
"1486","typesetter"
"1487","chartered accounting"
"1488","dental assistant"
"1489","civil servant- provincial govt"
"1490","underwriter"
"1491","housekeeping"
"1492","financial analyst"
"1493","home stager"
"1494","construction trade"
"1495","law"
"1496","lead generation"
"1497","it project manager"
"1498","co-ordinator"
"1499","collections officer"
"1500","auto body"
"1501","pharmacy assistant"
"1502","provincial public servant"
"1503","network control operator"
"1504","technical translator"
"1505","airline's ground staff."
"1506","dales"
"1507","payroll clerk"
"1508","buyer/purchaser"
"1509","receptionist"
"1510","probation/parole officer"
"1511","r&d engineer"
"1512","nursing"
"1513","manufacturer"
"1514","medical laboratory technologist"
"1515","commis d'entrepôt"
"1516","self employed, freelance"
"1517","psychoneuroendocrinologist"
"1518","garden technician"
"1519","science director"
"1520","high school principal"
"1521","university instructor"
"1522","university admin"
"1523","hr recruiter"
"1524","graphic artist"
"1525","youth pastor"
"1526","stewardship director"
"1527","registered dietitian"
"1528","production"
"1529","assistant managing editor"
"1530","caretaker"
"1531","skilledv"
"1532","media"
"1533","flight service specialist"
"1534","hunanresources consultant"
"1535","former-medical transcription/sec'y"
"1536","book keeper"
"1537","tower crane operator"
"1538","maintenance manager"
"1539","moa"
"1540","information system architect"
"1541","insurance agent"
"1542","market operations"
"1543","lab technologist ret."
"1544","business administrator"
"1545","manual labor"
"1546","admin assist"
"1547","airline service"
"1548","training"
"1549","accounting assistant"
"1550","production coordinator"
"1551","construction surveyor"
"1552","general labourer"
"1553","financial compliance"
"1554","claims officer"
"1555","archaeologist"
"1556","graphic designer / business owner"
"1557","cbsa"
"1558","operations"
"1559","child & family support worker"
"1560","senior manager"
"1561","environmental scientist"
"1562","senior safety advisor"
"1563","insurance manager"
"1564","self employeed"
"1565","welfare worker"
"1566","emergency services"
"1567","federal government"
"1568","model"
"1569","chemical engineering"
"1570","stock puller"
"1571","court reporter"
"1572","caterer"
"1573","pharma rep"
"1574","arts administrator"
"1575","at home parent primarily, part time non profit work"
"1576","sales coordinator"
"1577","dog groomer self employed"
"1578","forestry consultant/risk manager"
"1579","procurement manager"
"1580","copywriter"
"1581","procurement team leader"
"1582","candy packenger"
"1583","fraud analyst"
"1584","gate manager"
"1585","event planner"
"1586","stay at home.mom"
"1587","therapist"
"1588","administrative assisstant"
"1589","administration manager"
"1590","environmental officer"
"1591","reception"
"1592","rvt"
"1593","hospitality"
"1594","student advisor/admin assistant"
"1595","seller"
"1596","developer"
"1597","businesses"
"1598","firefighter"
"1599","administrative services"
"1600","service director for telecom co."
"1601","member resources"
"1602","hr professional"
"1603","autoworker"
"1604","bell aliant"
"1605","publisher's representative"
"1606","nanny"
"1607","enforcement - ministry of transportation"
"1608","telecom technician"
"1609","computer repair"
"1610","lab tech."
"1611","executive assistant"
"1612","public sector"
"1613","mining"
"1614","building manager"
"1615","administrator, university"
"1616","surveillant d’élèves école primaire."
"1617","meteorology"
"1618","silk screener"
"1619","sales consumer packaged goods"
"1620","adminstrative work"
"1621","control system analysis"
"1622","small bus owneréoperator"
"1623","provincial bureaucrat"
"1624","consulting engineer"
"1625","author"
"1626","income tax preparer"
"1627","business woman"
"1628","techmician"
"1629","it director"
"1630","produce clerk"
"1631","clerical/post office"
"1632","rentier"
"1633","insurance appraiser"
"1634","school secretary"
"1635","investment rep"
"1636","apparel clerk"
"1637","federal government worker"
"1638","healthcare/lab-sciences"
"1639","largent"
"1640","harbour master"
"1641","reg nurse"
"1642","on disability pension"
"1643","home support worker"
"1644","cuisiniere"
"1645","journalier"
"1646","advertiser"
"1647","pricing clerk"
"1648","maman au foyer"
"1649","marketing executive"
"1650","it administrator"
"1651","supervisor/cleaner"
"1652","office assistant"
"1653","caseworker"
"1654","self-employed business owner"
"1655","proche aidante"
"1656","shipper/receiver"
"1657","stenographer"
"1658","esl teacher"
"1659","librarian's assistant"
"1660","parking attendant"
"1661","recreation therapist"
"1662","scientific research technician"
"1663","bbusiness owner"
"1664","shipper reciver"
"1665","food services"
"1666","stay at home mom on maternity leave"
"1667","director of it"
"1668","developmental service worker"
"1669","lithographer"
"1670","landscape designer"
"1671","it worker"
"1672","assistant general manager"
"1673","call center agent"
"1674","owner operator personal services"
"1675","retired r.n."
"1676","producteur télé"
"1677","sale representative"
"1678","recherche d'emploie"
"1679","luxury sales"
"1680","residential appraiser"
"1681","coordonnatrice"
"1682","public health"
"1683","general surgeon"
"1684","part person"
"1685","on maternity leave"
"1686","ordained clergy"
"1687","fuel coordinator"
"1688","travail"
"1689","waitress"
"1690","accounting mananger"
"1691","web designer"
"1692","pilot"
"1693","freelance writer and designer"
"1694","translator"
"1695","admin asst"
"1696","auto sales consultant"
"1697","server"
"1698","day care"
"1699","fish plant"
"1700","customer service and sales"
"1701","clerical admin"
"1702","radio commercial writer"
"1703","network analyst"
"1704","retired, former occupation media sales"
"1705","housekeeping aide"
"1706","recreation"
"1707","television technician"
"1708","recruiter"
"1709","transit supervisor"
"1710","communications tech"
"1711","medical device reprocessor"
"1712","dietitian"
"1713","administrative support"
"1714","communications technician"
"1715","enginner"
"1716","senior manager, local government"
"1717","chef cuisinier"
"1718","school intervention worker"
"1719","grain trader"
"1720","bus operator"
"1721","concierge"
"1722","forklift operator"
"1723","bank supervisor"
"1724","patient coordinator"
"1725","travel sales"
"1726","legal secretary"
"1727","self employed entrepreneur"
"1728","booking clerk"
"1729","inventory coordinator"
"1730","marine services"
"1731","solid fuel heating technician"
"1732","skiled tradesman"
"1733","la création cinématographique"
"1734","independent music teacher"
"1735","unsure"
"1736","plumber/pipefitter"
"1737","survey technologist/draftsperson"
"1738","grain inspector"
"1739","part-time employee"
"1740","fire fighter"
"1741","director"
"1742","phone rep"
"1743","retail trade"
"1744","compliance officer"
"1745","commis aux finances"
"1746","event host"
"1747","machine operater"
"1748","engineering teck."
"1749","seismic archivist."
"1750","circus artist, director, writer"
"1751","federal civil servant"
"1752","human services director"
"1753","teacher - retired"
"1754","inside sales & admin"
"1755","merchant"
"1756","technical support/customer service"
"1757","crane operator"
"1758","technologist"
"1759","mgr"
"1760","retire - former office clerk"
"1761","choreographer"
"1762","provincial government"
"1763","front end manager"
"1764","cashier in a bank"
"1765","facilities coordinator"
"1766","air force"
"1767","medical lab tech"
"1768","réception des marchandise"
"1769","electronic tech"
"1770","coordinator of regional respite services"
"1771","commercial banker, now retired"
"1772","custome"
"1773","facilities inspector"
"1774","sales retail"
"1775","food service supervisor in a health care centre"
"1776","credit analyst"
"1777","gardener"
"1778","project leader"
"1779","oil worker"
"1780","counsellor/therapist"
"1781","enterprise architect"
"1782","addiction councilor"
"1783","corporate receptionist"
"1784","financial executive"
"1785","application developer"
"1786","greenhouse owner/operator"
"1787","auto manufacturing"
"1788","government public worker"
"1789","natural gas production"
"1790","estate administration in insolvency"
"1791","loss prevention"
"1792","optometric assistant"
"1793","statistician"
"1794","unit clerk"
"1795","dental receptionist"
"1796","inventory analysts"
"1797","cca"
"1798","factory"
"1799","care giver"
"1800","retired secretary"
"1801","freelance writer"
"1802","project analyst"
"1803","ms"
"1804","federal public servant - middle manager at statistics canada"
"1805","social service worker"
"1806","assistant manager housekeeping"
"1807","estimator"
"1808","parent"
"1809","secrétaire retraitée"
"1810","mat mat leave"
"1811","milatary"
"1812","public affairs manager"
"1813","constituency assistant"
"1814","electrict consultor"
"1815","sales mgr"
"1816","no"
"1817","invalide"
"1818","pm"
"1819","dessinatrice en batiment"
"1820","group benefits administration"
"1821","restaurant supervisor"
"1822","government mgt"
"1823","nursing unit manager"
"1824","part time professional"
"1825","computer network administrator"
"1826","project mangement"
"1827","operator"
"1828","culinary industry"
"1829","day trader"
"1830","varied"
"1831","administration - office"
"1832","marine deck officer"
"1833","front end associate"
"1834","chiropractor"
"1835","warehouse worker"
"1836","retail buyer's assistant"
"1837","co-owner small trucking business"
"1838","service aide"
"1839","broker"
"1840","wholesale travel"
"1841","assembleur-mécanique"
"1842","non-profit"
"1843","renovator"
"1844","clerical at cra"
"1845","software application development"
"1846","tech"
"1847","police offcer"
"1848","payment advisor"
"1849","administraror"
"1850","software development"
"1851","tutor"
"1852","skilled labour"
"1853","executive manager"
"1854","surveillance"
"1855","land analysts"
"1856","facility supervisor/custodial"
"1857","data centre manager"
"1858","sales consultant"
"1859","senior administrative assistant at a tertiary level rehabilitation hospital"
"1860","public school education assistant"
"1861","admin/ computer"
"1862","frontend clerk at iga"
"1863","lift truck operator"
"1864","packer"
"1865","communication advisor"
"1866","collections officer for cra"
"1867","certified local govt manager"
"1868","college campus security"
"1869","peace officer - retired"
"1870","film production"
"1871","soldier"
"1872","oil and gas sector"
"1873","administrative asst"
"1874","medical technlogist"
"1875","service advisor"
"1876","cancer epidemiologist"
"1877","incapacite de travail sans revenu"
"1878","apple packer"
"1879","employer services services canada"
"1880","partsman"
"1881","production assistant"
"1882","design engineer (electrical)"
"1883","factory worker"
"1884","student supervisor"
"1885","sales representative"
"1886","unemployed now!"
"1887","cyw"
"1888","sr. engineer"
"1889","mid manager"
"1890","system admin"
"1891","bank account manager"
"1892","optician"
"1893","rehabilitation consultant"
"1894","finance manager"
"1895","periodontist - dental specialist"
"1896","social services"
"1897","correction officer"
"1898","medical professional"
"1899","caregiver"
"1900","loss prevention- asset protection"
"1901","pharmacy"
"1902","logistic manager"
"1903","business"
"1904","refinery worker"
"1905","commis des postes"
"1906","liquor store merchandiser"
"1907","mutual fund reconciliations"
"1908","accounting  clerk"
"1909","poiuy"
"1910","retired rn"
"1911","fishing industry"
"1912","production worker"
"1913","interpreter"
"1914","airport station attendant"
"1915","corrections"
"1916","helicopter pilot"
"1917","intenational training manager"
"1918","chemical engineer"
"1919","retail supervisor"
"1920","daycare teacher"
"1921","loans officer"
"1922","executive secretary"
"1923","vp business development"
"1924","shipping dept. manager"
"1925","automotive production quality control"
"1926","program officer"
"1927","municipal government"
"1928","court stenographer"
"1929","senior buyer"
"1930","roofer"
"1931","csr banking"
"1932","owner of my own company/business"
"1933","edngineering technologist/municipal administrator"
"1934","sales men"
"1935","travel director"
"1936","construction estimator"
"1937","industry"
"1938","clerical staff"
"1939","elevator mechanic"
"1940","surveillance cours d’école"
"1941","health care worker"
"1942","jackie of all trades"
"1943","financial services executive"
"1944","pathology clerk"
"1945","safety"
"1946","bank"
"1947","aviation"
"1948","senior executive cio"
"1949","bookkeeping"
"1950","house flipper"
"1951","sales and management"
"1952","pension administrator"
"1953","telecom it coordinator"
"1954","mobile equipment operator"
"1955","pulp mill superviser"
"1956","owner manager"
"1957","telecommumications"
"1958","law enforcement retired"
"1959","finance director"
"1960","electrical engineer, vp"
"1961","sales and marketing"
"1962","unemployment"
"1963","it management"
"1964","office administration"
"1965","durham district school board"
"1966","customer support manager"
"1967","nav canada"
"1968","daycare provider"
"1969","police officer retired"
"1970","services"
"1971","methods engineer"
"1972","tradesperson/women's advocate"
"1973","policeman"
"1974","police detective"
"1975","property assessor"
"1976","union officer"
"1977","unit aid"
"1978","writer/editor"
"1979","communication manager"
"1980","teacher/retired"
"1981","main bread winer"
"1982","operational trainer"
"1983","access and privacy"
"1984","nursing admin."
"1985","adminstration"
"1986","ca"
"1987","test centre invigilator"
"1988","school head caretaker"
"1989","manager department storet"
"1990","fire service instructor"
"1991","const."
"1992","self employed fitness"
"1993","acountant"
"1994","building inspector"
"1995","unable to work"
"1996","branch office admin"
"1997","admin clerk"
"1998","credit manager"
"1999","self employed - health occupation"
"2000","creative production manager"
"2001","technical support"
"2002","vw audi dealership"
"2003","stocker"
"2004","call center opetator"
"2005","medically released from canadian forces"
"2006","project officer"
"2007","bank branch manager"
"2008","laboratory technician"
"2009","director of purchasing"
"2010","transportation logistics"
"2011","child care provider"
"2012","steel worker"
"2013","admin support bc govt"
"2014","information tech"
"2015","florist"
"2016","cto"
"2017","planner"
"2018","secretary, accounting clerk"
"2019","health care nurse aide"
"2020","armed forces officer"
"2021","building service"
"2022","wood worker"
"2023","mri technologist"
"2024","hostess in a funeral home."
"2025","psychiatric nurse/social worker"
"2026","substitute teacher"
"2027","executive business management"
"2028","sales management"
"2029","national account executive"
"2030","municipal inspector"
"2031","municipal clerk"
"2032","full-time student"
"2033","child care"
"2034","logistique"
"2035","business executive"
"2036","retraitée enseignante"
"2037","attorney"
"2038","hr director"
"2039","line cook"
"2040","educational management"
"2041","customer sales"
"2042","ofa 3"
"2043","pet care associate"
"2044","manager learning & development/ hr"
"2045","geophysicist"
"2046","retire"
"2047","meat specialist"
"2048","data analytics"
"2049","public administration"
"2050","personal banker"
"2051","agrologist"
"2052","accountant cpa/cga"
"2053","general manager"
"2054","software dev"
"2055","registered nurse, retired"
"2056","social worker/counsellor"
"2057","22"
"2058","plant manager"
"2059","medical research"
"2060","upper management"
"2061","purchasing"
"2062","stone mason"
"2063","risk manager"
"2064","homemaker and part time bookkeeper"
"2065","specialist"
"2066","computer support"
"2067","prepose au beneficiaire en deficience"
"2068","executive administration"
"2069","winemaker"
"2070","animal health technician"
"2071","restaurant manager"
"2072","audit"
"2073","office clerical"
"2074","dégustatrice"
"2075","factory labourer"
"2076","finance administrator"
"2077","lineperson"
"2078","project management"
"2079","computer programer"
"2080","retired millwright"
"2081","logistics operations"
"2082","research engineer"
"2083","store assocaite"
"2084","business operations specialist"
"2085","roaster operator"
"2086","accounts"
"2087","interviewer"
"2088","beverage manufacturing"
"2089","bank manager"
"2090","office manager - now retired"
"2091","business services"
"2092","auto leasing"
"2093","esthetician"
"2094","senior account executive"
"2095","municipal councillor"
"2096","infirmier-auxiliare à la retraite"
"2097","photographer"
"2098","tax professional"
"2099","window and door and siding installer"
"2100","retired hd mechanic"
"2101","power line maintainer"
"2102","mère au foyer"
"2103","food service worker"
"2104","homemaker / secretary"
"2105","inventory manager"
"2106","municipal director"
"2107","fashion designer"
"2108","house cleaning"
"2109","kitchen manager"
"2110","publishing sales manager"
"2111","procurement analyst"
"2112","property agent"
"2113","merchandising"
"2114","railway carman"
"2115","medical researchers"
"2116","admin and finance for my company"
"2117","teaching assistant"
"2118","ops manager"
"2119","femme à la maison"
"2120","foster parent"
"2121","retail employee"
"2122","app developer"
"2123","mental health support worker"
"2124","environment tech"
"2125","parks labourer"
"2126","barista"
"2127","cricket farmer"
"2128","daycare"
"2129","sans emploi, à la recherche d'un emploi"
"2130","government stooge"
"2131","builder"
"2132","technology manager"
"2133","media auditor"
"2134","building repair"
"2135","marketing- product snd pricing"
"2136","cruise ships"
"2137","etsy shop"
"2138","clerc"
"2139","skilled laborer"
"2140","recreationist"
"2141","retail marketing"
"2142","customer support"
"2143","travailleuse communotaire"
"2144","militaire"
"2145","superviseure"
"2146","test pilot"
"2147","clerical work"
"2148","aircraft pilot"
"2149","professional accountant and university professor"
"2150","director operations"
"2151","cartoonist"
"2152","was factory worker"
"2153","service clientèle"
"2154","public school teacher"
"2155","infirmier"
"2156","self employ"
"2157","mailman"
"2158","a la recherche d emploi"
"2159","hr / administration"
"2160","waiter"
"2161","industrial sewer"
"2162","customer service for a large auto company"
"2163","research scientist"
"2164","registered massage therapist"
"2165","human services"
"2166","janitorial"
"2167","tour guide"
"2168","security supervision"
"2169","library information officer -federal employee"
"2170","team lead"
"2171","architectural technologist"
"2172","human resources/recruiting"
"2173","child care worker"
"2174","real estate analyst"
"2175","retired journalist"
"2176","cpa"
"2177","development worker"
"2178","clinical manager"
"2179","fed. govt."
"2180","rr conductor/foreman"
"2181","retired cp"
"2182","disabled  not able to work"
"2183","it analyst"
"2184","auto sales manager"
"2185","wastewater operator"
"2186","nursing student"
"2187","govt"
"2188","steam engineering/maintenance"
"2189","airport"
"2190","fishing"
"2191","mail sorter"
"2192","grocery store manager/owner"
"2193","multi - unit manager"
"2194","justice"
"2195","industrial electrician"
"2196","xray technologist"
"2197","public services"
"2198","provincial government employee"
"2199","grocery business"
"2200","division manager"
"2201","administration clerical"
"2202","planner in telecommunications"
"2203","govt of canada"
"2204","customer service supervisor"
"2205","air traffic controller"
"2206","director of a patient care"
"2207","managerial"
"2208","hotel owner"
"2209","nursing instructor"
"2210","picker packer"
"2211","clergyperson"
"2212","technical"
"2213","analysts"
"2214","manager law"
"2215","administrator in post secondary institution"
"2216","cabinetmaker"
"2217","office manager in dental"
"2218","retired firefighter"
"2219","chid care provider"
"2220","pharmacy technician"
"2221","manual laborer"
"2222","employé temps plein"
"2223","co-propriétaire"
"2224","officer"
"2225","technologue en géomatique"
"2226","medical assistant"
"2227","property guru"
"2228","public safety"
"2229","secretarial"
"2230","early childhood education"
"2231","senior manager manufacturing"
"2232","administration retail"
"2233","pre-sales pricing support"
"2234","arts administration"
"2235","cashier grocery store"
"2236","unemployed professional fundraiser"
"2237","adjointe administrative"
"2238","restaurant owner"
"2239","quality control"
"2240","it engineer"
"2241","hydro collector"
"2242","construction consultant"
"2243","project manager- engineering"
"2244","editorial assistant"
"2245","employée"
"2246","x-ray technologist"
"2247","drafting technician"
"2248","enterprenur"
"2249","journeyman machinist/fitter"
"2250","pharma sales mgr"
"2251","government recreation"
"2252","business owner, management, sales"
"2253","director of communications"
"2254","corrections officer"
"2255","pharmacy tech"
"2256","full time homemaker"
"2257","financial specialist"
"2258","head custodian"
"2259","mechanic/instructor"
"2260","policy director in government"
"2261","minister of relegion"
"2262","audititor"
"2263","broadcast journalist"
"2264","educational psychologist"
"2265","reports coordinator"
"2266","anglican bishop"
"2267","engineering ceo"
"2268","site operator"
"2269","stay at home caregiver/parent"
"2270","bank loan officer"
"2271","work part time"
"2272","managment"
"2273","business systems analyst"
"2274","trader"
"2275","security agent"
"2276","delivery agent"
"2277","trade & development g of c"
"2278","tiremen"
"2279","teaching school"
"2280","production operations"
"2281","cook, food prep."
"2282","construction economist"
"2283","prodriver"
"2284","cust service"
"2285","fish processing"
"2286","ghgg"
"2287","in the process of starting a business"
"2288","resident manager commercial cleaning"
"2289","network technician"
"2290","self employed service industry"
"2291","retired dean"
"2292","music instructor"
"2293","analysis"
"2294","microbiologist"
"2295","manger"
"2296","crossing guard"
"2297","invalidité permanente"
"2298","affordable housing manager & developer"
"2299","permanent disability"
"2300","loader"
"2301","inventory control supervisor"
"2302","papermaker"
"2303","social service"
"2304","inside sales"
"2305","business owner/ merchandiser"
"2306","radiation technologist"
"2307","medical transcription"
"2308","fire investigator"
"2309","drafting"
"2310","taxe collector"
"2311","internal controls"
"2312","investigator"
"2313","vet tech"
"2314","landscaper"
"2315","ltd"
"2316","graphics"
"2317","coo"
"2318","fund administrator"
"2319","special ed.teacher"
"2320","former military"
"2321","administrative assistant for provincial health"
"2322","credit associate"
"2323","personal trainer"
"2324","rcmp records clerk"
"2325","part time sales"
"2326","cake decorator"
"2327","floral designer"
"2328","referral analyst for group insurance benefits"
"2329","agricultural economist"
"2330","physiotherapy"
"2331","it security analyst"
"2332","bureaucrat"
"2333","mom"
"2334","project lead in municipal government"
"2335","teacher-librarian"
"2336","manager, health and safety"
"2337","key account manager"
"2338","digital marketing specialist"
"2339","proofreader"
"2340","corporate law clerk"
"2341","m.s.w. child welfare social worker"
"2342","hi tech quality assurance specialist"
"2343","property management"
"2344","royal canadian navy"
"2345","fed govt"
"2346","travel and tourism"
"2347","tech support"
"2348","kj/dj/emcee"
"2349","customer service specialist"
"2350","logistics manager"
"2351","programmeur"
"2352","disabled/retired"
"2353","coal mine inspector"
"2354","credit union ceo"
"2355","retited"
"2356","assistant"
"2357","health administrator"
"2358","ortho tech."
"2359","it service desk."
"2360","je suis propriétaire d'une compagnie québécoise"
"2361","service level management"
"2362","customer clerk"
"2363","data entry clerk"
"2364","sick/disabled/selfemployed"
"2365","daycare owner"
"2366","provincial government worker"
"2367","phd student"
"2368","postier"
"2369","ame"
"2370","merchandise planning"
"2371","prof. engineer"
"2372","animator"
"2373","retired, maintance planner"
"2374","instructor/developer"
"2375","financial policy"
"2376","hospital pharmacist"
"2377","seamstress"
"2378","maintenance planner"
"2379","senior vice president finance"
"2380","group home counsellor"
"2381","employee"
"2382","public education"
"2383","piano teacher"
"2384","medical technology"
"2385","pharmacy technicion"
"2386","electican"
"2387","plant worker"
"2388","registered dental hygienist"
"2389","cleaning"
"2390","caregiver for an elderly lady with dementia"
"2391","railroader"
"2392","commercial lending"
"2393","arts manager"
"2394","superitendant"
"2395","it government director"
"2396","secretaire"
"2397","care aide"
"2398","deli clerk"
"2399","assistante pharmacie"
"2400","cadre"
"2401","disable"
"2402","employment"
"2403","péposée aux opérations"
"2404","former security guard"
"2405","administratrice"
"2406","accouting"
"2407","part time employment"
"2408","civil inspector"
"2409","à la maison"
"2410","payroll/accts. payable/receivablee"
"2411","infirmière clinicienne"
"2412","special events coordinator"
"2413","soutien administratif"
"2414","executive chef"
"2415","resident manager"
"2416","manager of companies"
"2417","forklift technician"
"2418","au foyer"
"2419","psycho-éducateur"
"2420","passe temps"
"2421","freelance"
"2422","retiree"
"2423","working seasonal"
"2424","artist/author"
"2425","commis a la paie"
"2426","traducteur"
"2427","directirce"
"2428","maintanence supervisor"
"2429","travail a temps plein"
"2430","comrtable"
"2431","qa engineer"
"2432","internet web developer"
"2433","volunteer"
"2434","finacial advisor"
"2435","infirmiere"
"2436","work in the office"
"2437","xray tech"
"2438","dishwasher"
"2439","training developer"
"2440","postal"
"2441","natural gas controller"
"2442","auteure"
"2443","biomedical engineering tech"
"2444","it executive"
"2445","owner/manager of a medium size manufacturing business"
"2446","purchasing agent"
"2447","aeronautical routes specialist"
"2448","educator teacher"
"2449","ouvrier de maintenance"
"2450","bureau"
"2451","no job as i cannot get one as jobs hire young people not my age people"
"2452","marketing coordinator"
"2453","disability pension"
"2454","senior care"
"2455","health care management"
"2456","market research"
"2457","software support engineer"
"2458","restaurants"
"2459","horse groom"
"2460","it, now retired"
"2461","corporate underwriting specialist"
"2462","service sector"
"2463","boucher"
"2464","administrative agent"
"2465","mgr retail store"
"2466","gerante de restaurant"
"2467","bar steward"
"2468","businesswoman"
"2469","rmt"
"2470","content developer"
"2471","tour director"
"2472","préposée aux renseignements"
"2473","éducatrice spécialisée"
"2474","procurement officer"
"2475","general caregiver"
"2476","hospital administrator"
"2477","hairstyling"
"2478","acteur"
"2479","labour supervisor"
"2480","menial labour"
"2481","sales agent"
"2482","contract administrator"
"2483","agent de bureau"
"2484","agent d'administration"
"2485","software solution architect"
"2486","smallusiness owner"
"2487","case manager"
"2488","policing"
"2489","golf caddie"
"2490","warehouseman"
"2491","special needs in education"
"2492","military lawyer"
"2493","pipeliner union work"
"2494","farming"
"2495","aide sociale"
"2496","federal gov't employee"
"2497","temps partiel"
"2498","rail traffic controller retired"
"2499","insurance brokerage"
"2500","unemployed/semi-retired"
"2501","regional sales director"
"2502","university education"
"2503","comptabilité"
"2504","vp sales & marketing"
"2505","fitness professionals"
"2506","engineering professor"
"2507","computer services"
"2508","meat packer"
"2509","institution bancaire"
"2510","finacial consultant"
"2511","senior management financial administration"
"2512","government administration"
"2513","mainly parenting, part time work a couple times a month"
"2514","chaplain"
"2515","superviseur"
"2516","science"
"2517","storyboard conform for digital animation"
"2518","logistics specialist"
"2519","on disability assistance"
"2520","sports mgmt"
"2521","federal government health executive"
"2522","aero"
"2523","seniors residence"
"2524","gestionnaire fonction publique"
"2525","independant sales agent"
"2526","broadcaster/public relations (two careers)"
"2527","accounting supervisor"
"2528","retail cashier"
"2529","aide-ebeniste"
"2530","i have no occupation i stay at home with my child"
"2531","ménage"
"2532","parts manager"
"2533","sick leave"
"2534","net tech"
"2535","lis technologist"
"2536","locomotive distributor"
"2537","strutural steel"
"2538","manager supervisor"
"2539","off on medical leave"
"2540","legal"
"2541","imit"
"2542","employment counsellor"
"2543","artist/craftsperson"
"2544","advisor"
"2545","propriétaire et ceo"
"2546","architectural technician"
"2547","not comfortable in telling you"
"2548","business consulting"
"2549","skilled trade"
"2550","nurse, now disabled stay at home mom"
"2551","opérateur chimiste"
"2552","school clean"
"2553","prepose"
"2554","fuel tech"
"2555","produce manager for safeway"
"2556","producer"
"2557","production control"
"2558","travail à temps partiel  28 heures  par semaine"
"2559","rehabilitation therapist"
"2560","mat leave"
"2561","driver instructor/examiner"
"2562","small business owner/operator"
"2563","i work at the front desk of a hotel"
"2564","portfolio manager & chief compliance officer"
"2565","agent de distribution"
"2566","government program administrator"
"2567","vendor"
"2568","thérapeute en réadaptation physique"
"2569","dnd"
"2570","continuing care assistant"
"2571","municipal recreationist"
"2572","air traffic control"
"2573","surgical assistant"
"2574","director of sales"
"2575","office manager / bookkeeper"
"2576","vp finance"
"2577","cn train station operator"
"2578","broadcaster"
"2579","hospital supply marketing systems mgr."
"2580","product and research development manager"
"2581","developmental services worker, residential counselor"
"2582","operations supervisor"
"2583","electicain"
"2584","college counsellor"
"2585","medical equipment installation"
"2586","prof. accountant"
"2587","government employee"
"2588","business developer"
"2589","technique laboratoire"
"2590","rail electrician"
"2591","investment dealer"
"2592","director of international ops for a restaurant chain"
"2593","finance and management"
"2594","photography"
"2595","outreach"
"2596","coordinator"
"2597","agente de gestion du personnel"
"2598","hvac-r"
"2599","retired medical secretary"
"2600","district chief fire department communications centre"
"2601","construction superintendent"
"2602","international marketing aviation senior analyst"
"2603","finance accounting clerk"
"2604","worker full time"
"2605","labour relations/human resources"
"2606","sr admin assistant"
"2607","dietary aide"
"2608","welder burner"
"2609","travel industry"
"2610","operatrice d'autobus"
"2611","documentation"
"2612","facilities management"
"2613","claim processing"
"2614","teaching, broadcasting, management"
"2615","marine electronic technician"
"2616","process engineer"
"2617","cafeteria supervisor"
"2618","sommelier"
"2619","community services"
"2620","infirmier clinicien"
"2621","commis"
"2622","early childhood assistant"
"2623","psw"
"2624","business person"
"2625","safety officer"
"2626","estimateur"
"2627","statisticien"
"2628","construction."
"2629","service representative"
"2630","travailleur"
"2631","occupational hygienist"
"2632","travail manuel"
"2633","health care professional"
"2634","public service ontario"
"2635","retired, volunteering"
"2636","youth sports coach"
"2637","opérateur de consoles"
"2638","landlord"
"2639","security screener at airport"
"2640","government of canada communications advisor"
"2641","electrical supervisor"
"2642","music teacher"
"2643","life insurance"
"2644","commercial banking"
"2645","general contractor"
"2646","quallity engineer"
"2647","reservoir engineer"
"2648","retired law professor"
"2649","policy advisor"
"2650","it professional for an insurance company"
"2651","retail antiques store clerk"
"2652","legal administrative assistant"
"2653","network administrator"
"2654","studying jesus"
"2655","jail guard"
"2656","entretien menager"
"2657","accounting technician"
"2658","it head"
"2659","draftsman"
"2660","daycare worker"
"2661","airline pilot"
"2662","na"
"2663","forensic serologist"
"2664","media producer"
"2665","etudiante"
"2666","senior management"
"2667","foundry worker"
"2668","directeur des achats"
"2669","reg.nurse"
"2670","love"
"2671","part time worker"
"2672","superviseur technique"
"2673","maison"
"2674","réalisateur documents vidéo pédagogiques"
"2675","administrative supervisor"
"2676","security analyst"
"2677","administrative assist"
"2678","front line supervisor"
"2679","disabled stay at home mom"
"2680","employé dans usine de fabrication de meuble"
"2681","good for all"
"2682","legal service"
"2683","conference coordinator"
"2684","public sector - provincial government"
"2685","financial services management"
"2686","inspection"
"2687","purchasing & inventory control manager"
"2688","working"
"2689","it security professional"
"2690","manager financial"
"2691","mental health/addictions"
"2692","healthcare worker"
"2693","gas station, convenience store, restaurant and retail owner now retired"
"2694","welding  inspector"
"2695","dealer communications"
"2696","operations coordinator"
"2697","sr pmo"
"2698","programer"
"2699","office management"
"2700","warehousing"
"2701","it networks engineer"
"2702","recreation director"
"2703","health services gnb"
"2704","educational worker"
"2705","electronic engineer"
"2706","administratve assistant"
"2707","online content writing"
"2708","lighting maintenance sales"
"2709","communication aide"
"2710","health sector"
"2711","ministry of health/ambulance services"
"2712","representative"
"2713","instrumentation mechanic, electrical"
"2714","manager/entrepeneur"
"2715","telecommunications analyst"
"2716","scheduling coordinator"
"2717","admin help. ops"
"2718","administration in federal gov’t"
"2719","911 dispatcher"
"2720","nurse manager"
"2721","director of professional association"
"2722","equipment sales"
"2723","captain"
"2724","public service executive"
"2725","call centre agent"
"2726","office work-health sector"
"2727","field interviews"
"2728","2"
"2729","sw engineer"
"2730","stock trader"
"2731","federal govt employee"
"2732","temporarily unemployed"
"2733","conseillère"
"2734","food inspector"
"2735","h. r. manager"
"2736","sr. financial analyst"
"2737","insurance underwrier"
"2738","maintenance worker"
"2739","horticulturist"
"2740","sales advisor"
"2741","dryman at a mine"
"2742","office manage/bookkeeper"
"2743","private sector management"
"2744","directeur"
"2745","category manager"
"2746","travail temp plein"
"2747","directrice"
"2748","musicien"
"2749","retired retail"
"2750","acting postmaster"
"2751","electrical designer"
"2752","x-ray technician"
"2753","cashier at parkade"
"2754","dual tradesman"
"2755","président d'une pme"
"2756","school administrator"
"2757","fund raising"
"2758","quality assurance"
"2759","head cook"
"2760","software architect"
"2761","executive, automotive"
"2762","senior business manager"
"2763","union staff rep"
"2764","oil"
"2765","selfemployed"
"2766","materials management"
"2767","army officer and nato civilian"
"2768","sans emploi."
"2769","professional coach/manager"
"2770","business service clerk"
"2771","retired social worker"
"2772","pay & benefits for fed govt"
"2773","government relations"
"2774","electronics in military"
"2775","weight loss coach for major weight loss company"
"2776","home based business"
"2777","control assessor"
"2778","rca"
"2779","call center representative"
"2780","rail conductor"
"2781","botanist"
"2782","data entry"
"2783","public servant - senior manager"
"2784","been looking for work for 7 months now"
"2785","organisatrice communautaire"
"2786","director, retail & commercial development"
"2787","entertainment industry"
"2788","export coordinator"
"2789","work full time"
"2790","priest"
"2791","registered respiratory therapist"
"2792","union rep"
"2793","accounting manager"
"2794","oil & gas"
"2795","telecomm technician"
"2796","emergency response"
"2797","military physician assistant"
"2798","tattoo artist"
"2799","medical office administration"
"2800","director projects"
"2801","self employed/freelance, sole proprietor"
"2802","reverend"
"2803","homemakee"
"2804","informatique"
"2805","super valu"
"2806","student services"
"2807","eye care assistant"
"2808","gst/hst auditor"
"2809","skilled labourer"
"2810","provincial"
"2811","lab assistant"
"2812","ca cpa"
"2813","quality manager"
"2814","stay at home mother"
"2815","project manager construction"
"2816","magazine editor"
"2817","municipal administrator"
"2818","fire protection"
"2819","human resources assistant"
"2820","advanced care paramedic"
"2821","federal public service administration"
"2822","electronics industry"
"2823","craftsman"
"2824","marine biologist"
"2825","broker/owner"
"2826","human resources director"
"2827","meter technician"
"2828","tradesmen"
"2829","hotel manager"
"2830","railway"
"2831","golf pro"
"2832","federal gov't worker/blue collar"
"2833","sr credit supervisior"
"2834","science/research/biological"
"2835","customs superintendent"
"2836","adminstrative assistant for td bank"
"2837","mall business owner/bakery"
"2838","warehouse person"
"2839","corporate management"
"2840","quality control food plant"
"2841","invoicing clerk"
"2842","airport worker"
"2843","trainer"
"2844","directrice de compte institution bancaire"
"2845","education teacher"
"2846","fonctionnaire federal"
"2847","vp, operations at a tech company"
"2848","psychology lab research assistant"
"2849","branch manager"
"2850","cable technician"
"2851","waste management"
"2852","career advisor"
"2853","maintance"
"2854","city worker"
"2855","senior manager, graphics production"
"2856","étudiante et travailleur autonome"
"2857","computer tech"
"2858","securité"
"2859","sale"
"2860","prefer not to answer"
"2861","ad sales"
"2862","research & insights"
"2863","flemme au foyer"
"2864","operations analyst"
"2865","provincial employee"
"2866","human resource mgt"
"2867","rn-retired"
"2868","computer programmer/analyst"
"2869","t’enchéris"
"2870","contractor/builder"
"2871","secondary school teacher"
"2872","electricien"
"2873","caster"
"2874","mecanitien"
"2875","lightkeeper"
"2876","no working"
"2877","tobacco shop cashier"
"2878","youth worker"
"2879","technical assistant"
"2880","natural gas technician"
"2881","registered nurse educator"
"2882","heavy equipment operator and owner."
"2883","court officer"
"2884","park planner"
"2885","new home sales"
"2886","bricklayer"
"2887","student information coordinator"
"2888","logistical specialist"
"2889","board of directors"
"2890","child/youth counsellor"
"2891","call operator"
"2892","physicist"
"2893","municipal administration"
"2894","writer and editor"
"2895","former supervisor"
"2896","minister of religion"
"2897","hotel"
"2898","labour relations"
"2899","preventive dental nurse"
"2900","wo4ker"
"2901","manager, human resources"
"2902","school janitor"
"2903","produce mgr, grocery store"
"2904","caregiver at a group home"
"2905","rbc"
"2906","service à la clientèle"
"2907","professionnel au gouvernement"
"2908","directrice administrative"
"2909","stay at home mom, homeschooler"
"2910","bsa"
"2911","tax prepare/ school reacher"
"2912","veterinary assistant"
"2913","infirmier dîplomé"
"2914","program director of a social enterprise creating employment for people with disabilities"
"2915","kitchen work"
"2916","retired farmer"
"2917","service teck"
"2918","labour amusement rides"
"2919","legal secretarial"
"2920","directeur usine"
"2921","front line worker with developmentally handicapped individuals"
"2922","own a contracting company"
"2923","social media manager"
"2924","it consulting services"
"2925","eucation"
"2926","case management"
"2927","internet"
"2928","ramp agent"
"2929","safety consultant"
"2930","retired from papermill and working driving taxi"
"2931","sr management"
"2932","disabled and unemployed currently"
"2933","pharmaceuticals"
"2934","human resources."
"2935","health & safety administrator"
"2936","non profit supervisor"
"2937","property appraiser"
"2938","youth services worker"
"2939","health related"
"2940","govt clerk"
"2941","crew clerk cp rail"
"2942","addictions counsellor"
"2943","forest engineer"
"2944","full time"
"2945","operations support clerk"
"2946","information systems"
"2947","executive director"
"2948","evaluateur agree"
"2949","produce supervisor"
"2950","market analyst"
"2951","garde d'enfants"
"2952","self=employed typist"
"2953","propriétaire de pme"
"2954","nuclear operator"
"2955","real estate investor"
"2956","unemployed, not actively looking"
"2957","company staff"
"2958","journalière"
"2959","bartender/waitress"
"2960","student and part time marketing employee"
"2961","buisness owner"
"2962","service industry- stocking shelves last job."
"2963","senior administrator - non profit"
"2964","business architect"
"2965","general manager of it"
"2966","accoutant"
"2967","education assitant"
"2968","disability claims adjudicator"
"2969","supply tech"
"2970","electronic engineering tech"
"2971","gouvernementale"
"2972","travaille temps plein"
"2973","handyman"
"2974","library clerk"
"2975","people manager"
"2976","transport. manager"
"2977","instrument technician"
"2978","lcbo/vintages management/consultant"
"2979","government (provincial)"
"2980","teaching master"
"2981","construction home.improvement"
"2982","wastewater treatment operator"
"2983","clerical in telecommunications"
"2984","kbkjk"
"2985","hotel management"
"2986","personal shopper"
"2987","ohs consultant"
"2988","purchasing mgr."
"2989","mother/homemaker"
"2990","senior program manager"
"2991","software support team lead"
"2992","wireperson"
"2993","sans emploi"
"2994","management consulting"
"2995","forest technology"
"2996","recreation manager"
"2997","spécialiste de la qualité"
"2998","program manager in health and social services"
"2999","addictions counselling"
"3000","health care systems business analyst"
"3001","transportation compliance"
"3002","warehouse picker"
"3003","family caregiver"
"3004","president"
"3005","night audit"
"3006","correctional manager"
"3007","technicienne en administration"
"3008","mediator"
"3009","aerospace manager"
"3010","retail was nurse for 35 years"
"3011","accouting cpa"
"3012","software development and support"
"3013","program asst at community college"
"3014","benefit administrator"
"3015","fashion design"
"3016","teleservice rep"
"3017","field service manager"
"3018","master carpenter"
"3019","info tech"
"3020","marketing admin"
"3021","digital animation"
"3022","airline agent"
"3023","circus"
"3024","health &safety"
"3025","general labour"
"3026","payroll and tax manager"
"3027","tax analyst"
"3028","car jockey for car rental"
"3029","registered midwife"
"3030","meteorologist"
"3031","customer care agent"
"3032","development analyst"
"3033","forestry engineer"
"3034","home business owner"
"3035","pet groomer"
"3036","radio reporter"
"3037","post-production artist"
"3038","senior program advisor"
"3039","shift super."
"3040","retraiter"
"3041","two administration positions at two different companies to make ends meet"
"3042","municipal lab assistant"
"3043","home builder"
"3044","fundraiser (post-secondary)"
"3045","fiber technology"
"3046","call centre manager"
"3047","hospital administration"
"3048","research"
"3049","long term care ward clerk"
"3050","secondary teacher"
"3051","secrétaire de direction"
"3052","direct support professional"
"3053","service"
"3054","stock clerk"
"3055","ota/pta"
"3056","donation attened[tent"
"3057","conseiller technique"
"3058","comercial art buyert"
"3059","esl instructor"
"3060","title searching"
"3061","accidenté du travail"
"3062","emergency service dispatcher"
"3063","cadre supérieur"
"3064","building"
"3065","child protection worker"
"3066","high school teacher/department head"
"3067","commercial painter"
"3068","assistante administrative"
"3069","agent recouvrement"
"3070","manager/analyst"
"3071","currently disabled"
"3072","mergers and acquisitions"
"3073","vente"
"3074","rehabilitation  consultant"
"3075","prof"
"3076","deisel tecnition"
"3077","policière"
"3078","ironworker"
"3079","gouvernement du quebec"
"3080","registered  nurse"
"3081","inventory control"
"3082","baker"
"3083","facteur"
"3084","daycare worker full tume"
"3085","disabled but was a photographer"
"3086","legal secratary"
"3087","sans emplois, administratice"
"3088","secretary assistant"
"3089","directeur de comptes"
"3090","animalière"
"3091","software support"
"3092","energy"
"3093","retail associate"
"3094","admi isy"
"3095","arts and entertainment"
"3096","government call center"
"3097","long hauler"
"3098","accounts payable hydro"
"3099","porter"
"3100","assistante familiale et sociale"
"3101","journaliere"
"3102","computer trainer/teacher"
"3103","mechanical trades"
"3104","customer service coordinator"
"3105","inhalothérapeute"
"3106","public service management"
"3107","mortgage lender"
"3108","directrice marketing"
"3109","health services"
"3110","not for profit organization"
"3111","maladie"
"3112","financial representative"
"3113","emergency medical disptacher"
"3114","manoeuvre"
"3115","guest relations manager"
"3116","canvasing"
"3117","research analyst"
"3118","auto-worker"
"3119","it supervisor"
"3120","commercial insurance sales"
"3121","telecommunications manager"
"3122","account managers"
"3123","instructional designer/facilitator"
"3124","environmental technologist"
"3125","drywall finisher"
"3126","educational services"
"3127","daledman"
"3128","a"
"3129","commis de plancher"
"3130","magician"
"3131","court transcriber"
"3132","school supervisor"
"3133","none"
"3134","director of business development, non-profit urban development organization"
"3135","geologist  exploration"
"3136","rna"
"3137","ett"
"3138","myr municipality"
"3139","gymnastics coach"
"3140","electrical utility"
"3141","lease administrator"
"3142","metier"
"3143","scaffolder"
"3144","inactive veterinary technologist"
"3145","port authority ceo"
"3146","credit underwriter"
"3147","speech-language pathologist"
"3148","procurement"
"3149","manager of nutrition"
"3150","looking for work"
"3151","product & documentation coordinator"
"3152","disabled, was a business systems analyst"
"3153","airline empliyee"
"3154","corporate manager"
"3155","wholesaler"
"3156","transportation supervisor"
"3157","communications coordinator"
"3158","advertising"
"3159","i have several very diverse careers that you would never believe. radically unconventional."
"3160","lifestyle consultant"
"3161","gas operator"
"3162","caissière"
"3163","adjoint administratif"
"3164","orthopedagogue"
"3165","director of a municipal division"
"3166","mlt"
"3167","public service (federal)"
"3168","instructor/consultant"
"3169","thomson reuters"
"3170","conseillère en emploi"
"3171","heating contractor"
"3172","chargée de formation"
"3173","conseiller gestion patrimoine"
"3174","working in an it department"
"3175","warehouse receiver"
"3176","post doctoral fellow"
"3177","hotel general manager"
"3178","health care sales"
"3179","manager of a grocery store"
"3180","software architect and developer"
"3181","college support staff"
"3182","book publisher"
"3183","development manager"
"3184","retail sales/customer service"
"3185","inventory management"
"3186","retired from teaching"
"3187","systems analysis"
"3188","accuntant"
"3189","nurse practitioner"
"3190","director of design"
"3191","operationsmanager"
"3192","quality assurance auditor"
"3193","automotive worker"
"3194","private music instructor / singer"
"3195","human resources manager"
"3196","stationary engineering"
"3197","superintendent of edycation and provincial government official"
"3198","admin assistant and student advisor"
"3199","day care provider"
"3200","conseillère à la vente"
"3201","computer promrammer"
"3202","seamstress/fashion sales clerk"
"3203","professional entertainer"
"3204","legal services"
"3205","bénévolat"
"3206","medical transcriptionist"
"3207","information technology specialist"
"3208","associate broker"
"3209","professionnelle"
"3210","digital consultant"
"3211","dental technician"
"3212","compensation advisor"
"3213","special education"
"3214","coodinator at a university"
"3215","exec admin"
"3216","administrateur"
"3217","logistique transport"
"3218","damage adjuster"
"3219","work"
"3220","laboratoire médical"
"3221","financial controller"
"3222","international courier"
"3223","disabled by cancer and more"
"3224","technical writer"
"3225","retired professor now working as a consulting entomologist"
"3226","représentant service technique"
"3227","telcom technician"
"3228","telecommunications technician"
"3229","had my own business"
"3230","warranty processing"
"3231","day care director"
"3232","supervisory"
"3233","radiographic technologist"
"3234","elementary school teacher"
"3235","group retirement service"
"3236","travail à temps plein"
"3237","public service manager"
"3238","conductrice d’autobus scolaire"
"3239","director in federal government"
"3240","hairsylist"
"3241","tile installer"
"3242","retired bank manager"
"3243","oil/gas production"
"3244","owner of a small printing company"
"3245","registered nurse/pastoral minister"
"3246","plumbing/heating"
"3247","sales and accounts"
"3248","canada post term employee"
"3249","engineering technologiat"
"3250","receiver"
"3251","office/business manager"
"3252","hair stylist"
"3253","directeur vente"
"3254","assistant bank manager"
"3255","teachers aide"
"3256","teacher/politician"
"3257","contrôleur de trafic maritime"
"3258","maintenance coordinator"
"3259","retired  teacher"
"3260","administrative officer,  cn engineering"
"3261","it technician"
"3262","printing"
"3263","provincial government public sector employee"
"3264","national/international credit manager"
"3265","preshool teacher"
"3266","upper level management"
"3267","maintenance man"
"3268","celibataire jamais mariee"
"3269","millwrieght"
"3270","tool and die designer"
"3271","salarié temps partiel"
"3272","self-employed professional"
"3273","vp marketing"
"3274","hydrographer"
"3275","child protection services"
"3276","account executive"
"3277","mill worker in mining"
"3278","management of a not-for-profit"
"3279","développement/soutien applications informatiques"
"3280","program director of a daycare/early childhood educator"
"3281","self employed - service"
"3282","bartender on maternity leave"
"3283","business support"
"3284","manager at saskpower"
"3285","communications & marketing"
"3286","chartered insurance professional"
"3287","special education/resource teacher—i was assaulted and permanently disabled by a violent student in my classroom in 2010"
"3288","admin. assistant"
"3289","trust officer"
"3290","new car dealer"
"3291","server, student"
"3292","small business operator"
"3293","own a bnb"
"3294","white collar/office work"
"3295","manufacturing eng."
"3296","mvd"
"3297","client rep"
"3298","retail sales employee"
"3299","provincal gov"
"3300","warehouse professional"
"3301","emt"
"3302","coiffeuse"
"3303","operations lead"
"3304","beautician"
"3305","aviation writer/photographer/historian"
"3306","health care adminisstration"
"3307","public servant upper management"
"3308","customer service associate"
"3309","maintenance specialist"
"3310","spring maker"
"3311","engraver and property developer"
"3312","production planner"
"3313","fitness trainer"
"3314","not for profit coordinator"
"3315","professional forester"
"3316","grafter"
"3317","employed"
"3318","on sick leave"
"3319","government senior mgr"
"3320","real estate assistant"
"3321","business intelligence manager"
"3322","warehousing and distribution"
"3323","maintenance mechanic"
"3324","teachet"
"3325","production management"
"3326","diplomar"
"3327","traducteur-réviseur"
"3328","orthophoniste"
"3329","chômage"
"3330","industrial mechanic"
"3331","secrétaire de gestion"
"3332","éducation"
"3333","payroll assistant"
"3334","oceaonographic research"
"3335","agent de bord"
"3336","high tech"
"3337","directeur de services à domicile(clsc)"
"3338","femme et mère au foyer"
"3339","adjointe"
"3340","order picker"
"3341","travailleur autonome (photographe)"
"3342","religious work"
"3343","human resources administration"
"3344","apprvisioneur"
"3345","tech en environnement"
"3346","telephone worker"
"3347","academic counselling"
"3348","homme au foyer"
"3349","chartered bank middle mgr"
"3350","training consultant"
"3351","retired - computer systems analyst"
"3352","journaliste"
"3353","university lecturer"
"3354","professeur d'université retraité"
"3355","bookkeeper, secretary"
"3356","disabled/unemployed"
"3357","telecommunication sales"
"3358","ingenieur en mecanique des roches"
"3359","journalist farmer teacher"
"3360","forestry crewman"
"3361","oil/gas"
"3362","retraités"
"3363","canadian armed forces"
"3364","gov worker"
"3365","travailleur a temps plein"
"3366","airline"
"3367","health coach"
"3368","retraitée. infirmière de formation"
"3369","travail temps plein"
"3370","secretary/property management"
"3371","directeur général (cga)"
"3372","bibliothécaire"
"3373","enseignement"
"3374","cadre dans la fonction publique fédérale"
"3375","tech éducation spécialisée"
"3376","news director"
"3377","he advisor"
"3378","residental counsellor"
"3379","fonctionnaire provincial"
"3380","controleur circulation aérienne"
"3381","trainer, facilitator, consultant"
"3382","v.p. dairy company"
"3383","cashier, tim hortons"
"3384","draughtsman"
"3385","conseillère d'orientation"
"3386","office admin."
"3387","quality engineering"
"3388","agence de communication"
"3389","youth councellor"
"3390","credit assistant"
"3391","facilities manager"
"3392","meterology"
"3393","applications engineer"
"3394","retail marketer"
"3395","online saleswoman"
"3396","self emplyed"
"3397","occupation"
"3398","oil and gas worker"
"3399","both, retired coast guard, now contract my services part of the year"
"3400","policy director"
"3401","csr supervisor"
"3402","admininstrative"
"3403","pedothist"
"3404","coordinator of volunteers"
"3405","transport industry"
"3406","inspector for national defence"
"3407","professeur-chercheur"
"3408","technologue médical de laboratoire"
"3409","artistic director"
"3410","magasinier"
"3411","federal goverment- medically retired"
"3412","labour inspector"
"3413","gerstinnaire"
"3414","femme au foyer"
"3415","library worker"
"3416","safety technician"
"3417","tire industry"
"3418","parent educator"
"3419","warehouse team leader"
"3420","agronome"
"3421","fonctionnaire - analyste"
"3422","entreupeneur"
"3423","small business, retail, owner"
"3424","trust company manager"
"3425","not working."
"3426","retired - banker"
"3427","operateur machine fixe"
"3428","middle mgt"
"3429","stock mangerment"
"3430","pre-loader"
"3431","ingénieur en ressource hydrique"
"3432","employés"
"3433","senior capital markets operations administrator"
"3434","english teacher"
"3435","gestionnaire de publications"
"3436","aquatic scientist"
"3437","postal worket"
"3438","telecom network engineer"
"3439","program coordinator, no"
"3440","commercial banker"
"3441","teachers"
"3442","cn conductor"
"3443","retired legal assistant"
"3444","combat systems engineer"
"3445","retired but working part time"
"3446","medical social work"
"3447","training professional"
"3448","chief client officer"
"3449","chief mate"
"3450","team leader"
"3451","prof de fac"
"3452","department of national defence"
"3453","part time job"
"3454","college administrator"
"3455","parttime retired"
"3456","client services"
"3457","control technician"
"3458","general office"
"3459","process specialist"
"3460","entry level at a call centre"
"3461","parts sales"
"3462","teacher - computers"
"3463","unemployed semi retired"
"3464","traductrice-réviseurs"
"3465","conseillere en gestion de projet"
"3466","sales in ag"
"3467","grad student"
"3468","coal miner"
"3469","filmmaker"
"3470","human resources advisor"
"3471","petroleum sales rep."
"3472","analyste financiere"
"3473","lawv enforcement"
"3474","mdn"
"3475","home care"
"3476","manager of trades"
"3477","nursing unit assistant"
"3478","ontario parks"
"3479","computer project manager"
"3480","opera singer"
"3481","it systems"
"3482","broadcast media"
"3483","certified public accountant"
"3484","city wooker"
"3485","commercial pilot"
"3486","decoration interieure"
"3487","dara administration"
"3488","service tech"
"3489","police oficer"
"3490","director of athletics university"
"3491","support worker group home"
"3492","chomeur"
"3493","accounting / maternity leave"
"3494","medical lab technologist"
"3495","marketing consultant"
"3496","full time parent"
"3497","senior application developer"
"3498","chef reception"
"3499","arpenteure-géomètre"
"3500","conseiller syndical"
"3501","airline supervisor"
"3502","paiemaître"
"3503","marine construction mgr."
"3504","marketing/sales management"
"3505","animateur télé"
"3506","libraire"
"3507","trainer facilator"
"3508","approvisionnement international"
"3509","income tax and organisational consultant, part-time, semi-retired"
"3510","employé"
"3511","procurement administrator for prov govt"
"3512","consultant - full time self employed"
"3513","temps plein travail"
"3514","physiothérapeute"
"3515","front line social services worker"
"3516","oilfield directional driller."
"3517","technologue sénior environnement"
"3518","instructeur/moniteur de conduite auto"
"3519","chef de projet"
"3520","emploi de bureau"
"3521","cuisinière et préposée"
"3522","directeur technique théâtre"
"3523","travail autonome"
"3524","operateur"
"3525","ingenieur de son"
"3526","préposé aux pieces automobiles"
"3527","expert-comptable"
"3528","coordonnatrice de recherche"
"3529","professional, craftsperson"
"3530","technicien gestion invalidité"
"3531","chef d'opération stm"
"3532","travailleur forestier"
"3533","souscripteur"
"3534","compliance analyst"
"3535","software quality assurance"
"3536","arts and art education"
"3537","travail temps partiel"
"3538","international business consultant"
"3539","chauffeur"
"3540","landscape foreman:designers"
"3541","transport"
"3542","facilities supervisor"
"3543","instrumentation specialist"
"3544","travailleur des médias"
"3545","consultant construction administration"
"3546","cons relations de travail"
"3547","international education"
"3548","it sec/paralegal"
"3549","telecom manager"
"3550","tax advisor"
"3551","retired lpn"
"3552","engineering leadership"
"3553","library"
"3554","pharmacienne"
"3555","full time student, part time banker"
"3556","small business"
"3557","office clerck"
"3558","senior policy advisor"
"3559","analyste en relations d'affaires"
"3560","médecine"
"3561","sales & marketing"
"3562","distribution and logistics"
"3563","elementary principal"
"3564","ingenieur"
"3565","operations (trainee)"
"3566","food scientist"
"3567","non profit"
"3568","special education teacher"
"3569","recherche éducative"
"3570","professionnelle de la communication"
"3571","accomodations clerk"
"3572","releif worker"
"3573","desktop publisher/editor"
"3574","human resource professional"
"3575","contracts analyst"
"3576","éleveur de bisons"
"3577","supervisor emergency services"
"3578","financial administrator"
"3579","curently a homemaker but before i was working in comercial custodial"
"3580","self employed partime"
"3581","electrition"
"3582","metal sales"
"3583","bell canada"
"3584","collectionneur"
"3585","infographiste"
"3586","organizational and leadership development"
"3587","govt employee"
"3588","event designer and internet sales"
"3589","company director (mining)"
"3590","comptable professionnel"
"3591","serveuse"
"3592","mtn guide"
"3593","purchasing mgr"
"3594","lighting designer theatre"
"3595","a/p and payroll"
"3596","emergency medical services- paramedic"
"3597","cadre superieur"
"3598","elec tech"
"3599","retired law enforcement"
"3600","maternity leave. data entry and gis"
"3601","law officer"
"3602","customer representative"
"3603","temp plein"
"3604","health care administration"
"3605","transit driver"
"3606","billingual csr"
"3607","sécurité"
"3608","ingénieur civil"
"3609","rural service mail carrier for canada post"
"3610","non-profit manager"
"3611","\bank"
"3612","retail grocery"
"3613","education officer - provincial ministry of education"
"3614","oil and gas"
"3615","commis vente"
"3616","éducation spécialisée"
"3617","addiction services"
"3618","retail professional"
"3619","agent de programmes"
"3620","maladie rrq"
"3621","linguiste"
"3622","box office manager"
"3623","sawmill worker"
"3624","reporter"
"3625","lab supervisor"
"3626","geophysicien"
"3627","railcar mechanic"
"3628","dr"
"3629","technitien"
"3630","millwork"
"3631","gouvernement"
"3632","travailleuse"
"3633","transfer care specialist"
"3634","coo, cfo"
"3635","student affairs"
"3636","business management"
"3637","enseigante"
"3638","nurses aide"
"3639","espère être capable de fournir"
"3640","travailleur temp plein"
"3641","géologue stagiaire"
"3642","student/part time employee"
"3643","i work with computers"
"3644","ébénistes"
"3645","hvac management"
"3646","salarié"
"3647","supervision"
"3648","pet care business owner"
"3649","agent de douane"
"3650","full time employed"
"3651","technicienne aux rh"
"3652","ai technician"
"3653","public accountant"
"3654","flag person"
"3655","pr director"
"3656","directeur de marketing"
"3657","relation de travail"
"3658","fonctionnaire fédérale"
"3659","travail a temps partiel"
"3660","commis-comptable"
"3661","international homestay coordinator for high schools."
"3662","physio"
"3663","chairman"
"3664","directeur administratif"
"3665","patron"
"3666","psychiatric r.n."
"3667","laboratory clinical assistant"
"3668","homme de scène"
"3669","courtier d'assurance de dommages"
"3670","architecte"
"3671","insurance - risk management"
"3672","gérant"
"3673","retired from banking"
"3674","protective security"
"3675","réception"
"3676","x"
"3677","répartiteur"
"3678","technicien en administration"
"3679","chaufeur bus scolaire"
"3680","gestionnaire universitaire"
"3681","computer scientist"
"3682","président de division d'une corporation internationale"
"3683","provincial government - health planner"
"3684","surveillant d'établissement"
"3685","vehicle appraiser"
"3686","rh"
"3687","mopologist"
"3688","chargė de projei"
"3689","childcare provider"
"3690","technology professional"
"3691","technicienne de laboratoire"
"3692","employé de bureau municipal"
"3693","technicien fibre optique"
"3694","langagier conseil"
"3695","conseiller relations d'affaires"
"3696","purchasing coordinator"
"3697","préposé aux bénéficiaires"
"3698","emploi temps plein"
"3699","hospital worker"
"3700","labour relations officer"
"3701","homemaker/very part time work"
"3702","vendeur de pieces equipt lourd"
"3703","gestionnaire de projets"
"3704","regulation"
"3705","international business development"
"3706","admistrateur"
"3707","technicien raffinage"
"3708","accounting support"
"3709","mécanicienne d'appareillage"
"3710","city of montreal white collar"
"3711","lecturer"
"3712","psychologue"
"3713","graphiste"
"3714","directeur adjoint"
"3715","consultante projets internationaux"
"3716","directeur ressources humaines"
"3717","cnc setter"
"3718","part time customer care rep"
"3719","direction ti"
"3720","chercheur"
"3721","postal employee"
"3722","cpa, ca (professional accountants)"
"3723","professeure à l'université"
"3724","directeur des services correctionnels du québec"
"3725","technologue"
"3726","academics"
"3727","coordinatrice groupe"
"3728","client care"
"3729","federal public service"
"3730","public policy analyst"
"3731","sahm"
"3732","retail suopervisor"
"3733","maintenance electrician"
"3734","réseau de la santé"
"3735","health record technician"
"3736","catering manager"
"3737","agent de recherche"
"3738","travail temps pleib"
"3739","travel professional"
"3740","conseiller en affaires publiques"
"3741","collator"
"3742","tech industry"
"3743","accounts payable/receivable"
"3744","cheesemonger"
"3745","bartender"
"3746","visual assistant manager"
"3747","instrumentation technician"
"3748","opticien"
"3749","représentante ventes"
"3750","director provincial government"
"3751","travel insurance sales agent"
"3752","federal government auditor"
"3753","cio"
"3754","at home mom"
"3755","makeup artist"
"3756","arts"
"3757","acheteur"
"3758","employée à temps partiel"
"3759","agent"
"3760","physical therapist"
"3761","accounting analyst"
"3762","naval officer rcn"
"3763","newspaper carrier"
"3764","political staffer"
"3765","financial services industry"
"3766","fonctionnaire retraité"
"3767","engineering student"
"3768","dirigeant d'organisation"
"3769","aumonier d'hôpital"
"3770","heavy duty mechanic"
"3771","telecommunications program director"
"3772","food manufacturing"
"3773","analyste systeme informatique"
"3774","professional sales"
"3775","general insurance"
"3776","research coordinator"
"3777","propriétaire de commerce"
"3778","éducatrice de service de garde."
"3779","directrice centre petite enfance"
"3780","high school english teacher"
"3781","banquier retraité"
"3782","driver sales"
"3783","publishing"
"3784","gis technician"
"3785","hydro-québec"
"3786","executive management"
"3787","financial services manager"
"3788","executive administrative assistant"
"3789","steamfitter"
"3790","computer hardware support specialist"
"3791","home consulting"
"3792","peer support"
"3793","adjointe de direction"
"3794","repartiteur"
"3795","lab analyst"
"3796","imprimerie"
"3797","cheminot"
"3798","salariée temps plein"
"3799","enseignante collégiale"
"3800","cloud infrastructure specialist"
"3801","administrateur public"
"3802","business consulting and training"
"3803","retired recreation therapist"
"3804","tourism sector"
"3805","donor relations professional"
"3806","operateur informatique"
"3807","bank official"
"3808","school photography"
"3809","hospitality field"
"3810","field services technician"
"3811","technicien en électronique"
"3812","mere au foyer"
"3813","call taker"
"3814","software tech"
"3815","secrétariat"
"3816","crown corporation (several jobs)"
"3817","travailleuse temps plein et étudiante temps partiel"
"3818","agent administratif"
"3819","conseillère en financement et placement"
"3820","domestic engineer"
"3821","drive truck class 1 lic"
"3822","engineering designer"
"3823","employée temps plein"
"3824","disabled-automotive"
"3825","professeur au cégep"
"3826","tech analyse laboratoire medical"
"3827","copier technician"
"3828","social workers"
"3829","factory auto sector"
"3830","intervenante"
"3831","thérapeute en réflexologie"
"3832","lw"
"3833","language instructor"
"3834","executive director of housekeeping and laundry services"
"3835","home care aid"
"3836","it services business owner"
"3837","general director"
"3838","careaide"
"3839","cadre en entreprise"
"3840","compensation assistant"
"3841","printer"
"3842","travailleur à temps plein"
"3843","conseiller en sécurité financiere"
"3844","couturiere"
"3845","tech leader"
"3846","a la maison"
"3847","palliative home visiting rpn"
"3848","chief draftsman"
"3849","retired, sales"
"3850","software executive"
"3851","llabourer"
"3852","chef cuisine"
"3853","marketing responsible"
"3854","supply clerk"
"3855","self-employed part-time"
"3856","oil industry"
"3857","technical service manager"
"3858","registered veterinary technician"
"3859","canadian armed forces medical administration officer"
"3860","freelance from home"
"3861","superviseur en hotellerie"
"3862","cad technician"
"3863","chargee de projets"
"3864","concrete finisher"
"3865","pricing analyst"
"3866","employé de l’état"
"3867","technicien audiovisuel"
"3868","ships cook"
"3869","forestier"
"3870","adult educator"
"3871","volunteer resources coordinator"
"3872","représentant des ventes"
"3873","director of centre"
"3874","caf"
"3875","auditrice"
"3876","data technician"
"3877","personal lines underwriter"
"3878","contremaitre"
"3879","regional sales & marketing manager"
"3880","développement des affaires"
"3881","carman"
"3882","art director/ book designer/ high school teacher"
"3883","technical support specialist"
"3884","recovery group facilitator"
"3885","retraitee"
"3886","chauffeur-livreur"
"3887","archithèque"
"3888","air traffic control&farmer"
"3889","banquier"
"3890","hydro quebec"
"3891","enquêteur  retraité"
"3892","semi retraite"
"3893","génie conseil"
"3894","trust examiner"
"3895","pompier"
"3896","market researcher"
"3897","service clientele"
"3898","fcuk off"
"3899","government - public servant"
"3900","éducatrice en santé mentale"
"3901","ingénieur de systèmes"
"3902","entitlement officer"
"3903","blue collar worker"
"3904","finance and accounting"
"3905","intervenant en santé mentale"
"3906","auto detailing"
"3907","teaxher"
"3908","pharmacie"
"3909","teacher/counsellor"
"3910","ingénieur."
"3911","athletic therapist"
"3912","cpa, cga à son compte"
"3913","industrielle propriétaire"
"3914","gestionnaire de projet"
"3915","international policy development consultant"
"3916","coordonnateur d’évènements"
"3917","agent saaq"
"3918","clerical-office work"
"3919","quality lab technician"
"3920","multimedia"
"3921","search engine evaluator"
"3922","horses breeder / trainer"
"3923","retrait"
"3924","technicien en telecommunications"
"3925","gérant de production"
"3926","antiquaire"
"3927","contracts management"
"3928","technicien réseau gazier"
"3929","technicien en evaluation fonciere"
"3930","météorologue"
"3931","healthcare director"
"3932","business advisory services"
"3933","laboratory tech"
"3934","domaine de la santé"
"3935","réviseur"
"3936","clerk 3"
"3937","fishery"
"3938","notre revenu familial"
"3939","technicien de scènes / chef sonorisateur"
"3940","chauffeur de taxi"
"3941","professor of math"
"3942","financial services worker"
"3943","professional home organizer"
"3944","col blanc"
"3945","technicienne en radiologie"
"3946","investor"
"3947","retired customer service"
"3948","gestionnaire public"
"3949","medecine"
"3950","interior design"
"3951","travailleur temps plein"
"3952","representant commercial"
"3953","retired banker"
"3954","investment consultant"
"3955","aviseur technique"
"3956","retail assistant"
"3957","directeur général logement social"
"3958","information management"
"3959","gestionnaire milieu santé"
"3960","vice-prés. finances"
"3961","elementary teacher"
"3962","homecare"
"3963","correctional service"
"3964","longshoreman"
"3965","représenant medical"
"3966","restaurant"
"3967","trainer for a telecoms firm"
"3968","dental nurse"
"3969","forester"
"3970","financial services administrator - caf"
"3971","canadian army"
"3972","travailleur à temps partiel"
"3973","meat inspector"
"3974","médecin spécialiste en geriatrie"
"3975","directeur administration"
"3976","forest industry"
"3977","commis expédition"
"3978","machiniste"
"3979","hr executive"
"3980","couturière"
"3981","actuaire"
"3982","florist owner"
"3983","conseiller aux entreprises"
"3984","television  camera"
"3985","logistic consultant"
"3986","field technician"
"3987","bus technician"
"3988","software enginner"
"3989","{professional engineer"
"3990","land develpment"
"3991","prov gov work"
"3992","hr administration"
"3993","agent d'aide-sociale"
"3994","judicial clerk"
"3995","directeur de scrutin"
"3996","caissier"
"3997","certified professional dog trainer"
"3998","chef de service"
"3999","adjointe à la comptabilité"
"4000","directrice marketing et communicaions"
"4001","commercialisation mode"
"4002","scientific researcher (i live abroad for some time but i have a house in quebec)"
"4003","menuisier"
"4004","travail autonum"
"4005","conseillère en relations de travail"
"4006","régulier à temps partiel"
"4007","analyse en informatique"
"4008","agent de sécurité"
"4009","electronic  technician"
"4010","peer tutor"
"4011","officier de navigation"
"4012","saisonnier"
"4013","registered social worker"
"4014","safety coordinator"
"4015","youth employment counsellor"
"4016","construction sales"
"4017","manager for cn rail"
"4018","responsable financière osbl"
"4019","sans emploi présentement"
"4020","auto assembly"
"4021","commercial driving instructor"
"4022","adminitration"
"4023","fonctionaire"
"4024","benene"
"4025","technician informatique"
"4026","fisheries"
"4027","comptable professionnel agréé et consultant"
"4028","worker onsmelter as loader operator"
"4029","theatre programmer"
"4030","directrice bureau de crédit, présentement retraitée"
"4031","directeur logistiques"
"4032","route measurement officer"
"4033","ong de développement. / enseignement"
"4034","retail meat specialist"
"4035","education consultant"
"4036","ouvrier beton prefab"
"4037","service à la clientele"
"4038","gestionnaire aeroport"
"4039","secondary school principal"
"4040","répartitrice"
"4041","communicatons"
"4042","retired p.eng"
"4043","professeure"
"4044","budget officer"
"4045","crew foreman"
"4046","golf course employee"
"4047","program coordinator in arts & culture"
"4048","direction artistique"
"4049","juridique"
"4050","product manager telecommunications"
"4051","ingénieur gestionnaire"
"4052","radiation technician"
"4053","mécanicien automobile"
"4054","consultan"
"4055","director, hr"
"4056","travailleuse culturelle"
"4057","bell"
"4058","commis bureau"
"4059","foyer"
"4060","vp exploitation canadienne"
"4061","infirmière/ représentante"
"4062","active engineer"
"4063","sécurité maritime"
"4064","electromecanicien"
"4065","agente de gestion de personnel"
"4066","banque cibc"
"4067","emseignant"
"4068","fonctionnariat"
"4069","chauffeur livreur"
"4070","relationniste"
"4071","soudeur"
"4072","credit and collection manager"
"4073","ingénieur forestier"
"4074","climatisation"
"4075","audio technician"
"4076","directeur général d'une ville"
"4077","archiviste"
"4078","forest firefighter"
"4079","responsable informatique"
"4080","acct clerk"
"4081","i am teaching"
"4082","evaluateur"
"4083","cadre intermediaire grosse entreprise"
"4084","travailleur aotonome"
"4085","chanteur classique osm"
"4086","gestion administrative"
"4087","comptable jr"
"4088","directrice générale"
"4089","medecin specialiste"
"4090","programmeur analyste"
"4091","fire department"
"4092","vendeur"
"4093","informaticien en ingénierie des réseaux"
"4094","agent de la paix"
"4095","conseiller"
"4096","directrice d’école"
"4097","diététiste"
"4098","commerce et détail"
"4099","collection contact officer for government of canada"
"4100","conseiller sécurité financière"
"4101","benefits administrator - hr"
"4102","direction d’école secondaire"
"4103","retraitée d'un poste d'analyste dans une banque"
"4104","administrative staff"
"4105","consultant informatique"
"4106","electrical engineering"
"4107","programming specialist"
"4108","étalagiste"
"4109","coordinator - revenue canada"
"4110","laundry mgr."
"4111","directeur de service"
"4112","business banking phone advisor"
"4113","vice-président technologies"
"4114","chef propriétaire d'une auberge"
"4115","direction"
"4116","restoration technician"
"4117","retired and working a second career now"
"4118","railroad safety officer"
"4119","chargée de cours université"
"4120","fundraising"
"4121","executive- marketing"
"4122","or attendant"
"4123","full time emplyeed"
"4124","operateur de production"
"4125","conseiller à temps partiel"
"4126","railroad conductor"
"4127","analyste informatique"
"4128","streamer sur twitch.tv"
"4129","notaire"
"4130","copropriétaire d’une entreprise"
"4131","housekeeper/cook"
"4132","agent de planification"
"4133","economic development"
"4134","truck driver owner operator"
"4135","retired/postal worker/programmer-analyst/teacher"
"4136","expert en sinistre"
"4137","securite"
"4138","responsable approvisionnement gouvernement du canada"
"4139","directrice d'un greffe de cour municipale"
"4140","sci"
"4141","university administration"
"4142","professionnelle de recheche"
"4143","directrice d'agence"
"4144","government of canada"
"4145","directeur finances"
"4146","billing rep"
"4147","réceptionniste"
"4148","busiess owner"
"4149","stay home dadddy"
"4150","emploi t plein"
"4151","investment analyst"
"4152","aircrew"
"4153","dessinateur/concepteur"
"4154","directeur commercial"
"4155","consultanat"
"4156","directeur estimation automobile"
"4157","directeur communications"
"4158","administrative technician"
"4159","restauration"
"4160","-99"
"4161","food industry/grocery stocker"
"4162","apf"
"4163","computer product manager"
"4164","aidante naturelle"
"4165","unpaid caregiver"
"4166","owner of a small company"
"4167","infirmiere auxiliaire"
"4168","mécanicien protection incendie"
"4169","engineering clerk"
"4170","designer graphique"
"4171","paramedic supervisor"
"4172","manager for a public utility"
"4173","trust industry"
"4174","factrice rurale"
"4175","communications consultant"
"4176","provincial diabetes coordinator"
"4177","employé federaux"
"4178","health care administrator"
"4179","lube tech"
"4180","meat cutter"
"4181","disability supports"
"4182","comptable-contrôleure"
"4183","travailleur autonme"
"4184","supervisor customer service"
"4185","acheteure"
"4186","architecte ti"
"4187","materials controller"
"4188","support services/admin"
"4189","social equity consultant"
"4190","union leader"
"4191","railway worker"
"4192","hygiéniste dentaire"
"4193","contremaître transport"
"4194","manufacturier"
"4195","gérant des ventes"
"4196","agent de soutien"
"4197","full time emplyed"
"4198","formatrice"
"4199","éducatrice garderie"
"4200","supervisor manufacturing"
"4201","employé temps plein gouvernement fédéral"
"4202","stratège"
"4203","fédéral public servant"
"4204","engineering assistant"
"4205","grocery manager"
"4206","courtier assurance"
"4207","payroll, accounts payable/receivable"
"4208","génie civil"
"4209","technical writer aerospace"
"4210","behaviour analyst"
"4211","voyage"
"4212","agente support technique"
"4213","personal care attendant"
"4214","dir gen. ceo d'un port"
"4215","étude temps plein"
"4216","dessinateur"
"4217","cc"
"4218","employe temps plein"
"4219","acteur-ténor"
"4220","opérateur hydro-québec"
"4221","travail social retraité"
"4222","bénévole en chsld"
"4223","preposé"
"4224","employé à temps plein"
"4225","educator, technician"
"4226","technicien de laboratoire"
"4227","municipal manager"
"4228","employé temp plein"
"4229","truck mechanic"
"4230","technologistes médical"
"4231","responsable financière dans unosbl"
"4232","préretraité"
"4233","refugee protection officer"
"4234","diplomat and senior trade commissioner"
"4235","customer service at a bank"
"4236","help desk it agent"
"4237","not employed"
"4238","long term care aide"
"4239","civil engineer (peng)"
"4240","investment"
"4241","telecom"
"4242","mechanics"
"4243","not employed right now"
"4244","emergency dispatch retired"
"4245","rentiere"
"4246","golf course superintendent"
"4247","director, labou relations"
"4248","file clerk"
"4249","medical representative"
"4250","sales director"
"4251","ergothérapeute"
"4252","school lunch supervisor"
"4253","fonction publique québécoise"
"4254","student full time"
"4255","technicien ambulancier paramédic"
"4256","préposé entretien ménager"
"4257","ferblantier"
"4258","directeur de la  qualité-laboratoire"
"4259","styliste coiffure"
"4260","recreation coordinator"
"4261","print customer service"
"4262","ecrivaine"
"4263","skilled tradesmen"
"4264","taxpayer agent"
"4265","medical microbiology"
"4266","social justice director"
"4267","academic/psychologist"
"4268","daycare supervisor"
"4269","payroll administration"
"4270","formerrn, health&safety specialist, now retired"
"4271","commis à la poste"
"4272","journalière usine pâtes et papiers"
"4273","conseiller à la vente"
"4274","préposée à la clientèle"
"4275","fonctionnaires"
"4276","president ceo of insurance brokerage"
"4277","polar travel advisor"
"4278","clerical/administration"
"4279","employé de bureau"
"4280","system administrator"
"4281","commerce"
"4282","assistant gérant"
"4283","power smart specialist"
"4284","travail social"
"4285","stage manager"
"4286","opérateur-conseillier"
"4287","employee tech industry"
"4288","emploi à temps plein"
"4289","technicienne paie"
"4290","elect engineer"
"4291","editor - writer"
"4292","chauffeure de bus à temps partiel"
"4293","gérante boulangerie"
"4294","foodservices"
"4295","employée à temps plein"
"4296","computer systems engineer"
"4297","organizer"
"4298","advertising manager"
"4299","real estae finance"
"4300","government national manager"
"4301","medical office administrator"
"4302","farm hand"
"4303","customer  service"
"4304","millitaire"
"4305","conseilliere en finance"
"4306","partner manager"
"4307","business assistant"
"4308","planification financiere"
"4309","travailleur autonomw -conseiller marketing"
"4310","relation d'aide, au communautaire, temps plein"
"4311","electronic technician"
"4312","federal government administrator"
"4313","assembleuse"
"4314","commis bibliothèque"
"4315","poli ier"
"4316","business it consultant"
"4317","survey taker"
"4318","manager in public service"
"4319","chief digital officer"
"4320","house wife"
"4321","services administrator"
"4322","business man."
"4323","former restaurant manager"
"4324","healthcare military"
"4325","coordinateur"
"4326","chomage"
"4327","community mental health worker"
"4328","vp retail operation"
"4329","draftsperson"
"4330","audio visual manager"
"4331","residential counselor"
"4332","social media advisor"
"4333","technicien professionnel"
"4334","courtier"
"4335","plomberie chauffage"
"4336","growth executive - sales"
"4337","technicienne bureau"
"4338","claims"
"4339","marketing assistant"
"4340","federal govt clerk"
"4341","agente gestion de projets"
"4342","court manager"
"4343","idk"
"4344","cz service"
"4345","analyste en risques et opérations"
"4346","fulfillment officer"
"4347","mother"
"4348","environmental services"
"4349","préposée aux beneficiaires"
"4350","uber eats"
"4351","student / independent worker"
"4352","higher education admin"
"4353","travailleur temps gestionnaire gouvernement provincial"
"4354","ultrasound technologist"
"4355","admn assistant"
"4356","army officer/engineer"
"4357","preposer aux soins"
"4358","child care services"
"4359","aubergiste"
"4360","directeur ventes"
"4361","pharmaceutical sales"
"4362","restauratrice de meubles"
"4363","monteur de ligne"
"4364","vente automobile"
"4365","mixer operator"
"4366","directeur de l'administration"
"4367","officier aupres des cours de justice"
"4368","insurance administrator"
"4369","opérateure dans une industrie métallurgique"
"4370","health care aid"
"4371","travailleuse à temps pleins"
"4372","direction ressources intermédiaires"
"4373","cont"
"4374","hr business partner"
"4375","manager of is operations pmo for a telecom company"
"4376","sais pas"
"4377","professionnel - assurance"
"4378","gig economy contractor"
"4379","bookkeeper retired"
"4380","ski resort manager"
"4381","entraineur"
"4382","trampoline coach"
"4383","forest ecologist"
"4384","former small business owner"
"4385","auditor."
"4386","cust serv rep"
"4387","behavioural therapist"
"4388","cival servant"
"4389","school custodian"
"4390","conseiller en rh"
"4391","product specialist"
"4392"," retired"
"4393","systems support"
"4394","coordonnatrice aux ventes"
"4395","conseillere en rémunération"
"4396","directrice ressources humaines"
"4397","hr systems analyst"
"4398","handicapé- concepteur de réseau"
"4399","mechanical support"
"4400","death investigation"
"4401","pharmacien propriétaire"
"4402","sander"
"4403","full time student part time weight loss consultant"
"4404","full time teaching assistant"
"4405","employé de la fonction publique du canada"
"4406","administration publique"
"4407","directeur de cpe"
"4408","coordonatrice aux projets (publicité)"
"4409","farm"
"4410","travailleurs construction"
"4411","transportation services manager"
"4412","instructional designer"
"4413","resource agent"
"4414","it systems architect"
"4415","admin support"
"4416","gestionnaire municipal"
"4417","psychoeducatrice"
"4418","child and youth worker"
"4419","sr managar"
"4420","conseiller en communication"
"4421","investments"
"4422","self employed part time"
"4423","n/a. on odsp"
"4424","gestion informatique"
"4425","automotive parts manager"
"4426","flight crew"
"4427","home"
"4428","travaille de bureau temps plein"
"4429","retired library technician"
"4430","union officers"
"4431","video editor"
"4432","signaleuse"
"4433","public service assistant, local government"
"4434","free lancer"
"4435","procurement & logistics processor"
"4436","manual labour"
"4437","business analyst consultant"
"4438","dsp"
"4439","retired now. was administrative assistant."
"4440","nursing professor"
"4441","correctrice"
"4442","agt service clientèle"
"4443","theatre manager"
"4444","part time self-employed."
"4445","college teacher"
"4446","computer installation"
"4447","aide bibliothèque"
"4448","currently looking for work."
"4449","tax preparer/accountant"
"4450","media technician"
"4451","chargée de projets en culture"
"4452","universitaire"
"4453","account"
"4454","retired from sales admin"
"4455","administrateur systeme informatique"
"4456","directeur de caisse populaire"
"4457","teacher and social worker"
"4458","petroloeum  consultant"
"4459","gérant de pharmacie"
"4460","employe a temps plein"
"4461","outside sales"
"4462","manager of executive office"
"4463","electronics tecnician"
"4464","statcan survey interviewer"
"4465","gestionnaire en affaires publiques"
"4466","evaluateur immobilier"
"4467","food and nutrition supervisor"
"4468","conseillère en communication"
"4469","retail stores"
"4470","systems programmer"
"4471","government agent"
"4472","technicien informatiques"
"4473","téléphoniste"
"4474","data entry for correspondence school"
"4475","chiropodist"
"4476","spécialiste en sécurité routière"
"4477","administrative support health care"
"4478","retired, occupation"
"4479","travel"
"4480","verificateur aeronautique"
"4481","mid mgmt"
"4482","student aid administrator"
"4483","opérateur de mélangeur"
"4484","cao"
"4485","medical secretary, retired now"
"4486","employe"
"4487","video producer"
"4488","secondary teacher/guidance counsellor"
"4489","pharmacist, pharmacy systems specialist"
"4490","maths teacher (cegep)"
"4491","technicienne en documentation"
"4492","currently unemployed"
"4493","technologue en imagerie médicale"
"4494","executive chef in a bbq smokehouse"
"4495","pastor"
"4496","superviseur de production"
"4497","enquêteur"
"4498","physical damage adjuster"
"4499","scm professional"
"4500","compliance specialist"
"4501","technicien aménagement"
"4502","financial officer"
"4503","information security analyst"
"4504","first journalism (37yr) then retail (9 yr)"
"4505","wildlife biologist"
"4506","boulanger"
"4507","conseiller en régime de retraite"
"4508","computer bookkeeper"
"4509","medical laboratory assistant"
"4510","planification financière"
"4511","dhdhjd"
"4512","graphics designer"
"4513","distributeur alimentaire et importateur"
"4514","v p administration"
"4515","customer care"
"4516","gkdh"
"4517","pedagogical consultant"
"4518","navigateur flotte fédérale"
"4519","consultant en télécomm"
"4520","host"
"4521","orthopédagogue"
"4522","sécurité civile"
"4523","travailleuse autonome semi retraitée"
"4524","curator"
"4525","adminstrative assistant"
"4526","invalidité"
"4527","self-employed (work from home)"
"4528","représentant sur la route"
"4529","vice president application development"
"4530","attachée clientele"
"4531","gestionnaire en horticulture"
"4532","adjointe aux ventes"
"4533","hockey administrator"
"4534","gérante au maxi"
"4535","glass cutter"
"4536","directeur regional"
"4537","contultant"
"4538","ta"
"4539","painting contractor / retired"
"4540","professionnelle au gouvernement provincial"
"4541","saisie de données excel"
"4542","chef de train"
"4543","manager, admin"
"4544","gkbjkj"
"4545","travailleuse à temps plein"
"4546","creative artist"
"4547","fhfg"
"4548","switchboard/receptionist"
"4549","community relations manager, janssen inc."
"4550","appliance service technician"
"4551","human resources consultant"
"4552","technician-supervisor"
"4553","clerk/cashier"
"4554","analyste en procédés administratifs"
"4555","retired according"
"4556","mail and records clerk"
"4557","screeber"
"4558","software designer"
"4559","domaine éducatif à temps partiel"
"4560","conseiller en indemnisation"
"4561","directeurs des ventes"
"4562","ouvrier"
"4563","self employed courier"
"4564","oilfield heavy equipment operator"
"4565","police officer & reserve military"
"4566","medical aesthetician"
"4567","gérante radiologie"
"4568","formateur à hydro québec"
"4569","games dealer"
"4570","eco-conseillère"
"4571","part time labourer"
"4572","carolifugeuse"
"4573","healthcare management"
"4574","innkeeper"
"4575","oil field consultant"
"4576","spécialiste en gestion d'espace"
"4577","prêtre"
"4578","terminal manager"
"4579","premium attendant at sports arena"
"4580","pet store employee"
"4581","retied teacher"
"4582","contracts specialist"
"4583","acoounting"
"4584","enseignante retraitée"
"4585","data science"
"4586","assistant manager, retail"
"4587","emploi temps partiel"
"4588","ouvrier de voirie"
"4589","canada border services"
"4590","travailleur secteur technique entreprise privé"
"4591","ot"
"4592","self employed game developer"
"4593","seeking employment"
"4594","content designer"
"4595","disabilty"
"4596","financial service manager"
"4597","techniciene en pharmacie dans un grand hôpital"
"4598","sales administor"
"4599","retail merchandiser"
"4600","adjointe administrative au directeur"
"4601","achats"
"4602","textile artist"
"4603","conseiller vente"
"4604","learning designer"
"4605","tax accountant"
"4606","writer/disabled"
"4607","brigadier"
"4608","agent de prevention des infections (covid)"
"4609","studentt"
"4610","scientist/project coordinator"
"4611","humanitarian relief"
"4612","professional consultant"
"4613","conseiller en qualité de vie"
"4614","sales supervisor"
"4615","cnc machinist"
"4616","provincial government employee retired"
"4617","retraité, informaticien"
"4618","conseillère d’orientation"
"4619","certified financial planner"
"4620","salarié à temps plein"
"4621","management-director"
"4622","réception et expédition de produits de papiers dans une usine de papier"
"4623","technical sales representative"
"4624","directeur d’ecole"
"4625","telcom network engineer"
"4626","senior principal content developer"
"4627","utility manager"
"4628","radio announcer"
"4629","chef maintenance hq"
"4630","accounting and bookkeeping"
"4631","charpentier menuisiers"
"4632","technologiste médical"
"4633","computer operator"
"4634","gestionaire"
"4635","quality supervisor"
"4636","i/t"
"4637","directeur de banquet"
"4638","applications trainer"
"4639","assurance qualité - domaine alimentaire"
"4640","sales administrator"
"4641","aidant"
"4642","preschool teacher"
"4643","gestionnaire de comptes commerciaux"
"4644","analyste systèmes"
"4645","security services"
"4646","accounts payable clerk"
"4647","professeur universitaire"
"4648","sole proprietor"
"4649","pipeline worker"
"4650","good"
"4651","pastry chef"
"4652","laboureur"
"4653","analyste programmeur"
"4654","customer service in banking"
"4655","court service officer"
"4656","airport security"
"4657","fin sys mgr"
"4658","commis de bureau dép. production/qualité"
"4659","chef gestion de linformation fonction publique federale"
"4660","analyste financier"
"4661","home maker previously personal trainer"
"4662","hospitality service associate"
"4663","conseillère stratégique"
"4664","associate director new student enrollment"
"4665","customer support agent"
"4666","government  admin"
"4667","steel industry"
"4668","building operator"
"4669","educatrice a la petite enfance"
"4670","automotive parts clerk"
"4671","chief administrative officer"
"4672","insurance executive"
"4673","commis a la réception"
"4674","data analysis"
"4675","bartender/waiter"
"4676","director (global finance)"
"4677","teach scuba diving, coach trampoline"
"4678","compliance advisor for an energy company"
"4679","analyste en assurance"
"4680","supervisor, lost articles"
"4681","agente correctionnelle"
"4682","spécialiste technique"
"4683","supply management"
"4684","logistics planner"
"4685","instructeur conduite"
"4686","payroll/accounts payable"
"4687","cardiology technician"
"4688","hi-tech business owner"
"4689","50"
"4690","medical insurance"
"4691","middle manager transportain"
"4692","communication disorders asst"
"4693","analyste d'affaire"
"4694","distribution"
"4695","info technology"
"4696","aviation materials management"
"4697","pre sales consultant"
"4698","commerçant"
"4699","coordonnatrice de projets"
"4700","land surveyor"
"4701","propriétaire"
"4702","engineering technologist/ student"
"4703","labor"
"4704","journalistes"
"4705","civil service executive"
"4706","no comments"
"4707","international teanspirtation executive"
"4708","éducateur"
"4709","producteur"
"4710","vp financial services"
"4711","malade"
"4712","photogrammetrist"
"4713","full time worker"
"4714","operations executive"
"4715","superviseur usine"
"4716","technicien téléphone"
"4717","retired mortgage broker"
"4718","agent adminittative"
"4719","retired health care worker"
"4720","f&b server"
"4721","front desk for an orthodontist"
"4722","conseiller ti"
"4723","controleur"
"4724","butcher and psw"
"4725","entretien menagé milieu hospitalier"
"4726","chief information officer"
"4727","general claims agent"
"4728","home remodeling"
"4729","grants administrator"
"4730","operations analyist"
"4731","incapacité à travailler"
"4732","rpn"
"4733","coordonnatrice amelioration continue"
"4734","pet sitter"
"4735","mécanicien de machines fixes, classe 2, production d'énergie"
"4736","engineering in the energy sector"
"4737","professional security guard instructor"
"4738","potter"
"4739","software quality assurance testing"
"4740","education and training advisor"
"4741","payroll & benefits associate"
"4742","conseiller en services financiers"
"4743","analyste en actuariat"
"4744","retirement"
"4745","railway man"
"4746","gsc"
"4747","inhalothérapeute temps plein"
"4748","travailleur autonome en ti"
"4749","mere a la maison"
"4750","environmental peace officer"
"4751","gerant de production"
"4752","chauffeur de camion"
"4753","retail store owner"
"4754","analyste politique"
"4755","marriage commissioner"
"4756","finance officer"
"4757","vp at consulting firm"
"4758","marin"
"4759","bank employe"
"4760","debardeur au port de montréal"
"4761","hotel customer care"
"4762","policy"
"4763","customer service retail"
"4764","worker"
"4765","payroll manager"
"4766","financial services technology"
"4767","responsable d’équipe"
"4768","travailler"
"4769","maladie chronique me travsille pas"
"4770","rcaf officer"
"4771","rédacteur web"
"4772","technologue électronique"
"4773","voiturier"
"4774","mental health counsellor"
"4775","web developer"
"4776","nursing assistant"
"4777","factory supervisor"
"4778","agent logistique"
"4779","product management"
"4780","former vp of private school"
"4781","urban planner"
"4782","technicienne en éducation spécialisée"
"4783","physician assistant"
"4784","stats canada"
"4785","unemployed due to pandemic/part time student"
"4786","comptable agréé"
"4787","intake officer"
"4788","leasing"
"4789","computer stuff"
"4790","radio"
"4791","préposé à l'entretien ménager"
"4792","songwriter"
"4793","personal service"
"4794","retail clerical"
"4795","sales/retired"
"4796","postal supervisor"
"4797","responsable"
"4798","professional purchaser"
"4799","directeur pieces dealer"
"4800","of work due to a mva"
"4801","technology analyst"
"4802","programmer analyst"
"4803","recherche scientifique"
"4804","travailleuse à temps plein dans une imprimerie"
"4805","gerante de boutique"
"4806","heavy equipment op. & singer/musician"
"4807","conseiller relation d’affaires"
"4808","caregiver to a dravet's syndrome child"
"4809","gerante"
"4810","électromécanique"
"4811","regional litigation/freedom of information protection and privacy coordinator"
"4812","opérateur full-time"
"4813","mortgage specialist"
"4814","doesnt matter"
"4815","copy editor"
"4816","government disability pension"
"4817","illustratrice"
"4818","landfill"
"4819","e-commerce"
"4820","prgrammer"
"4821","service à la paie"
"4822","retired  lawn maintence"
"4823","trouver un emplois"
"4824","commercial photographer"
"4825","collection agent"
"4826","employed in it"
"4827","directrice de comptabilité"
"4828","warehouse"
"4829","ret. business owner"
"4830","process server"
"4831","préposé à la paie"
"4832","care coordinator"
"4833","conseillère, communication"
"4834","school principal/ supervisor of education students at a jnjversity"
"4835","wedding planner"
"4836","disabled, unable to work, former x-ray tech"
"4837","reliability engineer"
"4838","specialiste clinique"
"4839","recherchiste"
"4840","agente services financiers"
"4841","courtier d’assurance"
"4842","optical"
"4843","student/ worker"
"4844","artis/author"
"4845","project coordinator construction"
"4846","administrative assistant/municipal gov't."
"4847","inspectrice"
"4848","manager, data governance"
"4849","hd mechanic"
"4850","financial engineer"
"4851","vice president learning"
"4852","news stringer"
"4853","gig worker"
"4854","travaille à temps partiel"
"4855","home daycare owner"
"4856","registered early childhood education"
"4857","engineering technician"
"4858","administration générale de pme"
"4859","auto parts"
"4860","assitance comptable"
"4861","program consultant"
"4862","professionnelle de recherche"
"4863"," construction"
"4864","nurse/socail worker"
"4865","hostess"
"4866","distillery"
"4867","radigrapher"
"4868","cpa cga"
"4869","fonctionnaire mdn"
"4870","manual worker"
"4871","infirmière auxiliqire"
"4872","programmeur informatique"
"4873","corporate real estate leader"
"4874","setter/operator metal forging"
"4875","électromécanicien"
"4876","health professional"
"4877","science tech"
"4878","gestionnaire laboratoire"
"4879","casino employee"
"4880","parttime cleaner"
"4881","car sales"
"4882","retail sales/cashier"
"4883","agent administrative"
"4884","housekeeper - hotel"
"4885","hr clerk"
"4886","contremaître"
"4887","tech de labo med"
"4888","human resources specialist"
"4889","guard"
"4890","company president"
"4891","aerospace engineering"
"4892","risk adviser"
"4893","speech pathologist"
"4894","service social"
"4895","federal senior manager at the house of commons"
"4896","professionel"
"4897","technicien métallurgie"
"4898","aero engine technician and residential appraiser"
"4899","directeur des opérations de détail"
"4900","conductrice autobus régional"
"4901","financial analysis"
"4902","early childhood exuction"
"4903","retired  accountant"
"4904","translator and interpreter"
"4905","tdsb lunch room supervisor"
"4906","chaufeur"
"4907","program admin"
"4908","self-employed odd jobber"
"4909","enseignante au cégep"
"4910","licensed child daycare"
"4911","packager"
"4912","self employed customs broker"
"4913","carrossier"
"4914","equipment opertator"
"4915","travailleur autonome dans le domaine des médias sociaux et de la promotion culturelle"
"4916","chauffeur poids lourd"
"4917","fulll time worker"
"4918","tes"
"4919","propriétaire d'une petite entreprise"
"4920","livreur"
"4921","bank officer"
"4922","gestionnaire bénévole"
"4923","technicien en loisirs"
"4924","dental hygiene"
"4925","directeur général mise en marché"
"4926","business consiltant"
"4927","programmeur robotique"
"4928","homemaker, hotel attendant"
"4929","formerly credit manager"
"4930","superintendent"
"4931","bookkeper"
"4932","coordonnatrice marketing en congé de maternité"
"4933","télétravail"
"4934","coordonnateur"
"4935","grocery retail"
"4936","casino supervisor"
"4937","manoeuvre d'usine"
"4938","finance clerk"
"4939","directeur-general desjardins"
"4940","coordonateur"
"4941","student/teacher"
"4942","conseiller en risque de crédit"
"4943","labourer at general motors"
"4944","owner of a small business"
"4945","tech. lab. medical"
"4946","operating room attendant"
"4947","investor/entrepreneur"
"4948","train conductor"
"4949","travailleur à temps complet"
"4950","data entry at home part time"
"4951","banquier service à la clientèle"
"4952","customer consultant"
"4953","régisseur a la coordination"
"4954","hr generalist"
"4955","material co-ordinator"
"4956","inspector"
"4957","sans emploi incapable de travailler"
"4958","outreach worker"
"4959","data services specialist"
"4960","community social service worker"
"4961","financial/economic consultant"
"4962","quote and supply specialist"
"4963","qc technician"
"4964","opérateur de machine cnc"
"4965","social worker/finance manager"
"4966","technicien en traitement d'eaux"
"4967","french teacher"
"4968","assistant corporate secretary"
"4969","conseiller pédagogique"
"4970","human resourse manager"
"4971","cra auditor"
"4972","political and economic advisor"
"4973","park ranger"
"4974","office adm"
"4975","coach driver"
"4976","field engineer"
"4977","nuclear specialist operations"
"4978","retired dnd"
"4979","technical service advisor"
"4980","technicien électronique"
"4981","j’étais secrétaire médicale,"
"4982","money lender"
"4983","fromager"
"4984","gen. manager"
"4985","business systems analyst (retired)"
"4986","stock keeper"
"4987","commis de cuisine"
"4988","survey feedback:  please include a progress bar so participants can see their progress.  please increase the reward for the survey if there is no progress bar to reflect the inconvenience."
"4989","reprèesentant industriel"
"4990","elementary school teacher/administrator"
"4991","vente gros et détail"
"4992","psychoéducateur"
"4993","director corporate security"
"4994","jeweller"
"4995","provincial offenses officer"
"4996","service clients"
"4997","entretien batiment"
"4998","pilote de ligne"
"4999","responsable en assurance qualité"
"5000","science liaison"
"5001","casual caregiver"
"5002","secretarian"
"5003","senior operator of chemical processing plant and maintenance coordinator"
"5004","ap clerk"
"5005","exec.assistant"
"5006","administration scolaire"
"5007","organisateur social"
"5008","rig pig"
"5009","technical service rep."
"5010","retired - financial"
"5011","nursing admin"
"5012","billing/collecting hydro"
"5013","medical receptionist"
"5014","éducateur spécialisé"
"5015","tacher"
"5016","entrepreneur/business founder and owner"
"5017","hr advisor"
"5018","product supply manager"
"5019","étudiant et employé à temps partiel"
"5020","director - provincial government"
"5021","sans emploi pour le moment"
"5022","conseillère en communications et marketing numérique"
"5023","producer/director live entertainment"
"5024","camera repair technician"
"5025","part-time worker"
"5026","senior audit manager"
"5027","website hosting"
"5028","entretien ménager"
"5029","mktg. mgr"
"5030","office cleaning"
"5031","room attendant"
"5032","retail general manager"
"5033","office manager for an outfitter"
"5034","dishwasher/food preparation assistant"
"5035","business service rep"
"5036","oceanographer"
"5037","préposée aux télécommunications"
"5038","skilled worker"
"5039","policiere"
"5040","technicien bâtiment"
"5041","nonprofit administration"
"5042","warehouse staff"
"5043","chamber maid"
"5044","adjoint de recherche"
"5045","nurse...rpn"
"5046","pab"
"5047","inspecteur"
"5048","banker now retired"
"5049","greenhouse labour"
"5050","mechanical manager"
"5051","technicien communication"
"5052","housing executive"
"5053","nurse, cab driver"
"5054","professionnel de la santé"
"5055","technicienne en comptabilité"
"5056","social worker hbsw"
"5057","assessment coordinate"
"5058","fonctionnaire gouv fédéral."
"5059","nurse educator"
"5060","directeur de compte"
"5061","commercial realtor"
"5062","addictions counselor"
"5063","manager of water and wastewater systems and compliance"
"5064","supply chain management ( logistics )"
"5065","analyste d'affaires"
"5066","professionnel rh"
"5067","réviseure/traductrice"
"5068","fiscaliste"
"5069","computers"
"5070","family history researcher"
"5071","technicienne juridique"
"5072","technologue en radio oncologie"
"5073","board director"
"5074","saled"
"5075","retired nurse practitioner"
"5076","dessinatrice industrielle"
"5077","hospitality management"
"5078","qa"
"5079","technicien civil"
"5080","therapy assistant"
"5081","personal care worker"
"5082","disability case manager"
"5083","rédactrice gouvernement du québec"
"5084","upholsterer"
"5085","asistant administrative"
"5086","art broker"
"5087","manzger"
"5088","retired law clerk/office manager"
"5089","travailleur plfein temps"
"5090","hygienist"
"5091","handmade baby retail"
"5092","forensic scientist"
"5093","disabled, do not work"
"5094","communications associate"
"5095","supply chain"
"5096","accounts clerk"
"5097","financial support"
"5098","commis dans une banque"
"5099","retired - insurance"
"5100","agent sécurité"
"5101","art director in 2d animation"
"5102","service à la clientèle pour air canada"
"5103","assurance"
"5104","personal services"
"5105","consultant en gestion"
"5106","bookkeeper/office manager"
"5107","salariés"
"5108","personal care attendent"
"5109","retired but doing part time consulting"
"5110","government auditor"
"5111","cancer research"
"5112","it analysts"
"5113","student (full time)"
"5114","office manager - insurance"
"5115","travel services"
"5116","directeur des opérations"
"5117","full time employee"
"5118","district manager of a chain of restaurants"
"5119","cx service rep"
"5120","agente admnistrative"
"5121","horloger"
"5122","conseiller vente au détail"
"5123","head cook  and foster parent"
"5124","lamineur duo"
"5125","service rep"
"5126","assistant technique en dialyse"
"5127","cash application specialist"
"5128","environmental sector"
"5129","registered pharmacy technician"
"5130","bio-medical librarian"
"5131","health services administration"
"5132","travaileur a temps pleins"
"5133","miltary"
"5134","conseiller en informatique"
"5135","physics professor"
"5136","spécialiste  en  adaptation  scolaire + relation  d aide"
"5137","principal"
"5138","stockbroker"
"5139","agent de recouvrement du gouvernement fédéral"
"5140","tech en médecine nucleaire"
"5141","publice relations consultant"
"5142","mystery shopper audits"
"5143","pc technician"
"5144","writer-editor"
"5145","district manager"
"5146","opérateur de poids lourd retraité"
"5147","program administrator"
"5148","life insurance specialist"
"5149","inventory control specialist"
"5150","internal audit manager"
"5151","chief data engineering analyst"
"5152","who the fuck cares? i pay taxes don't break the law and keep to myself with my community. isn't this enough?"
"5153","self employed esthetician"
"5154","first responder"
"5155","railway wielder"
"5156","reg psychiatric nurse"
"5157","retired auto analyst"
"5158","enseignamte"
"5159","program analyst"
"5160","grocery store clerk"
"5161","professionnel/géographe"
"5162","partner"
"5163","owner construction"
"5164","retiered"
"5165","conseiller technique ti"
"5166","missionary"
"5167","fonctionnaire prov"
"5168","public city worker"
"5169","analyste financière"
"5170","manager of commercial lending department"
"5171","registered paramedic"
"5172","commodities transport specialist"
"5173","maintainance painter"
"5174","als paramedic retired"
"5175","postal manager"
"5176","agente de probation"
"5177","manager real estate"
"5178","adm"
"5179","agent sanitaire"
"5180","research lab coordinator"
"5181","réussir à vivre"
"5182","bookkeeper, junior accountant"
"5183","évaluateur de programme"
"5184","enseignant temps plein au cégep"
"5185","bell technician"
"5186","disabled."
"5187","the performing arts"
"5188","tim hortons"
"5189","hotellerie"
"5190","government supervisor"
"5191","expert comptable"
"5192","recreational technician"
"5193","directeur opération"
"5194","tech.électronique"
"5195","agent responsable en assurances"
"5196","recreation supervisor"
"5197","maman à la maison"
"5198","customer service rep."
"5199","stay at home"
"5200","project mamager"
"5201","exec. dir. hiv/aids"
"5202","newspaper editor"
"5203","group home manager"
"5204","auditeur"
"5205","nfirmiere"
"5206","business advisor"
"5207","c suite exec"
"5208","travail temps pleins"
"5209","lieutenant-detective"
"5210","student - architecture"
"5211","photographer, instructor, small business owner"
"5212","education administrator"
"5213","manutentionnaire"
"5214","student and part time job at statistics canada"
"5215","qc manager"
"5216","construction contractor"
"5217","parts driver"
"5218","dump truck driver"
"5219","opératrice"
"5220","college"
"5221","administrative coordinator"
"5222","aviation security"
"5223","post master"
"5224","farm manager"
"5225","labour worker"
"5226","éducateur petite enfance"
"5227","directrice service client"
"5228","nursing attendant"
"5229","theatre stage manager"
"5230","cnc operator"
"5231","trade control analyst"
"5232","federal government public servant"
"5233","imprimerie  finition expedition"
"5234","coordonnatrice aux événements"
"5235","warehoise supervisor"
"5236","agent de services financiers"
"5237","call center for statcan"
"5238","television news producer/reporter"
"5239","design consulting"
"5240","brand manager"
"5241","labouror"
"5242","credit advisor"
"5243","home economist"
"5244","training & development"
"5245","software trainer"
"5246","university administrator"
"5247","lab/x-ray"
"5248","superintendent of business"
"5249","opérateur de photocopieur"
"5250","administrative secretary"
"5251","parts technician"
"5252","temps partiel occasionnel"
"5253","horticulture"
"5254","responsable des communications"
"5255","exploration geologist"
"5256","children’s pastor"
"5257","scientific researcher"
"5258","agent de service correctionnel canada"
"5259","réglement sinistres assces auto"
"5260","property"
"5261","golf superintendent"
"5262","shuttle driver"
"5263","soudeur ,assembleur"
"5264","residential counsellor"
"5265","senior adv iser"
"5266","spécialiste / logiciel"
"5267","scientifique"
"5268","reference assistant"
"5269","technique"
"5270","pistal"
"5271","technical specialist"
"5272","opérateur de fermentation"
"5273","compensation board adjudicator"
"5274","vp logistics"
"5275","adj. adm."
"5276","lab manager"
"5277","professionnal"
"5278","unemployed engineer"
"5279","utility company manager"
"5280","construction project manager"
"5281","special need teacher"
"5282","college dean"
"5283","alternance travail études"
"5284","sports management."
"5285","employé professionnel"
"5286","sorter"
"5287","customer services"
"5288","manucturing"
"5289","intervenante en réduction des méfaits (drogues)"
"5290","agent de recherche en pharmaceutique"
"5291","maintenance professional"
"5292","it speicalist"
"5293","professor/artist"
"5294","administration/managment"
"5295","congé de maternité"
"5296","représentant syndical"
"5297","tool & die maker"
"5298","program advisor"
"5299","dept manager at walmart"
"5300","house maid"
"5301","technicienne science"
"5302","administrative/clerk"
"5303","issues management"
"5304","direction école"
"5305","fire lookout observer"
"5306","emploie temps plein"
"5307","manager bell canada"
"5308","clerk for the civil service"
"5309","student, homeschooler, homemaker, disabled"
"5310","technicienne pharmacie"
"5311","analyste d’affaires ti"
"5312","agent de securite"
"5313","accounting, government"
"5314","campaigns and advocacy at nfp"
"5315","directeur caisse populaire"
"5316","inseminateur bovin"
"5317","co-op chair"
"5318","chief executive officer"
"5319","ingénieur industriel"
"5320","educatrice garderie"
"5321","gestionnaire coordonnatrice de projet de recherche"
"5322","gérontologue"
"5323","lettreur"
"5324","retail owner"
"5325","fast food worker"
"5326"," homemaker"
"5327","recruteur"
"5328","retail merchant"
"5329","laveur de vaisselles"
"5330","criminologue"
"5331","comionneur"
"5332","directeur milieu scolaire"
"5333","security supervisor"
"5334","teacher/tutor"
"5335","business process manager"
"5336","service a la clientele"
"5337","chatgé de projet"
"5338","maitre électricien"
"5339","travailleuse temps plein"
"5340","conseillère en ressources humaines"
"5341","opérateur machine papier"
"5342","carreleur"
"5343","computer software trainer"
"5344","civil servsnt"
"5345","t.s"
"5346","corrections management"
"5347","alimentation cafétéria"
"5348","on disability"
"5349","finance professional"
"5350","probation officer"
"5351","travailler chez postes canada"
"5352","support worker for people with intellectual disabilities"
"5353","ferm ier"
"5354","telephone banking"
"5355","house wife   home maker"
"5356","healthcare home support worker"
"5357","efl teacher"
"5358","te0"
"5359","sales and service"
"5360","factory labour"
"5361","travailleur temps plein et étudidant temps plein"
"5362","gas jockey"
"5363","invalidse"
"5364","technicien bureautique"
"5365","secrétaire exécutive"
"5366","artiste 3d"
"5367","gestionnaire de projets informatiques"
"5368","founder and owner"
"5369","gov’t"
"5370","subway train driver"
"5371","retired...forester research technician"
"5372","animation art and design"
"5373","psy nurse"
"5374","invester"
"5375","jdjdjd djd djd djd djd en"
"5376","fraud investigator"
"5377","science technology and trades"
"5378","gen mgr"
"5379","research technician"
"5380","conseillère en finances"
"5381","préposé aux avantages sociaux dans une ville"
"5382","unemployed and looking for work"
"5383","community organizer"
"5384","directeur/gerant"
"5385","horticulteur"
"5386","oil & gas inside sales"
"5387","computer specialist"
"5388","land acquisition"
"5389","psychiatrist"
"5390","mental health clinician"
"5391","musical theatre student"
"5392","autopsy technician"
"5393","travaille à temps plein"
"5394","agent de vente"
"5395","pharmaceutical"
"5396","newspaper graphics"
"5397","diagnostic imaging technologist"
"5398","human resources mgr"
"5399","professeur de piano"
"5400","directeur général adjoint"
"5401","directeur fonction publique"
"5402","technologie information"
"5403","representant associé"
"5404","artiste et maman"
"5405","newspaper pressman"
"5406","serveuses"
"5407","semi-skill worker"
"5408","jewish educator"
"5409","retired nurse"
"5410","chauffeur-opérateur"
"5411","ink technician"
"5412","consultant coach mentor"
"5413","substitute teacher presently unemployed"
"5414","fonctionnaire municipal"
"5415","piping designer"
"5416","materials manager"
"5417","retired from market research"
"5418","responsable de programme"
"5419","claims examiner"
"5420","clerk of court"
"5421","disabled, esl teacher"
"5422","commis à la vente"
"5423","federal civil servant/accountant"
"5424","chauffeur de taxi à temps partiel"
"5425","employé a temps plein"
"5426","irrigation design consultant"
"5427","president of a small i.t. consulting business"
"5428","secretarial work"
"5429","payroll analyst"
"5430","invalidité (étais agente administrative)"
"5431","facilities services"
"5432","bee keeper"
"5433","addictions professional"
"5434","information technology professional"
"5435","présentement au chomage"
"5436","releveur de compteur"
"5437","retired  rn"
"5438","avocat( à la retraite)"
"5439","conciergerie"
"5440","market research interviewer"
"5441","data scientist"
"5442","financial management"
"5443","gestion des effectifs"
"5444","student optician"
"5445","laser technician"
"5446","vp environment, health and safety"
"5447","entertainment technician"
"5448","company director"
"5449","operateur remontée"
"5450","licensed insurance advisor"
"5451","ss"
"5452","executive in the fed public service"
"5453","retired health policy researcher"
"5454","master tailor"
"5455","conseiller aux ressources humaines"
"5456","director communications"
"5457","chef de la conformité"
"5458","trades"
"5459","cuter and packager at a bakery"
"5460","chauffeuse de berline scolaire"
"5461","telus sales"
"5462","travailleur autonome - pension canine"
"5463","femme de ménage"
"5464","travaille  temps  plein"
"5465","directeur de la remuneration globale"
"5466","development services worker"
"5467","imprimeur"
"5468","pubic servant"
"5469","conseiller expert en approvisionnement"
"5470","production supervisor"
"5471","educatrice en service de garde"
"5472","genetic assistant"
"5473","mental health"
"5474","accounts receivable"
"5475","retail/student"
"5476","mcts coast guard supervisor"
"5477","federal government manager"
"5478","salariée"
"5479","gestionnaire de haute direction"
"5480","director human resources"
"5481","fireman"
"5482","clerical for federal government"
"5483","film producer/sound designer"
"5484","shift lead"
"5485","sprinkler fitter"
"5486","business manager in a dental environment"
"5487","retired, waitress"
"5488","mecacien de locomotive"
"5489","employée de la fonction publique fédérale"
"5490","hospital charge clerk"
"5491","homemaker before: road construction."
"5492","auditor financial"
"5493","saddle fitter"
"5494","auxiliaires santé services sociaux"
"5495","airline customer service"
"5496","québec travajilleur minier"
"5497","gestionnaire de projets ti"
"5498","retired high school teacher"
"5499","technicienne en ressources humaines"
"5500","commis-vendeur"
"5501","asset manager"
"5502","surveyor"
"5503","dental"
"5504","chief financial officer"
"5505","purchasing executive"
"5506","préposée aux élèves handicapés"
"5507","insurance company"
"5508","tech info"
"5509","civil technologist"
"5510","public health worker"
"5511","agent commercial"
"5512","mortgage agent"
"5513","printer manager"
"5514","zumba instructor"
"5515","color comp tech"
"5516","secrétaire médicale"
"5517","ingénieur de projet"
"5518","machanic"
"5519","operatrice"
"5520","finance manager, retired"
"5521","travail à temps plein comme paramédic"
"5522","night auditor"
"5523","instrumentation tech"
"5524","senior executive"
"5525","technological"
"5526","personal & business coach"
"5527","travaille a temps plein"
"5528","lunch supervisor"
"5529","product analyst"
"5530","non-profit worker"
"5531","visual artist"
"5532","consultant manager"
"5533","étudiante universitaire à temps pleins"
"5534","fire chief"
"5535","conducteur autobus"
"5536","compter systems manager"
"5537","legal bookkeeper"
"5538","nuclear industry"
"5539","junior accountant"
"5540","self business"
"5541","inspecteur spécialiste"
"5542","call centre office worker"
"5543","employé de production"
"5544","éducatrice en garderie"
"5545","travail temporaire"
"5546","dietitan, school trustee"
"5547","support work"
"5548","claims advisor"
"5549","mystery shopping"
"5550","driver/labourer"
"5551","auditeur interne"
"5552","athletics"
"5553","prostitué"
"5554","agent conformité"
"5555","workforce manager"
"5556","agriculture canada labourer"
"5557","machine opperatop"
"5558","lender"
"5559","electrical engineering tech"
"5560","exucator"
"5561","employé à temps plein."
"5562","not avl"
"5563","customer information clerk"
"5564","manager, td wealth strategy"
"5565","directeur artistique - temps plein"
"5566","secrétaire réceptionniste"
"5567","tourism & hospitality"
"5568","software qa, designer"
"5569","insurance process analyst"
"5570","poseur de tuyau"
"5571","coordinateur aux achats"
"5572","gouvernement fédéral"
"5573","bookmaker"
"5574","computer software consultant"
"5575","professionnel au gouvernement provincial"
"5576","audiologist"
"5577","ingénieure"
"5578","directrice de compte"
"5579","risk"
"5580","préposé à l'information policière"
"5581","professeur - université"
"5582","superviseur service d'urgence"
"5583","banking finance"
"5584","sales human"
"5585","conultant"
"5586","gerant"
"5587","technology management"
"5588","oil and gas engineering"
"5589","grain buyer"
"5590","professeur économiste"
"5591","self-employed travel agent"
"5592","financial underwriter"
"5593","chartered professional accountant"
"5594","industrial electrician/millright"
"5595","retail/warehousing"
"5596","électricité"
"5597","bartender/manager"
"5598","research librarian"
"5599","retired physician"
"5600","travel evangelist"
"5601","home child care"
"5602","director digital"
"5603","travel support"
"5604","school administrators"
"5605","canada revenue agency internal auditor"
"5606","equestrian coach and trainer"
"5607","music therapist (retired)"
"5608","senior category manager"
"5609","project coordinaor"
"5610","cancer research assistant"
"5611","bldg, mgr."
"5612","it staff"
"5613","assistant administratif"
"5614","cadre administratif"
"5615","mince meater"
"5616","hearing screener"
"5617","entraînement"
"5618","it business analyst"
"5619","home daycare provider"
"5620","public servant manager"
"5621","tavel agent"
"5622","pharmacy  technician"
"5623","computer graphics artist"
"5624","retrairé"
"5625","electronic technologist"
"5626","un retraité qui travaille encore à temps plein comme consultant"
"5627","process effectiveness specialist"
"5628","machinist/fitter"
"5629","éducatrice en cpe"
"5630","landman"
"5631","non-profit management"
"5632","retired corrections"
"5633","homecare worker, retired"
"5634","addiction research"
"5635","i.t. coordinator"
"5636","hotelier"
"5637","on line sales shipper for a retail outlet"
"5638","technicienne"
"5639","computer security gov"
"5640","senior health and safety engineer"
"5641","retailer"
"5642","benefits services"
"5643","technicien cinéma"
"5644","cadre en mécanique"
"5645","etudiant universitairw"
"5646","hosekeeping/ laundry"
"5647","golf professional"
"5648","supply chain/procurement"
"5649","casino"
"5650","buisness owner,retired"
"5651","sales executive"
"5652","public relations officer"
"5653","ret8ired"
"5654","executive search and recruitment"
"5655","accountant (cpa)"
"5656","motor vehicle technician"
"5657","quebec"
"5658","crisis worker"
"5659","gestion de projet"
"5660","retrèté"
"5661","technologue radio-oncologie"
"5662","media - communications"
"5663","community worker"
"5664","children's entertainer"
"5665","representant"
"5666","maternité"
"5667","conseillère ressources humaines"
"5668","technical account manager"
"5669","electrical"
"5670","fed. gov't employee"
"5671","manager regulatory affairs"
"5672","shipper"
"5673","disabled and unable to work"
"5674","courtier immobilier résidentiel"
"5675","manager customer service"
"5676","airport manager"
"5677","jounalier"
"5678","insurance benefits clerk"
"5679","process control somputer specialist"
"5680","sociologue"
"5681","professional commercial photographer"
"5682","mining/smelting/fertilizer purchaing buyer"
"5683","inf"
"5684","manager tcb"
"5685","self employed graphics designer"
"5686","hsse analyst"
"5687","santé"
"5688","business  owner"
"5689","préposé aux bénéficiaires  (arrêt pour maladie )"
"5690","teacher's assistant"
"5691","health/wellfare consultant"
"5692","cadre sante"
"5693","senior technical officer"
"5694","supervisor of finance"
"5695","audit team leader"
"5696","gestionnaire en santé"
"5697","étudiants"
"5698","owner/manager"
"5699","jack of all trades. if i can get a job"
"5700","educational program assistant"
"5701","microelectronics designer"
"5702","préposé"
"5703","autism therapist"
"5704","oilfield sales"
"5705","full time mature student, but was childcarr until pandemic"
"5706","artisan"
"5707","veterinary technician"
"5708","human factors analyst"
"5709","oil and gas field transportation and servicing"
"5710","foh supervisor"
"5711","locomotive engineer"
"5712","gas station attendant"
"5713","commercent"
"5714","stay-at-home mom"
"5715","préposée a domicile"
"5716","employée temps plein société d’état"
"5717","clergy retired"
"5718","employé à temps partiel"
"5719","disabled / unable to work"
"5720","antiques dealer"
"5721","university faculty"
"5722","opérateur presse à découper"
"5723","review officer at worksafebc"
"5724","medical laboratory technologist, art hematology"
"5725","agent immobilier"
"5726","partenaire d’affaires senior relations du travail"
"5727","maternity leave"
"5728","local government worker"
"5729","various"
"5730","commis aux pièces autos"
"5731","school board"
"5732","parts person"
"5733","conseiller en placements"
"5734","designer, entrepreneur"
"5735","occupational health and safety advisor"
"5736","public servant."
"5737","electrical wholesale"
"5738","autocad operator"
"5739","adm asst"
"5740","analytics manager"
"5741","président"
"5742","airline director"
"5743","research study coordinator"
"5744","conseillère rh"
"5745","proche aidant retraité"
"5746","say at home mom"
"5747","construction labourer"
"5748","infirmière retraitée"
"5749","profesional engineer"
"5750","senior service teck for a b dick co. of canada"
"5751","recreation therapy worker"
"5752","expediteur"
"5753","manager donor services"
"5754","superintendent of prisons"
"5755","electrical maintenance"
"5756","special ed. educational asst."
"5757","cost control clerk"
"5758","préposée à l'entretien"
"5759","préposé hygiene et salubrité en hôpitaux"
"5760","senior claims service executive"
"5761"," corporate sales representative"
"5762","commis surveillant d’unité"
"5763","research/ writing"
"5764","food bank"
"5765","developmental support worker"
"5766","technologue en architecture"
"5767","management at bell canada"
"5768"," ilitary"
"5769","système de santé"
"5770","membre d'un ca"
"5771","banking and finance"
"5772","office admin in gravel business"
"5773","technicien de procédés"
"5774","vendeurs"
"5775","pré retraité"
"5776","archival technician"
"5777","university prof"
"5778","mineur"
"5779","conseillère en réadaptation"
"5780","records management/operations"
"5781","maintenance foreman"
"5782","resales"
"5783","newspaper delivery"
"5784","manufacturing supervision"
"5785","comptable professionnel agréé"
"5786","agente de soutien administrative"
"5787","metteur en scène"
"5788","manager, administrative services"
"5789","retired insurance customer service representative"
"5790","r.h."
"5791","technicien automobile"
"5792","traffic signals electrician"
"5793","identification clerk"
"5794","maintenance general supervisor"
"5795","retired social service worker but working remotely for a call centre contract"
"5796","travaille dans une usine a poisson"
"5797","airline person"
"5798","travailleueuse autonome"
"5799","surgical processor"
"5800","directeur des immeubles et des installations"
"5801","public relations, corporate communications"
"5802","inapte au travail"
"5803","commis bancaire"
"5804","elementary school principal (retired)"
"5805","assistant general manager in banking sector"
"5806","ordinateur"
"5807","dental office manager"
"5808","travel coordinator"
"5809","it senior manager"
"5810","h&r manager"
"5811","business and technical writer"
"5812","mesureur"
"5813","cook in healthcare facility"
"5814","oil field"
"5815","controleur aérien"
"5816","conseiller en it"
"5817","senior manager for a municipality"
"5818","coordonnatrice des communications"
"5819"," financial planner/university teacher"
"5820","health manager"
"5821","représentant ventes"
"5822","telephone installer"
"5823","pharmacien"
"5824","accountant -retired"
"5825","infomatician"
"5826","gender equality advisor"
"5827","team manager"
"5828","arrêt de maladie"
"5829","paie maitre"
"5830","travail, temps plein"
"5831","videogames tester"
"5832","canadian red crosd  --  ecw"
"5833","telecommunications project manager"
"5834","maint"
"5835","credit admin"
"5836","writer / academic"
"5837","agent de contrôle"
"5838","technitienne de laboratoire métalurgie"
"5839","i do not work"
"5840","mère de 3 enfants"
"5841","litigation support"
"5842","youth probation officer"
"5843","broadcasting - radio"
"5844","personal mentor"
"5845","lelectricien"
"5846","acheteur/négociateur"
"5847","care giver/house wife"
"5848","library assistant at a university library"
"5849","automaticien"
"5850","non profit manager"
"5851","dessinateur industriel"
"5852","employé fédéral"
"5853","govt worker"
"5854","research technologist"
"5855","étudiante / infirmière"
"5856","enseignant au primaire"
"5857","corporate real estate"
"5858","commis caissiere"
"5859","representant service à la clientele courtage en ligne"
"5860","operateur de bétonniere"
"5861","cashier/clerk"
"5862","bc govt employee"
"5863","accountant assistant"
"5864","travailleur salarié temps plein en congé de maternité"
"5865","temps pleins"
"5866","primary teacher"
"5867","conseiller en voyages"
"5868","expert en sinistres"
"5869","public servant (federal)"
"5870","rabbi (clergy)"
"5871","fruit packer"
"5872","secrétaire-réceptionniste"
"5873","sanitation"
"5874","lcbo"
"5875","sage femme"
"5876","tech informatique"
"5877","guest services"
"5878","livreur de meubles"
"5879","executive administrator"
"5880","chief human resources officer"
"5881","recreation facilities supervisor"
"5882","administrative assistance"
"5883","homme d'affaire"
"5884","tech. documentation"
"5885","pharmacist assistant"
"5886","tech institute instructor/electrician"
"5887","freelance computer repairs"
"5888","social services administrator"
"5889","it technical consultant"
"5890","directrice de l'organisation scolaire et du transport, cs laval"
"5891","systems analyst for civic government"
"5892","corporate communications"
"5893","technical advisor"
"5894","executive ceo"
"5895","it security manager"
"5896","secrétaire medicale"
"5897","health records administrator"
"5898","réalisatrice"
"5899","retired hs teacher and former border officer"
"5900","gestionnaire grande entreprise"
"5901","commis de réception marchandise"
"5902","health care technician"
"5903","mechanical technologist"
"5904","travail bureau temps complet"
"5905","adjoint"
"5906","travail communautaire"
"5907","supervisor of a city service"
"5908","technicien audio visuel"
"5909","semi-skilled worker"
"5910","sex worker and student"
"5911","opérateur de machinerie lourde"
"5912","office - administrative"
"5913","insurance claims adjuster"
"5914","préposée aux soins"
"5915","direct sales"
"5916","utilities regulator"
"5917","landscape gardener"
"5918","conducteur de machine-outil"
"5919","conseilliere financiere"
"5920","worked for telephone company"
"5921","employe de bureau"
"5922","tattoo"
"5923","immobilier"
"5924","letter carrier canada post"
"5925","locomotive engineer instructor"
"5926","self employed retail"
"5927","démographe"
"5928","aviation worker"
"5929","directrice d'école"
"5930","computer sciencest"
"5931","sales promotions"
"5932","qa manager"
"5933","formateur"
"5934","conseiller en gestion"
"5935","professeur université"
"5936","assistante optometriste"
"5937","social assistance"
"5938","enseidnante retraitee"
"5939","registrar"
"5940","airline employee"
"5941","avionics technician"
"5942","technicien adm."
"5943","adjointe au directeur"
"5944","coiffure"
"5945","productrice agricole"
"5946","retraité - agent d'assurances"
"5947","self-employed contractor"
"5948","auteur"
"5949","spécialiste ti"
"5950","security specialist"
"5951","pt retail"
"5952","para gouvernemental"
"5953","pharma exec"
"5954","utilities infrastructure operations manager"
"5955","manager en milieu industriel"
"5956","food services/catering"
"5957","business representative"
"5958","it system administrator"
"5959","oil company employee"
"5960","secrétaire d'école"
"5961","cripple"
"5962","automotive services writer"
"5963","finance executive"
"5964","laboratory technologist"
"5965","secondary english teacher"
"5966","training manager"
"5967","client services advisor"
"5968","math teacher"
"5969","travailleur à t. plein"
"5970","i worked in a business call center that dealt with calls from customers with problems with their cellular phones or had billing issues with their cell phone plans. i am now retired."
"5971","policy analyst and business consultant"
"5972","student, part time ta"
"5973","consultant ti"
"5974","industrial designer"
"5975","computer management"
"5976","mining geologist"
"5977","sailor"
"5978","professional electrical engineer"
"5979","buildings manager"
"5980","director in prov. dept of health"
"5981","cpa, cfo"
"5982","opérateur usine"
"5983","invalidite"
"5984","travaille"
"5985","secretary office"
"5986","janitorial/custodial"
"5987","mental health nurse"
"5988","consultation"
"5989","transport company"
"5990","technicien en laboratoire"
"5991","government servant"
"5992","coach et formateur"
"5993","self employed doing multiple services"
"5994","skytrain attendant"
"5995","sales/marketing manager"
"5996","ombudsman"
"5997","case manager & district supervisor"
"5998","employée de bureau"
"5999","directeur d'entreprise"
"6000","lab coordinator"
"6001","bench jeweller"
"6002","operating room business manager"
"6003","airport screring officer"
"6004","animal breeder"
"6005","retail bakery"
"6006","diétetiste"
"6007","housekeeping porter"
"6008","manager payroll & benefits"
"6009","resident services"
"6010","account manager - sales"
"6011","investment associate"
"6012","front desk agent"
"6013","drywaller"
"6014","heavy duty partsman"
"6015","travailleur temps plein technologue en radio oncologie"
"6016","graphic design"
"6017","no andwe"
"6018","safety manager"
"6019","digital marketing"
"6020","rembourreur"
"6021","mère à la maison"
"6022","lead hand technician"
"6023","enseignant."
"6024","pharmacy ass"
"6025","i am self employed, i work as a telemarketer/advertiser/marketer."
"6026","direceur finance"
"6027","retired,university professor"
"6028","aide général en production"
"6029","medical secretary/transcriptionist"
"6030","child and youth counselor"
"6031","database admin"
"6032","fintech entrepreneur"
"6033","package handler"
"6034","public servant (research)"
"6035","accounts/military"
"6036","mamagement"
"6037","éducateur en centre jeunesse"
"6038","distributor"
"6039","college president"
"6040","technicien mécanique"
"6041","manager finance"
"6042","directeur marketing"
"6043","accounting/front office"
"6044","health sector (hospital (er) patient care attendant)"
"6045","trail crew"
"6046","powerline electrician"
"6047","entrepreneur à mon compte"
"6048","commercante"
"6049","oncology social worker"
"6050","travailleuse temp plein"
"6051","don’t know"
"6052","conseiller en économie"
"6053","research administrator"
"6054","quality auditor"
"6055","buandière secteur santé"
"6056","supply chain specialist"
"6057","analyste en éducation"
"6058","post-secondary educator"
"6059","designer d'intérieur"
"6060","assistant exécutif"
"6061","personal banker retired"
"6062","paper boyand manintiance"
"6063","special needs teacher"
"6064","site supervisor"
"6065","directeur d'école primaire"
"6066","it  director"
"6067","admissions officer"
"6068","food and beverage assistant manager"
"6069","microbiologiste"
"6070","remarketing"
"6071","projet manager for retail services, currently on maternity leave"
"6072","counter person"
"6073","dispatcher, truck driver"
"6074","chef de division municipal"
"6075"," unable to work due to disability"
"6076","configuration manager"
"6077","nuclear physicist"
"6078","practice management consultant"
"6079","director of information technology"
"6080","systems and solutions analyst"
"6081","video game creator from home"
"6082","retrsite"
"6083","service tech."
"6084","zoological/animal care."
"6085","gestionnaire des opérations"
"6086","referee"
"6087","conseiller en sécurité civile"
"6088","psw certified"
"6089","emballeur"
"6090","manager informatique"
"6091","canada post admin employee"
"6092","content creator"
"6093","municipal police detective sergeant"
"6094","on disability, but i used to work in social services"
"6095","civil servent"
"6096","equiopment operator"
"6097","conseillère en voyages"
"6098","high school chemistry teacher not far from western 😉"
"6099","tec-lab"
"6100","architecte de paysage"
"6101","musicien professionnel"
"6102","front desk"
"6103","administrator of newsroom"
"6104","funrraiser"
"6105","custom broker"
"6106","chief librarian for community library"
"6107","homemaker/freelancer"
"6108","ontario gov"
"6109","retraité ébéniste"
"6110","biosafety officer"
"6111","supervisor canada post"
"6112","parking lot supervisor"
"6113","government (retired)"
"6114","it project analyst"
"6115","cover symptom tester"
"6116","freelance chef"
"6117","contremaitre usine"
"6118","care aid"
"6119","health & education professional"
"6120","registered psychiatric nurse"
"6121","federal government - policy"
"6122","veterinrian"
"6123","educational coordinator"
"6124","programmeur-analyste"
"6125","federal public service programme officer"
"6126","pension plan analyst"
"6127","city programs manager"
"6128","vérificateur"
"6129","rece"
"6130","opérateurs"
"6131","contrôleur traffic"
"6132","employed part time"
"6133","bilingual customer experience specialist"
"6134","oil patch business owner"
"6135","real estate salesperson"
"6136","gestionnaire dans le réseau de la santé au québec"
"6137","piano technician and music teacher"
"6138","entrée de données"
"6139","fonctionnaire prov."
"6140","transportation economist/planner"
"6141","chargé de projet borne électrique gouv. qc."
"6142","bilingual customer service"
"6143","bar owner"
"6144","publiciste"
"6145","optometrist"
"6146","vet"
"6147","biochemist"
"6148","refrigeration technician"
"6149","dont know yet"
"6150","environmental aide"
"6151","aucune, inapte à l'emploi (syndrome de fatigue chronique)"
"6152","administrative health clerk"
"6153","assistant food and beverage manager"
"6154","banking officer"
"6155","conseillere ressources humaines"
"6156","compliance manager"
"6157","finance sector"
"6158","représentante informatique"
"6159","educational administrator"
"6160","commis-enqueteur"
"6161","concierge immeuble"
"6162","energy sector"
"6163"," avocate"
"6164","maintenance production"
"6165","retired transportation engineer"
"6166","ssp"
"6167","psychometrician"
"6168","retired politician"
"6169","journalier retraité"
"6170","fleet manager"
"6171","research and development"
"6172","bakery manager"
"6173","tech de labo"
"6174","guide touristique"
"6175","mining engineer/executive"
"6176","student working part time"
"6177","assisting site supervisor in construction"
"6178","auto assembler"
"6179","24 hr/day caregiver to an elderly person with dementia"
"6180","gov of canada"
"6181","tec,ver. fiscale"
"6182","employée à temps plein / communications"
"6183","technicien en intormatique"
"6184","chemical lab tech"
"6185","park planner, provincial government"
"6186","public worker"
"6187","union staff"
"6188","educator/ school head"
"6189","programmeur analyse"
"6190","le sport"
"6191","utility"
"6192","disabled/security guard"
"6193","human resources exec"
"6194","director career services (retired)"
"6195","wcb representative"
"6196","hvac technician"
"6197","millworker"
"6198","retired financial consultant"
"6199","i work in entertainment"
"6200","pipefitter/plumber/ steamfitter"
"6201","conseiller au gouvernement"
"6202","auto teck"
"6203","hvac sales"
"6204","acoustic technologist"
"6205","évaluateur foncier"
"6206","retired teacher  now travel agent"
"6207","teacher and textbook author"
"6208","technicien evaluation immobiliere"
"6209","chauffeur autobus"
"6210","rail traffic controller"
"6211","bénévole pour les personnes agées"
"6212","adjointe adm."
"6213","gerant de vente"
"6214","r&d scientist"
"6215","insurance account manager"
"6216","community facilitator for people with disabilities"
"6217","planificateur"
"6218","service assosciate"
"6219","church minister"
"6220","bank employer"
"6221","tv producer"
"6222","finances"
"6223","human resources management"
"6224","fonctionnaire tech en administration"
"6225","t.forestier"
"6226","railroad carman"
"6227","commis reception"
"6228","infirmière auxilière"
"6229","temps plein, bureau"
"6230","dealer"
"6231","court documentations clerk"
"6232","banking."
"6233","general laborer"
"6234","manager, account management"
"6235","sec direction"
"6236","tax audit supervisor"
"6237","sans emploie"
"6238","communication technition"
"6239","employer à temps plein"
"6240","supervising consultant"
"6241","retired accountant"
"6242","operation manager"
"6243","métallurgie"
"6244","intervenante sociale"
"6245","customer service agent"
"6246","infirmier-auxiliaire"
"6247","directeur centre hospitalier"
"6248","avionique"
"6249","enforcement"
"6250","salarié à temps complet"
"6251","surveillant"
"6252","conseiller principal en gestion"
"6253","manager, insurance co."
"6254","cu"
"6255","your guide"
"6256","géomorphologue"
"6257","v.p. director investment firm"
"6258","shipper /receiver"
"6259","former = actress"
"6260","diversity program manager"
"6261","contrôleur aérien"
"6262","n/a - i am a student"
"6263","comseillère en approvisionnement ti/sti"
"6264","analyst system"
"6265","recreational therapist in long term care facility"
"6266","designer/goldsmith"
"6267","language coordinator"
"6268","unemployed, on aish"
"6269","chef des services financiers d'une société d'état"
"6270","tuyauteur"
"6271","ingénieur en force motrice"
"6272","junior ux designer"
"6273","auctioneer"
"6274","radiolody technologist"
"6275","long-term disability since 1986"
"6276","director of liturgy"
"6277","proprietor"
"6278","research manager"
"6279","health consultant"
"6280","manuelle"
"6281","sr. licensing tech."
"6282","credential assessor"
"6283","agent service correctionel"
"6284","data specialist"
"6285","interior designer / architectural technologist"
"6286","patient care coordinator"
"6287","charity ceo"
"6288","retired bus driver"
"6289","office manager/bookkeeper"
"6290","bank, teller"
"6291","comptes payables-recevables"
"6292","executive  chef"
"6293","railway specialist"
"6294","agent d’emploi"
"6295","emergency management planner"
"6296","educatrice service de garde"
"6297","academic advisor"
"6298","business officer"
"6299","part time"
"6300","psychiatric nurse"
"6301","tuyauter"
"6302","responsable ti"
"6303","office afministration"
"6304","asdf"
"6305","stores clerk"
"6306","arborist assistant"
"6307","vfx production assistant"
"6308","legal admin"
"6309","communicaton specialist"
"6310","bucheron"
"6311","deskjob"
"6312","retired project manager."
"6313","employée de laboratoire"
"6314","disability manager"
"6315","conseillere"
"6316","assistant technique en pharmacie"
"6317","non-profit executive director"
"6318","accountant, cpa"
"6319","négociateur"
"6320","surveillant d’élèves à l’école primaire."
"6321","university student and work part time"
"6322","home care/ student"
"6323","mental health therapist"
"6324","covid"
"6325","attachée d’administration au gouv. du québec"
"6326","infirmière (bac universitaire nursing"
"6327","educator, paramedic"
"6328","office facilities co-ordinator"
"6329","directrice des finances"
"6330","social worker manager"
"6331","ressources humaines au privé"
"6332","commissionaire"
"6333","medical secretary/admin assistant"
"6334","social  worker"
"6335","cadre intermédiaire"
"6336","technicien en aéronautique"
"6337","educator professor"
"6338","éducatrice en milieu scolaire"
"6339","grief practitioner, artist"
"6340","ops mgr for concrete co"
"6341","access tec"
"6342","permanently disabled"
"6343","directeur des ventes automobiles"
"6344","nuclear"
"6345","technologiste laboratoire médical"
"6346","analyste marketing"
"6347","courtier assurances de dommages"
"6348","asst=gerant rest."
"6349","faculty at a provincial collage"
"6350","municipal public service"
"6351","land development consultant"
"6352","investment banker"
"6353","s/w engineer"
"6354","accounting clerical"
"6355","salarié temps plein"
"6356","employé civil"
"6357","infirmier auxiliaire"
"6358","air traffic controller."
"6359","opérateur de chariot élévateur."
"6360","- ingénieur"
"6361","sales of custom manufactured products"
"6362","federal manager at cra"
"6363","media research."
"6364","line worker"
"6365","qa analyst (software testing)"
"6366","talent acquisition"
"6367","semi retired. seasonal worker. highway snow plowing"
"6368","sales specialist"
"6369","juriste"
"6370","captain canadian army"
"6371","prepose aux beneficiaires"
"6372","provincial corrections officer (ret)"
"6373","conductrice autobus scolaire"
"6374","cra"
"6375","asss"
"6376","journalier d'usine"
"6377","safety aviation manager"
"6378","corporate officer"
"6379","school caretaker"
"6380","pizza delivery"
"6381","municipal worker"
"6382","finance supervisor"
"6383","insructor"
"6384","assistante-comptable"
"6385","restauration, cuisinier"
"6386","part time retail associate"
"6387","virologist"
"6388","conseillère finances personnelles"
"6389","professional in education"
"6390","senior hr officer"
"6391","early years facilitator"
"6392","computer software related"
"6393","responsable des ressources humaines"
"6394","gestionnaire dans un cégep"
"6395","supply chain management"
"6396","technical support representative"
"6397","senior appeals officer"
"6398","strategic crime analyst"
"6399","kitchen worker"
"6400","vp human resources"
"6401","hygiène et salubrité"
"6402","technical consultant"
"6403","emplayé temps plein"
"6404","svp strategy and development"
"6405","personne au foyer"
"6406","éducatrice en milieu familial"
"6407","supervisor of transportation"
"6408","develop director"
"6409","reg. n."
"6410","janitorial business"
"6411","concepreur mécanique"
"6412","shipping clerk"
"6413","service de garde (ecole)"
"6414","opérateur industriel"
"6415","vp of marketing"
"6416","resident care worker"
"6417","machine op."
"6418","butcher"
"6419","traducteur-interprète"
"6420","retired educator now a small business owner"
"6421","analyste-programmeur"
"6422","truck driver / crane operator"
"6423","professeur cegep"
"6424","chauffeur de bus"
"6425","correcteur d'examens de français"
"6426","office adminstrator"
"6427","credit union employee"
"6428","pet handler"
"6429","medical lab technician"
"6430","financial administration"
"6431","directeure"
"6432","senior consultant"
"6433","propertymanager"
"6434","bénévole"
"6435","writer/novelist"
"6436","real estate secretary"
"6437","canada border services agency"
"6438","dans la santé"
"6439","spychothérapeute"
"6440","policier retraité"
"6441","marketing and sales"
"6442","it services"
"6443","landscaper and snow removal"
"6444","document designer"
"6445","weather observer"
"6446","chargé de projet construction"
"6447","senior administration"
"6448","medical secretary / group medical office manager"
"6449","tecknicien"
"6450","work in sport"
"6451","ford motor line assembler"
"6452","alcohol and drug counselor"
"6453","ceo export coy"
"6454","labor forman"
"6455","reception/accts payable"
"6456","longshoremen"
"6457","mechanical systems designer"
"6458","fin de la pandémie"
"6459","data entry clerk for service agreements"
"6460","customs broker"
"6461","teller"
"6462","à la recherche d’un emploi"
"6463","legistic coordinator"
"6464","finisher"
"6465","teacher/chef"
"6466","consultant for industry enviromental assessments"
"6467","fundraising sales"
"6468","travel advisor"
"6469","opérateur teinturerie"
"6470","gestionnaire de système"
"6471","government program executive"
"6472","business owner in agroforestry"
"6473","accounts receivable analyst"
"6474"," chauffeur"
"6475","admin director"
"6476","ece daycare"
"6477","warehouse person parts"
"6478","greenhouse owner"
"6479","teacher, counsellor, airforce"
"6480","retraitée ex analyste contrôle de qualité banque"
"6481","ingenieure"
"6482","test manager"
"6483","media specialist"
"6484","electrical industry"
"6485","osteopathic practitioner"
"6486","full time student part time cashier"
"6487","professor/musician"
"6488","guidance councilor"
"6489","adj adm"
"6490","etudiante q temps plein"
"6491","thecnicien mecanique"
"6492","water well driller"
"6493","owner operator of business"
"6494","technical sales"
"6495","mgr administration"
"6496","infirmière clinicienne retraitée depuis le 3 mars 2021"
"6497","vp"
"6498","indigenous relations advisor"
"6499","kitchen hand"
"6500","business professional"
"6501","soutien technique"
"6502","forest  program manager"
"6503","support technique"
"6504","spécialiste centre d'assistance, télécommunications"
"6505","publicist"
"6506","bc government contract manager"
"6507","corporate vice president"
"6508"," compensation specialist"
"6509","gérante"
"6510","commis au viande"
"6511","retired insurance investigator"
"6512","semi retired self employed"
"6513","technical support assistant"
"6514","international logistics manager"
"6515","data interviewer"
"6516","auto service manager"
"6517","military firefighter"
"6518","construccion"
"6519","insurance advisor"
"6520","agent de la faune"
"6521","bookkeeper/admin."
"6522","computer thech"
"6523","sales development"
"6524","student and part time"
"6525","medical physicist"
"6526","webmaster"
"6527","enseignante de taiji qigong, entrepreneur"
"6528","0perator"
"6529","anglican priest"
"6530"," clerk"
"6531","tracher"
"6532","approvisionnements"
"6533","ward clerk"
"6534","analyste fonctionnel"
"6535","commis dans un magasin"
"6536","représentant commercial à la retraite"
"6537","promoteur de la santé"
"6538","cardiology technologist"
"6539","sécurité informatique en recherche pharmaceutique fondamentale"
"6540","technicien télécom"
"6541","wary childhood educator"
"6542","fleet maintenance"
"6543","vp ventes et marketing"
"6544","retirted"
"6545","childcare assistant"
"6546","occupational hygiene"
"6547","renovatorn housing"
"6548","tecnicinne"
"6549","parole officer"
"6550","vice president of loblaws"
"6551","préposée au marchandisage"
"6552","health director"
"6553","dir. ventes et marketing"
"6554","service comptable"
"6555","barrister"
"6556","teacher/interpreter"
"6557","social justice educator"
"6558","rink attendant"
"6559","officer, royal canadian navy"
"6560","service writer"
"6561","support engineer"
"6562","technicienne santé vétérinaire"
"6563","conseiiler pour entreprise"
"6564","police officer (retired)"
"6565","dietetiste"
"6566","animateur social"
"6567","unemployed (on disability)"
"6568","owner dealer"
"6569","store assistant"
"6570","insurance examiner"
"6571","purchasing g.m canada"
"6572"," enseignant"
"6573","aide bibliothécaire"
"6574","directeur service informatique"
"6575","fraud mitigation team leader"
"6576","conseiller stratégique"
"6577","interviewer doing surveys"
"6578","directeur opérationnelle en communication"
"6579","employé tpartiel et étudiante tplein"
"6580","creative writer"
"6581","professionnelle en  éducation : conseiller pédagogique soutien intervention psychosocial"
"6582","retired- former teacher"
"6583","federal service"
"6584","vp banking"
"6585","constable spécial"
"6586"," communications consultant"
"6587","medical lab assistant"
"6588","technicien de bureau"
"6589","wholesale sales representative"
"6590","ofiice manager"
"6591","conseillère retraite"
"6592","administrators assistant"
"6593","taxes collector"
"6594","disabled/ retired"
"6595","recpetionist"
"6596","social media"
"6597","coordinator at health care facility"
"6598","senior manager/executive"
"6599","jjj"
"6600","commis pharmacie"
"6601","bank representative"
"6602","nuclear utility worker"
"6603","directrice d’un centred’appels"
"6604","shoe designer"
"6605","retired manager"
"6606","chauffeure"
"6607","gestionnaire projets"
"6608","homemaker/stay-at-home parent"
"6609","technicienne en milieu scolaire"
"6610","professeur (université)"
"6611","pdg d'une entreprise."
"6612","babysitter"
"6613","unemployed but looking for work"
"6614","technicien des travaux publics"
"6615","admissions officer at a college"
"6616","professionnel en santé publique"
"6617","gov't of canada"
"6618","videographer"
"6619","lock/bridge operator"
"6620","gas store worker"
"6621","retired police officer"
"6622","city manager"
"6623","trainer for adult handicapped"
"6624","pizza fliiper"
"6625","secretaire dentaire"
"6626","site superintendent"
"6627","it & finance director"
"6628","funeral services"
"6629","bookeeper"
"6630","national payroll coordinator"
"6631","clerical positions"
"6632","travail 40 hres semaine"
"6633","présidente et chef de la direction"
"6634","officer manager"
"6635","adjuster"
"6636","product performance manager"
"6637","secretary, bookkeeper"
"6638","information tecknology"
"6639","sales whore"
"6640","property/liability insurance underwriter"
"6641","agricultural fieldman"
"6642","delivery driver and server"
"6643","agent administratif ciusss de la mauricie et du centre-du-québec"
"6644","architectural drafting"
"6645","subcontractor construction"
"6646","president ceo"
"6647","self employed child care provider"
"6648","contremaitre hygiene du milieu"
"6649","medical eeaearch"
"6650","dir. supply chain mgmt"
"6651","photographer/musician"
"6652","garderie"
"6653","manufacturing assembly line"
"6654","food services long term care home"
"6655","gestionnaire des opérations à une agence immobilière"
"6656","health executive"
"6657","travailleuse en tourisme"
"6658","case worker"
"6659","united church minister"
"6660","y"
"6661","correctional adolescent worker"
"6662","cs"
"6663","software development manager"
"6664","work with children"
"6665","hr assistant"
"6666","registration clerk"
"6667","urbaniste municipal"
"6668","conseillère approvisionnement stratégique"
"6669","fonctionnaire féférale"
"6670","r.n."
"6671","shef"
"6672","carpenter/locksmith"
"6673","staffing clerk"
"6674","famille d acceuil"
"6675","responsable de comptoir postal avant retraite"
"6676","chef d""équipe"
"6677","digital content"
"6678","military weapons specialist"
"6679","shop foreman"
"6680","consultante"
"6681","server/expo/host"
"6682","promotional marketing"
"6683","manual labourer"
"6684","semi retraité"
"6685","information technology consultant"
"6686","manufacture general labour"
"6687","retired canadian military"
"6688","steam fitter/pipe fitter/ plumber/ gas fitter"
"6689","student due to covid"
"6690","union staff representative"
"6691","adj administration"
"6692","system control operator"
"6693","rcmpolice"
"6694","24 hour a day caregiver"
"6695","office staff"
"6696","i.t. technician"
"6697","sports"
"6698","intervenant social"
"6699","millright"
"6700","administratrice de haut niveau"
"6701","private school administrator"
"6702","entrepreneur en restauration"
"6703","prison administrator"
"6704","technicien en génie civil"
"6705","teacher/educational consultant"
"6706","fundraiser/event coordinator"
"6707","manufacturing (retired)"
"6708","responsable de gestion des documents et des archives"
"6709","television producer"
"6710","professionnel de recherche"
"6711","ship repair"
"6712","traduction"
"6713","clinical"
"6714","inventory supervisor"
"6715","dessinatrice industriel"
"6716","computer systems manager"
"6717","technicienne en nutrition clinique"
"6718","educateur"
"6719","rénovation"
"6720","software designer/project manager"
"6721","multimedia specialist"
"6722","technicien a la production"
"6723","h"
"6724","mail delivery"
"6725","agente de développement"
"6726","babysitting children"
"6727","unemploy"
"6728","retired business owner"
"6729","biochimiste"
"6730","safety ambassador"
"6731","communications supervisor"
"6732","disabled homemaker"
"6733","directeur-principal"
"6734","postes canada"
"6735","client solutions analyst"
"6736","labour relation advisor"
"6737","facility manager"
"6738","manager - biotech"
"6739","store person"
"6740","night audit/front desk rep"
"6741","transportation manager"
"6742","chimiste en innovation technologique-environnement"
"6743","senior advisor"
"6744","financier"
"6745","software sales"
"6746","mécano"
"6747","retired elementary teacher"
"6748","pommicûlteur"
"6749","immigration specialist"
"6750","i.t. manager"
"6751","asset protection coordinator"
"6752","banquet"
"6753","secrétaire médicale agente administratif"
"6754","enseignant en mathématiques"
"6755","proprietaire d'une pme"
"6756","educatrice sdg scolaire"
"6757","incapable de travailler"
"6758","web manager"
"6759","incapacité de travail"
"6760","courtier en assurances de dommages"
"6761","employé à plein temps"
"6762","worker bee"
"6763","admin.asst."
"6764","agent correctionnel"
"6765","shipping / receiving"
"6766","âgente d’indemnisation"
"6767","plieur relieur"
"6768","caregiver/homemaker"
"6769","travaille dans un rpa"
"6770","para legal"
"6771","manager it"
"6772","tax associate"
"6773","unemployed, going to be a student"
"6774","lunch monitor"
"6775","technologue en electrophisiologie medicale"
"6776","porter at a hospital"
"6777","marketing and innovation"
"6778","agent de securité"
"6779","contremaître génie civil"
"6780","rehabilitation assistant"
"6781","collectables and antiques"
"6782","unemployed at the moment"
"6783","technologist ii"
"6784","agent de correction"
"6785","purchasing supervisor"
"6786","food and beverage service"
"6787","hra"
"6788","agente de recherche et de developpement socio économique"
"6789","audiology"
"6790","sr. business anslyst"
"6791","shipping and receiving"
"6792","hospital registration clerk"
"6793","constucson"
"6794","screening manager"
"6795","technical manager"
"6796","mécanique"
"6797","fonctionnsaire fédéral"
"6798","communications it"
"6799","serveur"
"6800","préposés aux bénéficiaires"
"6801","intervenante jeunesses"
"6802","owner of a business"
"6803","rhn"
"6804","entrepenure"
"6805","medical gas technician"
"6806","chef d'unité, infirmière"
"6807","web press operator"
"6808","broadcasting"
"6809","revenue manager"
"6810","customer service for animals"
"6811","major mining projects - first nations and metis consultation"
"6812","denturist"
"6813","gestionnaire des opérations casino qc"
"6814","finance analyst"
"6815","technicien ti"
"6816","r and d intern"
"6817","engineering management"
"6818","documentation specialist"
"6819","print production"
"6820","caseworker."
"6821","coordonnatrice des bénévoles"
"6822","pianiste pour classes de ballet"
"6823","telephone tech"
"6824","ces"
"6825","massothérapie"
"6826","radiographic technologist/supervisor"
"6827","sexologue"
"6828","en recherche d'emploie"
"6829","office/clerical/administrative"
"6830","commis courrier"
"6831","employée temps partiel"
"6832","ofice manager"
"6833","stay-at-home parent"
"6834","préposée entretien ménager"
"6835","technical support agent"
"6836","expert en gestion de la technologie"
"6837","correctional peace officer"
"6838","commis dans unepharmacie"
"6839","educatricecpe"
"6840","souscripteur assurance"
"6841","it engeering"
"6842","engineering and sales"
"6843","responsable automatisation et controle"
"6844","technical lead"
"6845","gérante de rayon magasin grande surface"
"6846","medical admin asst"
"6847","technical director"
"6848","studnet"
"6849","disable but trying to find work if suitable to my disability"
"6850","vet technican"
"6851","sécurité publique"
"6852","directrice d’un réseau de bibliothèques"
"6853","f&b supervisor"
"6854","manager of communications"
"6855","gestionnaire d’entreprise"
"6856","self employed greenhouse operator"
"6857","gestionnaire de projet clinique"
"6858","digital marketing currently on maternity leave"
"6859","maid"
"6860","admin  assistant"
"6861","bosses bitch"
"6862","collection specialist"
"6863","chauffeuse de poids lourd"
"6864","technicien arpenteur"
"6865","concepteur de produits électroniques"
"6866","représentant chez bell canada"
"6867","extrusion operator"
"6868","heating repair and maintains"
"6869","self employed / freelancer"
"6870","actor & singer"
"6871","partiel"
"6872","research physicist"
"6873","oilfield dispatcher"
"6874","agent de credit"
"6875","printed circuit designer"
"6876","marketing & communications"
"6877","assembly manufacturing"
"6878","commis pieces"
"6879","technicien informatique service aux usagers"
"6880","assistante technique en pharmacie"
"6881","retired railway clerk"
"6882","cloud consultant"
"6883","vp operation"
"6884","electronics tech in the rcaf"
"6885","retired legal secretary"
"6886","retd"
"6887","events facilitator"
"6888","maintenance/healthcare"
"6889","print media"
"6890","travalleur tp"
"6891","property mgmt"
"6892","travaille dans un chsld"
"6893","bank vp"
"6894","pressier (imprimerie)"
"6895","clergyman"
"6896","government professional"
"6897","winery employee"
"6898","information systems manager"
"6899","product management/telecommunications"
"6900","serveuse restauration"
"6901","administration assistance"
"6902","administration in provincial public service"
"6903","computer security specialist"
"6904","plant maintenance planner"
"6905","commercial manager"
"6906","grain handeler"
"6907","education (administration)"
"6908"," caissière"
"6909","construction supervisor"
"6910","conducteur de navette pour une compagnie de locattion d'auto"
"6911","ins.agent"
"6912","technicien en éducation spécialisé"
"6913","retired - military"
"6914","c p a"
"6915","disabled/unable to work"
"6916","contract negotiater"
"6917","guest services representative"
"6918","restaurateur"
"6919","travailleur temps plein technicien"
"6920","teacher secondary school"
"6921","travailleur culturel"
"6922","airborne geophysicist processer"
"6923","homemaker/parent"
"6924","directeur régional"
"6925","ne travaile pas"
"6926","fonctionnaire msss"
"6927","homemade"
"6928","chef d’équipe en ressources humaines"
"6929","conservation officer/ land manager"
"6930","employer"
"6931","independent contractor"
"6932","recherche d'emploi"
"6933","talent agent"
"6934","opérateur de fabrication"
"6935","gestionnaire de banque"
"6936","planificateur média"
"6937","senior analyst"
"6938","csw"
"6939","assistante infirmière chef"
"6940","rental manager"
"6941","boss"
"6942","welder/machinist/fabricator"
"6943","manufacturing engineering technology"
"6944","employed full time"
"6945","small business partner"
"6946","éducatrice a la petite enfance"
"6947","machinistre"
"6948","saleman"
"6949","lighting designer for live entertainment"
"6950","veterinary epidemiologist"
"6951","executive organizer"
"6952","conseiller immobilier"
"6953","nursing unit clerk"
"6954","hjgi"
"6955","eho"
"6956","border security"
"6957","print executive"
"6958","counselling therapist"
"6959","finance administration"
"6960","software design"
"6961","admistrative, office work"
"6962","self empoyed"
"6963","shipping/receiving"
"6964","customer service on the phone for a countertop company. i book appointments."
"6965","public health dentist"
"6966","minister of religion, author"
"6967","technicien couleur"
"6968","social work, human justice & pastoral care"
"6969","plombiere"
"6970","computer"
"6971","asistant office"
"6972","fianacial adviser"
"6973","college admissions officer"
"6974","employée du gouvernement"
"6975","retired autoworker"
"6976","éducatrice en petite enfance"
"6977","food service catering"
"6978","responsable crédit et recouvrement"
"6979","enumerator"
"6980","mental health professional"
"6981","budget manager"
"6982","hospital director"
"6983","investment real estate broker"
"6984","travel agency owner"
"6985","social work educator"
"6986","rrtired"
"6987","social work professor"
"6988","it systems analyst"
"6989","paramédic à temps plein"
"6990","chargé d'enseignement"
"6991","casino table games dealer"
"6992","tire tech"
"6993","registered nurse  retired"
"6994","service worker"
"6995","comedien"
"6996","assistant healthcare supervisor"
"6997","logistics sales and service"
"6998"," banker"
"6999","contract development and negotiator"
"7000","miitaire"
"7001","service trainer"
"7002","nursing supervisor"
"7003","conseiller en vente"
"7004","insurnace"
"7005","model maker"
"7006","conseillère principale rh"
"7007","website manager"
"7008","retired; former radio producer"
"7009","foreign trade fair representative"
"7010","merchandising manager"
"7011","lawyers"
"7012","not employ"
"7013","on medical leave, formerly a coordinator for emergency services for a travel insurance"
"7014","nuclear power"
"7015","school aide"
"7016","ne travaille pas pour cause maladie"
"7017","nine"
"7018","chargée d’enseignement à l’université"
"7019","foodservice"
"7020","caregiver for senior parents"
"7021","customer service professional"
"7022","mecanicien indutriel"
"7023","transit superintendent"
"7024","remodeler"
"7025","project control"
"7026","manager, food services"
"7027","public health researcher"
"7028","work at a gas station"
"7029","unit coordinator"
"7030","french services coordinator"
"7031","ux designer"
"7032","sport"
"7033","cash advisor"
"7034","air traffic operation specialist"
"7035","invalide à la maison"
"7036","landscape architect"
"7037","fonctionnaire provinciale"
"7038","directrice générale d'obnl"
"7039","congé maternité"
"7040","csr aide"
"7041","i was an educational assistant"
"7042","gestionnaire de produits"
"7043","assistant to regional vp"
"7044","dir services aux citoyens & projets speciaux"
"7045","full-time administrative assistant"
"7046","polymer chemist"
"7047","conseiller en relations du travail"
"7048","croupier"
"7049","aucune"
"7050","ironworkers"
"7051","transportation planner"
"7052","brokwr"
"7053","au travail"
"7054","p. eng."
"7055","public relations coordinator"
"7056","magasinier fonction publique federale"
"7057","employé gouvernement"
"7058","registered early childhood educator"
"7059","accounyany"
"7060","blue collar"
"7061","diet technician"
"7062","educator and school librarian"
"7063","system's specialist"
"7064","rien"
"7065","master control operator"
"7066","travailleur salarié"
"7067","housing worker"
"7068","it /business consultant"
"7069","chef d'équipe administrative et service à la clientèle"
"7070","lottery ticket sales"
"7071","bank fraud investigation"
"7072","home security"
"7073","clerical office worker"
"7074","consultante en santé sécurité"
"7075","shipper receiver"
"7076","soft skills trainer/consultant"
"7077","gardien"
"7078","travailler à plein temps"
"7079","assistant director, hr in the federal government - cra"
"7080","sociologist"
"7081","police provinciale"
"7082","hvac"
"7083","chef de reception"
"7084","messager"
"7085","retail salesperson"
"7086","teachers aid"
"7087","residential care worker"
"7088","health field"
"7089","attachée d’admiration"
"7090","physicien"
"7091","special needs support worker but currently unable to work"
"7092","art gallery manager"
"7093","land analyst admnistrator"
"7094","cuissinier"
"7095","reg. psych. nurse"
"7096","sans emploi et bénévole dans le communautaire"
"7097","debosselage"
"7098","note-taker"
"7099","architecture"
"7100","consultant, informatique"
"7101","federal gov adjudicator"
"7102","laid off second time thanks to all the government overreach closing everything down.!"
"7103","correspondence coordinator"
"7104","conseillère en affaires"
"7105","grocery shopper"
"7106","human resources executive"
"7107","alarm technician"
"7108","claim adjuster"
"7109","langage revisor"
"7110","specialized educator"
"7111","student program advisor university"
"7112","delivery"
"7113","commis à postes canada"
"7114","retraité militaire"
"7115","distiller"
"7116","night stocker"
"7117","musician/retired"
"7118","working full time"
"7119","retail auditor"
"7120","human resources specialist (until pandemic job loss)"
"7121","it strategic planner"
"7122","law enforcement support"
"7123","health administration"
"7124","officier"
"7125","hydrographic surveyor"
"7126","scientet"
"7127","intervenante en soutien aux élèves"
"7128","c/s auditor"
"7129","keyholder"
"7130","homaker"
"7131","data tech"
"7132","shipper-receiver"
"7133","office services"
"7134","toxicologist"
"7135","insurance broker support"
"7136","professeur musique"
"7137","customer service/cashier grocery store"
"7138","sitter"
"7139","anthropologist"
"7140","gerant des ventes"
"7141","minister"
"7142","speech language pathologist"
"7143","food co-ordinator/admin.assistant"
"7144","accounting office"
"7145","unabled to work due to a disability"
"7146","fundraising manager"
"7147","conseiller en milieu universitaire"
"7148","retired. warehouse management"
"7149","psychologue clinicien"
"7150","director of nursing"
"7151","employé de bureu"
"7152","travail temps complet"
"7153","destination consultant"
"7154","enseignement supérieur"
"7155","general dogsbody"
"7156","maman a la maison"
"7157","analyste dans le domaine digital"
"7158","gestionnaire cpa"
"7159","publc service manager"
"7160","acheteuse, et contrôle d'inventaire"
"7161","restaurant boh/server/cash"
"7162","directeur de la formation"
"7163","coach/consultant"
"7164","senior management in public sector"
"7165","pme"
"7166","economics and laborer"
"7167","secretary/cashier"
"7168","centre d'assistance dans centre d'appel de télécommunications"
"7169","chef d'équipe gouvernement du québec"
"7170","independant media artist"
"7171","sekf employed renovator"
"7172","construction management"
"7173","garment industry grader/ marker maker"
"7174","syndicaliste"
"7175","offset pressman"
"7176","unemployed/travel tourism"
"7177","logistics coordinator"
"7178","food service for an elementary school"
"7179","high school math teaching"
"7180","eduction"
"7181","travailleur autonome - typographe"
"7182","unemployed, looking for work"
"7183","pastoral"
"7184","coordonnatrice organisme communautaire pour personnes handicapées"
"7185","graphic designer & social media communication"
"7186","alcohol salesman"
"7187","telesales"
"7188","unemployed currently, before covid i was a cook."
"7189","rédacteur technique"
"7190","automotive tech"
"7191","estimateur électrique"
"7192","gestion d'inventaire"
"7193","inquest coordinator"
"7194","collections rep"
"7195","taxi"
"7196","counseling"
"7197","je sais pas"
"7198","public affairs"
"7199","pilote"
"7200","employé temps partiel"
"7201","agent de développement"
"7202","sales/wholesale banking"
"7203","chartered professional - human resources"
"7204","registered nurse - clinical informatics"
"7205","corporate trainer"
"7206","former midwife, now guest services rep"
"7207","online affiliate"
"7208","travaileur autonaume en e comerce sur le web"
"7209","finance federal government"
"7210","habitat restoration"
"7211","unable to work due to diaability"
"7212"," vice president of large corporation"
"7213","sales and marketing coordinator"
"7214","part time student and part time grocery merchandiser"
"7215","i am disabled"
"7216","skillend"
"7217","internal auditor"
"7218","service lclient"
"7219","homestay"
"7220","chargé d'enquête"
"7221","gérante d'une boutique"
"7222","die maker"
"7223","assistan gérant dépicerie"
"7224","bid writer"
"7225","gov empioy"
"7226","représentante aux ventes"
"7227","school crossing guard"
"7228","travail à tamps partiel"
"7229","employee municipale bureau"
"7230","banking advisor"
"7231","office manager in a counselling office."
"7232","directeur des services éducatifs"
"7233","sandwich delivery service"
"7234","commercial real estate"
"7235","pmo"
"7236","heavy equipment operstor"
"7237","translation senior manager at a national financial services company"
"7238","pension analyst"
"7239","représentante service à la clientèle senoir"
"7240","retired museum collection manager"
"7241","communications specialist"
"7242","group home worker"
"7243","vulcanisateur"
"7244","simulations engineering"
"7245","gestionnaire de la sécurité"
"7246","livreur vendeur"
"7247","ass. tech. pharmacie"
"7248","agent de prévention sst"
"7249","adj administrative"
"7250","software consultant"
"7251","registered kinesiologist"
"7252","civil administrator"
"7253","director marketing"
"7254","income tax clerk"
"7255","human movement scientists, reg. kinesiologists"
"7256","customer service - travel and tourism"
"7257","gis"
"7258","pr communications"
"7259","représentante internes aux ventes"
"7260","préposée la billetterie."
"7261","enterpriser"
"7262","secondary school teacher/dept.head"
"7263","conseiller juridique"
"7264","enforcement/ investigation"
"7265","analyste economiste"
"7266","lit"
"7267","non-profit employee"
"7268","purchasing consultant"
"7269","emôyer municipaux"
"7270","adjointe exécutive"
"7271","pharmacy tech. book keeper"
"7272","lifecoach - trainer/mentor coach"
"7273","film industry"
"7274","wehy"
"7275","telemarketing"
"7276","non-profit executive"
"7277","radiation therapist"
"7278","technicien en informations"
"7279","surveillante d eleves"
"7280","drafting designer"
"7281","serveuse dans les restaurant"
"7282","concepteur web"
"7283","manager in social services"
"7284","directrice école primaire"
"7285","chef projets"
"7286","registered nurse, and small business operator"
"7287","cleaning service"
"7288","intervieure"
"7289","fundraiser trainer"
"7290","sales support"
"7291","industrial sales"
"7292","computer it"
"7293","admin/management"
"7294","préposé aux communications d'urgence"
"7295","responsable approvisionnement et service au gouvernement fédéral"
"7296","retired utility telecontrol tech/construction officer"
"7297","manager consumer affairs"
"7298","secretary, clerk, receptionist"
"7299","job"
"7300","chef de division"
"7301","comptable professionnel agréé associé dans une firme comptable"
"7302","government executive"
"7303","employed full-time"
"7304","behaviour therapist"
"7305","secrétaire temps partiel"
"7306","bvg"
"7307","qa consultant it"
"7308","clientele"
"7309","freelance designer"
"7310","senior health care"
"7311","zootherapeute"
"7312","medical leave"
"7313","customer care triager"
"7314","ingénieur telecom"
"7315","processing geophysicist"
"7316","insurance professional"
"7317","renovations"
"7318","spécialiste en marketing"
"7319","real estate consultant"
"7320","law student"
"7321","adm. assistant"
"7322","associer"
"7323","self employed general maintenance technician"
"7324","en congé de maternité"
"7325","quality control inspector"
"7326","directrice de comptes - marketing"
"7327","railroad engineer"
"7328","resource coordinator social services"
"7329","finance/accounting"
"7330","commis d'unitee"
"7331","infirmière gestionnaire"
"7332","planification universitaire"
"7333","enseignante primaire pré-scolaire"
"7334","service manager of national company"
"7335","university teacher"
"7336","relations de travail"
"7337","expert immobilier"
"7338","coufrtier"
"7339","retired- registered nurse"
"7340","wholesale"
"7341","intern -therapist"
"7342","fitness"
"7343","sales and contracts specialist"
"7344","manages retail sales"
"7345","ford employee"
"7346","conseillère principale relations travail"
"7347","at home mommy!"
"7348","supervisor constuction"
"7349","manque argent"
"7350","artist, ballet teacher"
"7351","health inspector"
"7352","federal executive"
"7353","isd"
"7354","reseacher"
"7355","conducteur de train"
"7356","casino manager"
"7357","handicapée"
"7358","webmaster, journaliste"
"7359","directeur achats"
"7360","hotel event manager"
"7361","biblothécaire"
"7362","supervisor food department in store"
"7363","learning advisor"
"7364","immigration officer"
"7365","general worker"
"7366","aide alimentaire"
"7367","ski area manager"
"7368","school liaison facilitator"
"7369","ccw"
"7370","agent de recouvrement"
"7371","executive administative assistant"
"7372","service  rep"
"7373","urbaniste"
"7374","agent - sat department"
"7375","agent d'assurances"
"7376","home renovations, construction"
"7377","accompagnateur de groupes"
"7378","program manager, group facilitator"
"7379","computer programmer analyst"
"7380","québec"
"7381","regulatory"
"7382","directeur du marketing"
"7383","exec. dir -org."
"7384","dispatch/warehouse"
"7385","heavy duty cleaner"
"7386","home nurse"
"7387","enseignante (psychoéducatrice de formation)"
"7388","merchandise"
"7389","license practical nurse"
"7390","web dev"
"7391","directeur de secteur"
"7392","mining surface"
"7393","avocat et enseignant"
"7394","poste canada technicien"
"7395","corporate consultant"
"7396","photo editor"
"7397","consultant in public relations"
"7398","army officer"
"7399","directrice des ressources humaines"
"7400","animal rescue"
"7401","muséologue"
"7402","artisane brodeuse"
"7403","judicial assistant"
"7404","lutheran pastor"
"7405","employé manuel"
"7406","agente service au membre (desjardins)"
"7407","conseillère aux ressources humaines"
"7408","technicienne administrative"
"7409","manager in educational/health"
"7410","commercial financing"
"7411","etsy shop owner"
"7412","plumbing sales"
"7413","gestionnaire rh"
"7414","preposé hygiene et salubrité"
"7415","admin assistant with bell canada"
"7416","cnr"
"7417","data clerk"
"7418","directrice generale"
"7419","small business management"
"7420","propriétaire d'une boutique de jouets"
"7421","agente services financieres"
"7422","agent décisionnel"
"7423","science research tech."
"7424","chimiste(professionnelle au gouvernement provincial)"
"7425","school support staff"
"7426","développeur"
"7427","midwife"
"7428","acute care aide"
"7429","responsable de la conformité"
"7430","recouvrement"
"7431","human resorces in construction"
"7432","cuisinier chef"
"7433","refinisher"
"7434","surveyer"
"7435","golf course worker"
"7436","tetail"
"7437","travail partiel"
"7438","post office"
"7439","inventory clerk"
"7440","bellman"
"7441","admissions coordinator"
"7442","druiver"
"7443","emploi"
"7444","mère a la maison"
"7445","mould designer"
"7446","social services manager"
"7447","property developer"
"7448","directrice de. crédit"
"7449","library aide volunteer"
"7450","clerical/administrative"
"7451","chauffeure de bus"
"7452","grant analyst"
"7453","grocery supervisor"
"7454","homemaker/stay at home parent"
"7455","inspecteur en environnement"
"7456","agent protocole"
"7457","fermier"
"7458","enseignante en éducation physique au primaire"
"7459","home maker and work part time in retail"
"7460","seasonal harvester/picker at a local farm"
"7461","framer and small business owner"
"7462","general maintenance worker"
"7463","."
"7464","handy man - fixer"
"7465","étude et emploi"
"7466","desgner"
"7467","surveillante aérienne"
"7468","hvac engineer"
"7469","technicien en recherche"
"7470","éducateur en santé menntale"
"7471","cpp"
"7472","secretaire de direction"
"7473","manager of a veterinary clinic"
"7474","retired from bell"
"7475","foncitonnaite"
"7476","médical"
"7477","client service specialist"
"7478","agent service client"
"7479","financial rep"
"7480","parking cashier"
"7481","education srvices"
"7482","military/health care"
"7483","laboratoryjne technolodist"
"7484","foreur"
"7485","t.v. reporter/anchor"
"7486","dangerous goods specialist"
"7487","hospital clerk"
"7488","school psychologist"
"7489","quality assurance manager - high tech industry"
"7490","dunno"
"7491","unskilled labour"
"7492","chiropractic receptionist"
"7493","machine shop worker"
"7494","music"
"7495","av coordinator"
"7496","j'étais directeur financier"
"7497","grocery store manager"
"7498","conseiller vendeur"
"7499","general manager of big box retailer"
"7500","fast food manager"
"7501","casino dealer"
"7502","home health aid"
"7503","ultrasound"
"7504","directeur it"
"7505","opp"
"7506","retired - former office clerical"
"7507","sales marketing executive"
"7508","telecommunications planner"
"7509","essw"
"7510","service c;lientèle"
"7511","(retraite) cultivateur"
"7512","ajusteur de règlement d’assurance"
"7513","delivery coordinator"
"7514","expéditeur"
"7515","vp market research"
"7516","ingénieur au chômage"
"7517","conseillère en gestion des ressources humaines"
"7518","oul and gas"
"7519","assistante a la gestion de projets"
"7520","travailleur temps plein fonction publique"
"7521","petrolium technologist"
"7522","pdg"
"7523","forced-retired steel producer & heavy equipment operator"
"7524","invalide/a la maison"
"7525","directrice des relations gouvernementales"
"7526","safety inspection"
"7527","conseillère aux ventes"
"7528","conseiller gestion de patrimoine"
"7529","organizational development consultant"
"7530","sales administration"
"7531","medical lab scientist"
"7532","agente d’assurance"
"7533","rédactrice et correctrice"
"7534","director hr"
"7535","proffesional"
"7536","engineer/thermographer"
"7537","admin."
"7538","recieving"
"7539","consultant re: customs"
"7540","crisis responder"
"7541","computer consulant"
"7542","casting associate"
"7543","comms"
"7544","parts"
"7545","préfet"
"7546","communautaire"
"7547","sales / owner"
"7548","quality engineer"
"7549","benefits officer"
"7550","school counsellor"
"7551","gardien de sécurité"
"7552","human resource manager"
"7553","administration clerk"
"7554","warehouse reciever"
"7555","convention planner"
"7556","skills translation coordinator"
"7557","automotive industry technician"
"7558","hse manager"
"7559","retraité et travail partiel"
"7560","full-time student working part-time"
"7561","civil engineering"
"7562","cadre udem"
"7563","italian language instructor"
"7564","financial advisor / contact center support"
"7565","ouvrier d’entretien"
"7566","professionnel santé"
"7567","pse"
"7568","vidéojournaliste retraité"
"7569","event planner / property manager"
"7570","professeure de français"
"7571","cons sup"
"7572","professor/owner"
"7573","receptioniste"
"7574","chargée de cours"
"7575","transport service sales"
"7576","professionnel travail de bureau"
"7577","senior public affairs advisor"
"7578","accounts manager"
"7579","admistration"
"7580","healthcare aide"
"7581","travail enseignement"
"7582","exec director home care"
"7583","pension officer at fsra"
"7584","adaptation scolaire"
"7585","self - employed"
"7586","teacher/hairstylist"
"7587","inspecteur douane"
"7588","auto/truck technician"
"7589","police constable"
"7590","réviseure linguistique"
"7591","television production"
"7592","gardienne"
"7593","communications and matketing"
"7594","data engineer"
"7595","student currently, retail previously"
"7596","ritired"
"7597","telephony"
"7598","gestion entreprise"
"7599","owner/partner"
"7600","hr construction"
"7601","responsable de services environnementaux"
"7602","directrice habitation"
"7603","chargé de projet"
"7604","mariner"
"7605","direction d’un établissement de restauration et résidence de tourisme"
"7606","tech de la santé"
"7607","informaticienne"
"7608","front end debpvelopment"
"7609","home inspector"
"7610","letter csrrier"
"7611","agente indemnisation"
"7612","payroll and benefits administrator"
"7613","aircraft maintenance tech"
"7614","travail dans une épicerie temps llein"
"7615","directeur d'un organisme communautaire"
"7616","investor relations"
"7617","self employment"
"7618","fitter"
"7619","self employed landscaper/yard owrk"
"7620","manager mcdonalds"
"7621","conseillère en implantation service paie et rh"
"7622","technicienne en pain"
"7623","clinical neuro psychologist"
"7624","secretary and cashier"
"7625","student support worker"
"7626","retired/ disabled"
"7627","garbage"
"7628","it software analyst"
"7629","blacksmith"
"7630","massotherapeute"
"7631","pressier"
"7632","student. grocery store employee."
"7633","sales adviser"
"7634","vétéran retraiter médical"
"7635","chef cuisinière"
"7636","credit and finance"
"7637","commis de magasin"
"7638","education administration"
"7639","criminologist"
"7640","cuisiniere et service"
"7641","conducteur"
"7642","manager/ accountant"
"7643","it pm"
"7644","self-employed consultant"
"7645","caissière banque"
"7646","student right now"
"7647","directeur établissement scolaire"
"7648","clerical/secretary-reception"
"7649"," contract manager"
"7650","ecart salarial"
"7651","coordo"
"7652","conseillère principale en ressources humaines"
"7653","technicienne en architecture"
"7654","microscopist"
"7655","sustainability consultant"
"7656","leased operator"
"7657","cyber security"
"7658","machine operators helper"
"7659","aircraft maintenance"
"7660","retraite travail pharmacie"
"7661","food production operations manager"
"7662","service de garde en milieu famillial"
"7663","rcmp civilian member"
"7664","childcare supervisor"
"7665","extruder operator"
"7666","locksmith"
"7667","traductrice/enseignante"
"7668","health educator"
"7669","sous-ministre adjoint"
"7670","civil servant for federal govt"
"7671","ap admin"
"7672","communications/retail"
"7673","retail rep"
"7674","photographe / caméraman"
"7675","technicienne en ingenierie"
"7676","skilled professional"
"7677","education-special ed."
"7678","journaliet"
"7679","ade sociale incapacite severe"
"7680","sales rep."
"7681","retired with small farm"
"7682","dental tech"
"7683","poet"
"7684","technicien en documentation"
"7685","préposer au bénéficiaire"
"7686","cn rail information systems"
"7687","technicienne de bureau"
"7688","customer service representative trainor"
"7689","dba / system analyst"
"7690","temp partiel"
"7691","chief clerk"
"7692","tim hortons employee"
"7693","healthcare assistant"
"7694","technicien rf"
"7695","wholesale distributor"
"7696","account analyst"
"7697","maud"
"7698","opérateur de machineries lourdes"
"7699","directrice magasin"
"7700","education admin"
"7701","management position"
"7702","series animation director"
"7703","directrice de cpe"
"7704","government official"
"7705","full time caregiver to disabled daughter - homemaker"
"7706","jsne"
"7707","airline customer and service agent"
"7708","représente service clientèle"
"7709","client service administrator"
"7710","qa deployment manager"
"7711","etudiant temps plein et travailleur autonome temps partiel"
"7712","gestionnaire de comptes"
"7713","assistante en service de garde"
"7714","service a la clientèle"
"7715","comptable professionel agréé"
"7716","géomaticienne"
"7717","technologiste médicale"
"7718","property owner"
"7719","ssw"
"7720","directrice service clientèle"
"7721","commis-achat"
"7722","humanresource"
"7723","health care senior management"
"7724","social services program supervisor"
"7725","commis à la réception des marchandises"
"7726","clergy person"
"7727",". mecanicien auto"
"7728","auteur, musicien, assureur, et +"
"7729","qa inspector and payroll"
"7730","principal of school"
"7731","économiste retraité"
"7732","graphic artist, photographer, web designer"
"7733","lab tech, optical"
"7734","regional business manager"
"7735","directeur de comptes entreprise"
"7736","employe à templ plein"
"7737","transportaion"
"7738","community planner"
"7739","directeur télécommunication"
"7740","it solution architect"
"7741","pianiste"
"7742","research and development quality management"
"7743","uvuvyftgjt"
"7744","chercheure"
"7745","income tax analyst"
"7746","computer systems analyst"
"7747","overnight fulfillment"
"7748","aide-bibliothécaire"
"7749","uber driver"
"7750","directrice des promotions et marketing en milieu radiophonique"
"7751","conseillère en risques opérationnels"
"7752","business manager high tech"
"7753","advocate"
"7754","cadre au gouvernement"
"7755","sorter logistics"
"7756","self employed book keeper"
"7757","icqa"
"7758","campground owner"
"7759","restauration et hôtellerie"
"7760","accompagnement"
"7761","acheteur informatique"
"7762","data warehouse developer"
"7763","gestionnaire, cadre"
"7764","youtubeuse"
"7765","student/ teaching assistant"
"7766","lettreur commercial"
"7767","technicienne agricole"
"7768","resource counselled in a junior high school"
"7769","receptionniste"
"7770","wtech"
"7771","services bancaires représentante"
"7772","program director"
"7773","en affaires"
"7774","inhalotherapeute"
"7775","technicien de service"
"7776","négociatrice"
"7777","météorologiste"
"7778","retraiteé"
"7779","community peace officer"
"7780","general handyman"
"7781","technologue en électrophysiologies médicales"
"7782","transportation director"
"7783","nonprofit sector management"
"7784","strategic advisor"
"7785","cadre supérieur direction générale"
"7786","director it/is/mis"
"7787","armed forces"
"7788","clerk for city department"
"7789","aviseur"
"7790","vp communications"
"7791","ceo financial sevices"
"7792","retrirer"
"7793","inapte a l’emploi temporaire"
"7794","healthcare manager"
"7795","officier de navigation pour la garde côtière canadienne - fonctionnaire fédéral"
"7796","entretien"
"7797","réflexions personnelles"
"7798","airline crew"
"7799","food delivery (cyclist)"
"7800","conseillère en gestion"
"7801","tra"
"7802","retraite et auparavant camionneur"
"7803","prosecutor"
"7804","sales and customer service"
"7805","vocational services"
"7806","caseworker within court system"
"7807","agent de communication"
"7808","etait aux communications avec le citoyen"
"7809","environmental enforcement"
"7810","oilfield supply"
"7811","employée professionnelle à temps plein"
"7812","attachée de direction"
"7813","dog breeder"
"7814","manuel worker"
"7815","land use planner"
"7816","recreation officer"
"7817","directrice adjointe cpe"
"7818","civic employee"
"7819","traffic control"
"7820","network marketing"
"7821","health promotion consultant"
"7822","corporate video production"
"7823","labour manufacturing"
"7824","city parks landscaper"
"7825","agente principale"
"7826","business sales"
"7827","responsable de groupe"
"7828","crown prosecutor"
"7829","professeure de musique au privé"
"7830","gestionnaire services administratifs"
"7831","courtier en assurances"
"7832","secretarial (executive)"
"7833","labour relations specialist"
"7834","adjoint direction"
"7835","mathematical researcher"
"7836","agent gestion de changement"
"7837","cop"
"7838","manager systems & software"
"7839","commerçante"
"7840","admin supervisor"
"7841","client service representative"
"7842","postdoctoral fellow"
"7843","ceo/ partner"
"7844","clerical support"
"7845","finisseuse de meubles"
"7846","contractor o/o"
"7847","développement territorial"
"7848","owner of advertising agency"
"7849","city employee"
"7850","technicienne en service de garde milieu scolaire"
"7851","represantant des ventes"
"7852","inventory technician"
"7853","analyst programmer"
"7854","military, finance"
"7855","tech adm"
"7856","aquatics director"
"7857","adjoint ressources humaines fonction publique fédérale"
"7858","federal government executive"
"7859","conseiller communications"
"7860","aerospace buyer"
"7861","municipal government general manager"
"7862","news reporter"
"7863","freelance writer and editor"
"7864","agente de bord"
"7865","security guard with police"
"7866","technicienne en travaux pratique"
"7867","non-profit specialist"
"7868","oilfield"
"7869","senior software engineer"
"7870","conseillère principale en innovation"
"7871","govt. auditor"
"7872","guitar tutor"
"7873","directeur d'école"
"7874","restaurant general manager"
"7875","electronic assembler"
"7876","banquier (directeur succ)"
"7877","spécialiste de central de surveillance/alarme"
"7878","publuc servant"
"7879","analyste économique"
"7880","academic, researcher"
"7881","percepteur des amendes"
"7882","book seller"
"7883","oss"
"7884","mécanicien camions lourds"
"7885","public health specialist"
"7886","resaler"
"7887","homme d.affaires"
"7888","fireproofer"
"7889","customerservice"
"7890","software analyst"
"7891","éducatrice à l'enfance"
"7892","retired pharmacist"
"7893","resturant cook"
"7894","stage"
"7895","document control manager"
"7896","executive producer"
"7897","conceptrice pédagogique"
"7898","clinical liaison"
"7899","partner - accounting"
"7900","réparations"
"7901","educutor"
"7902","pipeliner"
"7903","government administrator"
"7904","agent  de service"
"7905","managetr"
"7906","lobbyist."
"7907","information & privacy specialist"
"7908","génie biomédical"
"7909","contracting officer"
"7910","document controller"
"7911","salvation army community services worker"
"7912","ménagère"
"7913","travailleur à temps plein et entrepreneur en immobilier"
"7914","caf/pubic service"
